user_id,N,mu_norm,sigma_norm,ratio_sigma_over_mu
AF7LCMKDXRTT5HLQRLC4Z7C2C2DQ,10,572.1556,268.8206,0.4698
AGZ2367HI7GZ5GRNZJFGG3VMPZLA,10,514.7014,171.2982,0.3328
AHKOEEKH4SLCLEMAR5YCS4FKMS6A,10,705.3731,166.5107,0.2361
AG3QUFIVOQ2WTVK3GPE34FDES57A,10,593.0640,266.7705,0.4498
AGV7MJIYWVS7UVMOHQW5FYIEQC3A,10,778.7815,489.7195,0.6288
AGZIBDQ3D7BRKY7DVKB76XTWV52A,10,818.4663,223.6501,0.2733
AE75H4JVORAPLLQO3MAC3FRN4MAA,10,800.0752,455.3397,0.5691
AEQCZRWLHYXFS4QI6UEORJYM4BKQ,10,769.8714,438.6100,0.5697
AE2D3KGDRDJH7G4HXN3GTND5IPLQ,10,560.9163,165.0389,0.2942
AF4DEGIQ6C7TB4CHIWRXZACZOH5Q,10,636.6094,156.7342,0.2462
AFBJTBLXC6U3IMQB4RIPPSBCORLQ,10,907.2448,287.0543,0.3164
AE6PSXRFBXPR4AHQKR2TQC56EKKQ,10,766.0605,342.1467,0.4466
AECSBI2WN54PZ6JTA3MLM6WUN47Q,10,693.8268,383.1983,0.5523
AEYKTZXAWOPJG5MGGMKBLRJR6Q3A_2,10,850.1104,433.9750,0.5105
AFZTFBCA2JGXFPHJYUOU33TJKP5Q,10,739.6351,218.2302,0.2951
AE4D7ZEYV4QNO3O44AHU7NAJCYLA,10,438.5856,171.9690,0.3921
AE5WIXDVVE4ELVZ3GTARNEEVOBKA,10,649.8115,273.4988,0.4209
AEQXZCNKESE5KNCYCQZROO7GZRKQ,10,619.9696,159.2539,0.2569
AF7ONCCYEZYUVOL3GHBGUNXRISOA,10,600.2029,392.2014,0.6534
AHCALY2KFPY6J65IJAZJQHIDAEGA,10,615.9083,228.3543,0.3708
AHGVHBZZ3SJIXLAZYKE3BUXRBW6Q,10,749.0941,320.7476,0.4282
AGKYNKDZKGZJONU6HPIMXMUTCFSQ,10,474.3838,178.2338,0.3757
AHRNMCEMAIL7GCJZV7KUAO4FJPTQ,10,709.2709,301.5560,0.4252
AF6BAP7PONMFFA5LTZZY7SN6ANDA,10,497.9796,244.9979,0.4920
AEIIRIHLIYKQGI7ZOCIJTRDF5NPQ_2_2_1,10,622.3140,152.3376,0.2448
AEUOFJ7IEGXHNGNVGLC4BQQ7XOIA,10,504.4961,145.9059,0.2892
AHA2VLVJNU3BGAVHMXWKO7WKCGXA,10,801.6929,358.0518,0.4466
AGF6TCJ5DIUYHXKWWLFKAY2HUIXQ,10,742.2346,245.0128,0.3301
AEHTE2TSRQVOUF5DERVN3V5W7EMA,10,639.3800,331.7495,0.5189
AFNI2C3GRBCPIQOT3H66FUQYRPJQ,10,916.4988,449.0020,0.4899
AG4I7OL7GICMY4PRESVKVW4HK6TQ,10,477.7327,146.5733,0.3068
AGYTVPTJ44JFQREJVK3GIMERZADA,10,943.4612,337.7776,0.3580
AEFYY4OQWFEI5GGGONXYESM5S5BQ,10,582.4915,291.3065,0.5001
AFEAZ3JN6U6RGEXBS5RLG3GQKPOQ,10,907.0616,287.5706,0.3170
AERIK7GJLZAGV7WSQ27O6LPAEVHQ,10,654.1094,340.6802,0.5208
AGH2BA6TQ43WVJL2HXW53TOBIWPA,10,408.6865,172.7169,0.4226
AFTAXGFUHVRCHPOVABUAO25E7XUA,10,642.9242,212.1729,0.3300
AEL4PBKFH7QOW74BY4ZYRZKKRAJA,10,805.6140,309.7082,0.3844
AEP4KJDGBH6XPJKFEHPYSAPUNDBQ,10,679.7207,239.7727,0.3528
AHZTEZKKMQTPNZW3AYURV4YDN42Q,10,594.8036,249.8391,0.4200
AFJYUDW2LLMAVP2L5F7FQPYGWP6Q,10,859.6245,279.5574,0.3252
AFVAUF5XDUB2H6MA2ND3VFEO5E2Q,10,627.9984,206.4191,0.3287
AHZ4TADPCXAAIKTFERGG5YB4BNQQ,10,1006.8658,327.8368,0.3256
AGYIQYQKJSRVSDJUPW6Z5KNI3GRQ,10,751.4111,473.0895,0.6296
AGSCLYM6ICDUYZPNL2EVMDECTYVA,10,738.2335,258.3590,0.3500
AEJUJLXYEFXUHS4YQTETBDYWZUXA,10,799.1918,334.1069,0.4181
AH3T7SU7USHPJ26STB3EGNFTDPSA,10,650.6221,181.4048,0.2788
AETQ662T5IP4NC524RTVV6ZWNOBQ,10,674.5402,232.7999,0.3451
AG4ZQI4W2WQ5PF5CBX4OHHVCJH5Q,10,464.2153,287.9931,0.6204
AFPSDKWBOKQRKTD2GCKDOG5KMHJQ,10,1070.5499,465.9032,0.4352
AET7LRH6MCYVFN4IELYHTGCRPE6Q,10,956.8859,218.3141,0.2282
AED3PQGKE2MP7OA6YA7ITROMHQEQ,10,564.3208,287.2899,0.5091
AFNWEYQ6IYHI6PXIDURCBE62P2BA,10,507.2110,167.3780,0.3300
AF4UB2PGVLHK45WF7I6OED36OQDA,10,644.1962,268.3848,0.4166
AHAFS4E6NJTO64CTO5KBPTN7KF5A,10,554.1370,289.5388,0.5225
AFP2CXPW657I6PLKLC7XRPJWUFJQ,10,660.1218,254.7739,0.3859
AGUREQYPLUPVADJ46BNP2KHJT4CA,10,487.3062,224.5233,0.4607
AGNWFBNXATPJXGLZ24PZ42I47Q6A,10,645.6923,361.6763,0.5601
AEMT3I6AICC5YI7Z5G2V4LEGYKPA,10,956.4271,366.6118,0.3833
AHUWSVWSUJVHIDMX4QGBQBTYDG5Q,10,707.6947,260.4375,0.3680
AESVYYXWEFTU2N53XMDLBA45DDYA,10,706.4894,195.3699,0.2765
AED4A5D3XDKTGB566GFP7YQLSHBQ,10,634.4149,335.0561,0.5281
AG5LC5HSFYGJSK3AQGHEFHKX6ZWQ,10,841.0706,346.1931,0.4116
AED3HJLTUSJQBBK6H6726ARBBH6Q,10,557.6381,246.3637,0.4418
AGATU6QOCPNIZ3BFMXICJCKNGN2A,10,767.9227,324.4765,0.4225
AEWHLGO6FWZ4ZO7N6TX7I2FYO6EA,10,454.1362,131.3919,0.2893
AFVPNHXKNRBIA6WJV2DQBR3BUIJA,10,1078.6702,317.8988,0.2947
AFLZUVWTQ54JZIKLCEW3YIMUGHHA,10,716.6871,221.1174,0.3085
AE3RVPQUALI4HMJUOSE6YE4VVMUA,10,641.6193,396.7717,0.6184
AHDNIUCTSZAY4XEMCN3QKD6NHY4Q,10,788.9279,330.2811,0.4186
AH5DZ3X7JLNNTZU6QNP72JXJ5NQQ,10,571.2037,271.2250,0.4748
AEOYWMLWQX43VA3EE4SZAZK4AOMA,10,826.5994,288.3651,0.3489
AFO2SXNWPO3ZX5SFC226HLM65YRQ,10,584.7244,154.4990,0.2642
AEDVEEUD4NZX7NYETDDN5N3HBJEA,10,651.8419,266.2250,0.4084
AEIIRIHLIYKQGI7ZOCIJTRDF5NPQ_1,10,855.7979,336.4162,0.3931
AFYVMSSEWRVG6CEOM4PF7J6SSDUA,10,438.9671,220.6714,0.5027
AHV5LMB2ZZ3QGYIYZ6RPDTL4OWBA,10,602.4535,382.9416,0.6356
AH5ESWZG6Q5ZEBQTOVP3NMJ5XYWA,10,743.3712,257.2029,0.3460
AHQQJATBFWW5TORPLQ4LQOGXKIWQ,10,886.3613,482.4849,0.5443
AFJ6BZFH6T6LBXYN5NKMBPTHRGDA,10,579.2716,164.0387,0.2832
AGAQBOI26SMK7M5KPF4PFK2S4OKQ,10,787.9687,267.1847,0.3391
AHCZ6MJHUWGYWZ3SXMD3QBBOFAPA,10,734.2121,261.9058,0.3567
AG3CK7F7NP5GM6BN6OHZJRWWF7QA,10,527.9500,235.6884,0.4464
AFR35RN5SZKFP7XCLRQLU7XDJQJA,10,839.3060,458.2949,0.5460
AF77WIID7TAGOWST2NGGZQIRMEOA,10,534.5667,206.4068,0.3861
AGC75KXFQTQTZ2RODT3RT4GNYIJA,10,689.1572,170.2798,0.2471
AELU7VBQWQH7VMYK6Q3CIU5C43RQ,10,492.8295,194.3974,0.3945
AH7EYATKZABJLZPV74F2UTJVZZKQ,10,564.0239,181.2568,0.3214
AEESOLSSR4LALOZ372WQ2PZBLLSA,10,752.6108,318.6970,0.4235
AEJKZRNBES64Q4UGI2WK6DEPL6OA,10,640.3015,405.4715,0.6333
AF43BDFHZRMABFFB57FXB5RVIXAA,10,581.4834,334.0253,0.5744
AGSIU3JOYC6CJLFFB7APDN3UGSHQ,10,518.2104,157.6757,0.3043
AF4AYT2KDUA3BZUYDOV54XGILQ2A,10,603.0677,412.8876,0.6846
AGW7SXB5FPGXDQKSUWGAGBTIUCKQ,10,885.1243,162.8947,0.1840
AEVZGLYUEQEYH3ACTQCPBU65KIKQ,10,807.7764,246.4415,0.3051
AFDNVPMB44ZS5O2CSJTL47BI2QTQ,10,807.8389,375.9858,0.4654
AHZGQXTGR3WB6CQR3PP2TB2YPTUA_2,10,514.4954,180.1283,0.3501
AFACZSTCNX6VMUJQGUK3YVE6CK5Q,10,866.7802,286.1577,0.3301
AFWG3VCBDRXV4MMDNVOFWS7J4TDA,10,547.1533,322.4191,0.5893
AGFUGF7QX5W4NIJ5NJISSMNZIILA,10,627.5511,278.4154,0.4437
AEBJEFYQMDZGCOGQMVO5OUL7C6TQ,10,790.7146,353.9908,0.4477
AH42YC4C6K5PQ4ZMRZXRRGKELWCQ,10,1012.5005,402.3172,0.3974
AFVOZ4UNUZKEQ7GTQ3IHQY7PZ5FA_1,10,726.3726,270.5950,0.3725
AEIIRIHLIYKQGI7ZOCIJTRDF5NPQ_2_1,10,761.1641,384.4742,0.5051
AHAZFJIG2P27OH4KLTR2SMWMKW6Q,10,623.0556,241.9226,0.3883
AHPG65LKS3QKRWDUWAKZNLEK5RZQ_1,10,905.7092,305.1783,0.3369
AGYAFULM2L6YNLWUQWAM6SKXYGVA,10,900.9384,272.6522,0.3026
AE5MYIUHLA3BAMM2MFJXJQN6UPRQ,10,944.4059,340.2048,0.3602
AHZRUCQACCVHJ5W7VTYWOTZICVAA,10,625.6086,215.9603,0.3452
AFFSSZFCSN4TEOSSF23HO7ZOYD6Q,10,438.5080,138.9588,0.3169
AHVSRNKOWB3QKDODMMYIBX4MGZXA,10,781.2253,206.8836,0.2648
AE2B5CUQIA5ULZCR34UOPOXROEPA,10,649.9683,389.1154,0.5987
AETXGCF36FY7PP3RNVGTGZVWXO7Q,10,611.0677,316.6747,0.5182
AFMRNKCMPCQ5LK26BNF6TCIOUJOQ,10,607.3330,258.7744,0.4261
AFCMHYJTBQ6PGQWDCDWX2KP4GJ5Q,10,832.4639,297.6730,0.3576
AHNDQTIDT42KUEXE7PRP45ODX5IQ,10,908.2247,348.2933,0.3835
AGBWD5VMK2NVIAIXF7OINPOSC46A,10,1113.1759,204.2719,0.1835
AFQGXKKBN5V3V5V7CY42FCQTAYHQ,10,669.6235,345.1953,0.5155
AFO33UNM62QYS3SHDST3HB2SXSXQ,10,687.7562,123.4256,0.1795
AHS5FPE6RHE4ITJ4SAVI67YVRNOQ,10,892.6463,232.0523,0.2600
AFXKCGO537IZNJ7PULRMGKGU67RQ,10,669.9479,266.1412,0.3973
AGLWDF5SJNRNIW2HHSD6ZPADUHQQ,10,458.9857,133.9896,0.2919
AEE33OSHYGNPVW65BJVDZQ5QWWUA,10,444.1513,222.9170,0.5019
AF7P3N4WIHMAVATNPD5MCDI5Y2KQ,10,717.0175,375.8969,0.5243
AEIOYAYGE2AU7LWLFRYRX4XPOWIQ,10,763.9925,170.6099,0.2233
AFLOM6HXIM7CJECSEUDVO4I3JXBA,10,714.2502,385.8403,0.5402
AGPIQK2GLZQLAF3BOENG2KHDXFVA,10,515.3196,160.8197,0.3121
AE23NZUELB4BYWLHKWJXAS73PTSQ,10,469.5162,198.6258,0.4230
AF7R4OC3YUOI77VS55Y3B3XSN2OQ,10,665.8671,178.3264,0.2678
AGK6P7T6FVUJW7W7Q5UJKJWF3NGA,10,819.6445,384.4445,0.4690
AFUAKR7T37ENPSFCNQFHAAWRCVLQ,10,457.0838,193.9489,0.4243
AF6VZKYEJNO5IW6KCGKGZBMDKORA,10,632.0029,320.2404,0.5067
AFCE2BOTILWKUHLAHIK5QHTOPFJA,10,811.3120,462.7485,0.5704
AEYSO6GNRBHDXBDQ643LNCN5W7VA,10,819.9968,205.0639,0.2501
AFUCVWOPZLX7CRPZU4OLX4BWVINQ,10,1162.7236,282.4503,0.2429
AE5IMGWRBJA7JQFBQTBK25HDYGVA,10,642.2072,243.8354,0.3797
AHAUPRV26D4WPQN2JIJUWUZQM7WA,10,1072.0664,306.1458,0.2856
AGLGCQJ6R7DK2HOZRYGHMQ7D6BTA,10,577.5220,287.4021,0.4976
AEVIVDBW7OKSXHS2P7KPTBSPPU7Q,10,852.0668,234.5134,0.2752
AET4MQOLSTJDNAS27VF6JATZECGA,10,924.3254,281.5513,0.3046
AH5VDE2Z5X2ZBRZ3IYMSCVW7ZWFQ,10,694.0547,224.5376,0.3235
AE6JXZ2HEEC3RLKQ23MI2JSCXSNA,10,870.8396,343.2287,0.3941
AFMTB6XAI3YBCJVTOGKOFJU3LUOQ,10,927.6331,324.8514,0.3502
AHWREDWG6T4UG4D5IKFYGCRCRVSA,10,934.5607,252.7322,0.2704
AF4T3AQXLGSWBXPJV3RI2DBPEYUA,10,433.2747,185.1029,0.4272
AGUZIRNJXRWDW42Y6CFVVYV3XLDA,10,452.8145,160.5351,0.3545
AH2JKHXWYTOQT3N2FH5QPJWKSRTQ,10,642.8304,290.8235,0.4524
AFKLEJK2Y4TKTISZMHKTHX3KCEYQ,10,788.7112,347.0887,0.4401
AFAGLQ3MJPGL5736PU4ECCH6JIDA,10,428.7915,179.0363,0.4175
AGIDJMSMKVJIHG23IYLC7OX5NG4A,10,772.5683,326.8473,0.4231
AGGQPSSYKEUIDKQK5CJSZHWVU7CQ,10,728.1631,283.6391,0.3895
AEKV4Q3JUQTQA2UR7PH7QLUHUTTQ,10,664.1462,382.7803,0.5763
AEYVCA7335K6ZSPAFZ2DEQGVPU3Q,10,776.1023,370.7082,0.4777
AHKJQPQ2NLTXMC4BL7KN5LSO5HZA,10,497.0185,194.9162,0.3922
AHUOOO3WCQNZA4MQPWHAOEUEQ4YQ,10,582.7623,269.2146,0.4620
AHSNEADAVKGQVSQB32NT34W7YQAQ,10,504.1824,217.4759,0.4313
AGSLJQOUHG4HEY3F6PC2TMUXDETQ,10,516.3955,187.4121,0.3629
AHPG65LKS3QKRWDUWAKZNLEK5RZQ,10,905.7092,305.1783,0.3369
AFQ7UPBGZKPGBZGMUALGKNGUGHIQ,10,761.5380,481.7067,0.6325
AE35OPCE4E5LOQAODQT5QTD5SFIQ,10,740.2711,300.7408,0.4063
AH4WEBZJR7MVVWIQFUYNPKKGRCWA,10,1187.2517,347.9616,0.2931
AEFI22B7AS3VNNKN4DC5HADG77QQ,10,574.5654,188.9933,0.3289
AESDV676IPKF5Z2C2JJHNZDXZ4NA,10,741.3799,334.1410,0.4507
AEEMHCO2KYLSSU547E7HNK4PMAMA,10,650.7880,265.4781,0.4079
AGDOGDBA3K4KIWTOCBCWKC5C6NEQ,10,834.5710,407.5068,0.4883
AEA7GX2M4IUP4OTI7VFQ5QW35MGA,10,832.9586,306.5614,0.3680
AGHL4KJXMKZQKJUU5YIBPEM33YUQ,10,600.7465,267.8875,0.4459
AEGJUYLQ33YRTQUTCMCJNFRQ7SMQ,10,1097.5973,250.0202,0.2278
AHOHXQZCEU3KDM3TPKZRNCJ3ITVA_2_2,10,760.1412,276.7121,0.3640
AEIEKUH6Z6OH2GVPS35MCF6C2YNQ,10,633.7138,322.1823,0.5084
AG7G7N62KQJ7MLTZ7ZYA5LRCMTNQ,10,931.7857,261.3962,0.2805
AFCAOJBDIAIIQUFMWEPZ4NCEL2PQ,10,688.3063,391.0056,0.5681
AEHAVZPKBIAPB7BTJJJ3RKGUIHAA,10,658.4932,140.8879,0.2140
AESPFWNUHN4G246P5CIB4BE5F7RQ,10,705.1298,445.4364,0.6317
AFZBRVQRMNE3RV6MZUYG4E5MZP2Q,10,714.2144,285.5743,0.3998
AEMMJOZ6MN462IVHK6GDTN2OWT6Q,10,998.3354,298.5251,0.2990
AGK7LQIMYOFD5UR6JTJYQNQHIP4Q,10,851.9219,403.3089,0.4734
AEIGRLFPH5Z3EQ73Z23CJ3WX6R6A,10,619.2021,213.2886,0.3445
AGVKHVURH5XGP6335AZCMGNTAAMQ,10,411.5162,139.6998,0.3395
AEJE3IIDZTTU3P36LWRHKGROEVIA,10,937.7350,368.2789,0.3927
AGBMWG5RST3LJWQ2YSOEISPVKSBQ,10,613.8597,258.3506,0.4209
AFNMO3HUDOYJG3NUBPQBY7Q6LKKA,10,780.4216,368.3148,0.4719
AF4MF2TEL724JVL42HY3LH2EZEOA,10,1019.9797,395.7372,0.3880
AH5ONINJRNZ674DXUMV4RMYIFYVQ,10,772.8781,451.8798,0.5847
AF7TP6AYY2MOQ5YZ7UZN2U53GY5Q,10,902.5032,393.1041,0.4356
AG2XUDCCLTNCSR4AEIZ4UHZRFOSQ,10,447.8160,201.6761,0.4504
AE6SPZALZWZRHJVUFJD2YZWQ6LXA,10,818.8201,277.8275,0.3393
AHOEMNCGNZJMIS5RHBTTKMDDQU3A,10,896.9605,183.1852,0.2042
AG7PZ2PX5RJBIQYTFNIRY5QOWSOA,10,488.3204,203.5763,0.4169
AENGGJFDKQ2NVKLH5AASUYFZMXXQ,10,689.3491,224.9269,0.3263
AHGFE65TS742WVLX5LVITKOZM2CA,10,581.2499,159.1588,0.2738
AGN5KJZU3FYSKVWXWM66LXYWL5CQ,10,800.9543,359.2383,0.4485
AECKJ7U2IZYLGOYRGP62GJECL4GQ,10,848.6719,317.8512,0.3745
AHLA24J43UD2AKTINUBUWKEDPQHQ,10,646.2719,345.9591,0.5353
AE3RLEXEQRD2K7SCXE7HBCOMRDTA,10,909.8565,407.0084,0.4473
AEB2KGGJANOW27FHME4SJ3IIFGIA,10,696.6440,332.0871,0.4767
AGAG2PQ2KCR5GMH3CMIBKCBOZQSQ,10,548.5825,282.2531,0.5145
AHDKNBCGKFE7YQJCLD5CSAVGDKTA,10,788.0629,365.3173,0.4636
AF7LCMKDXRTT5HLQRLC4Z7C2C2DQ,20,606.0729,227.3952,0.3752
AGZ2367HI7GZ5GRNZJFGG3VMPZLA,20,515.7023,153.2933,0.2973
AHKOEEKH4SLCLEMAR5YCS4FKMS6A,20,714.6352,190.3292,0.2663
AG3QUFIVOQ2WTVK3GPE34FDES57A,20,634.5587,284.0999,0.4477
AGV7MJIYWVS7UVMOHQW5FYIEQC3A,20,662.4724,417.0001,0.6295
AGZIBDQ3D7BRKY7DVKB76XTWV52A,20,669.8328,273.0308,0.4076
AE75H4JVORAPLLQO3MAC3FRN4MAA,20,846.7555,443.3899,0.5236
AEQCZRWLHYXFS4QI6UEORJYM4BKQ,20,954.0275,499.8923,0.5240
AE2D3KGDRDJH7G4HXN3GTND5IPLQ,20,561.4890,187.1150,0.3332
AF4DEGIQ6C7TB4CHIWRXZACZOH5Q,20,759.0007,355.9728,0.4690
AFBJTBLXC6U3IMQB4RIPPSBCORLQ,20,786.8546,350.7605,0.4458
AE6PSXRFBXPR4AHQKR2TQC56EKKQ,20,730.7180,282.9048,0.3872
AECSBI2WN54PZ6JTA3MLM6WUN47Q,20,746.9510,366.4820,0.4906
AEYKTZXAWOPJG5MGGMKBLRJR6Q3A_2,20,804.7506,443.0516,0.5505
AFZTFBCA2JGXFPHJYUOU33TJKP5Q,20,765.0239,300.7560,0.3931
AE4D7ZEYV4QNO3O44AHU7NAJCYLA,20,547.9578,251.0737,0.4582
AE5WIXDVVE4ELVZ3GTARNEEVOBKA,20,717.3260,343.2019,0.4784
AEQXZCNKESE5KNCYCQZROO7GZRKQ,20,684.6191,181.7906,0.2655
AF7ONCCYEZYUVOL3GHBGUNXRISOA,20,527.2719,314.4540,0.5964
AHCALY2KFPY6J65IJAZJQHIDAEGA,20,716.9271,247.2942,0.3449
AHGVHBZZ3SJIXLAZYKE3BUXRBW6Q,20,842.1005,418.0737,0.4965
AGKYNKDZKGZJONU6HPIMXMUTCFSQ,20,510.4922,266.1327,0.5213
AHRNMCEMAIL7GCJZV7KUAO4FJPTQ,20,636.0430,297.9876,0.4685
AF6BAP7PONMFFA5LTZZY7SN6ANDA,20,567.5708,343.3893,0.6050
AEIIRIHLIYKQGI7ZOCIJTRDF5NPQ_2_2_1,20,690.7988,265.8134,0.3848
AEUOFJ7IEGXHNGNVGLC4BQQ7XOIA,20,515.8578,164.3283,0.3186
AHA2VLVJNU3BGAVHMXWKO7WKCGXA,20,739.9188,324.6294,0.4387
AGF6TCJ5DIUYHXKWWLFKAY2HUIXQ,20,754.6553,292.0520,0.3870
AEHTE2TSRQVOUF5DERVN3V5W7EMA,20,549.8387,302.1245,0.5495
AFNI2C3GRBCPIQOT3H66FUQYRPJQ,20,903.8333,363.6682,0.4024
AG4I7OL7GICMY4PRESVKVW4HK6TQ,20,441.5709,136.4434,0.3090
AGYTVPTJ44JFQREJVK3GIMERZADA,20,879.6677,354.0293,0.4025
AEFYY4OQWFEI5GGGONXYESM5S5BQ,20,575.8098,298.9765,0.5192
AFEAZ3JN6U6RGEXBS5RLG3GQKPOQ,20,874.6063,279.5105,0.3196
AERIK7GJLZAGV7WSQ27O6LPAEVHQ,20,643.2347,282.3225,0.4389
AGH2BA6TQ43WVJL2HXW53TOBIWPA,20,400.6620,184.8506,0.4614
AFTAXGFUHVRCHPOVABUAO25E7XUA,20,578.2267,210.0869,0.3633
AEL4PBKFH7QOW74BY4ZYRZKKRAJA,20,760.5349,338.2683,0.4448
AEP4KJDGBH6XPJKFEHPYSAPUNDBQ,20,677.3308,320.4125,0.4731
AHZTEZKKMQTPNZW3AYURV4YDN42Q,20,596.0516,245.4785,0.4118
AFJYUDW2LLMAVP2L5F7FQPYGWP6Q,20,879.9989,350.1942,0.3979
AFVAUF5XDUB2H6MA2ND3VFEO5E2Q,20,576.4996,249.0888,0.4321
AHZ4TADPCXAAIKTFERGG5YB4BNQQ,20,956.5337,338.5052,0.3539
AGYIQYQKJSRVSDJUPW6Z5KNI3GRQ,20,682.4108,385.0036,0.5642
AGSCLYM6ICDUYZPNL2EVMDECTYVA,20,724.5310,281.6032,0.3887
AEJUJLXYEFXUHS4YQTETBDYWZUXA,20,824.3770,291.4999,0.3536
AH3T7SU7USHPJ26STB3EGNFTDPSA,20,718.9496,240.2866,0.3342
AETQ662T5IP4NC524RTVV6ZWNOBQ,20,658.9672,268.9542,0.4081
AG4ZQI4W2WQ5PF5CBX4OHHVCJH5Q,20,478.9719,262.8751,0.5488
AFPSDKWBOKQRKTD2GCKDOG5KMHJQ,20,1019.1667,391.1484,0.3838
AET7LRH6MCYVFN4IELYHTGCRPE6Q,20,857.1373,324.3362,0.3784
AED3PQGKE2MP7OA6YA7ITROMHQEQ,20,591.9926,346.7766,0.5858
AFNWEYQ6IYHI6PXIDURCBE62P2BA,20,536.4565,263.6060,0.4914
AF4UB2PGVLHK45WF7I6OED36OQDA,20,617.9203,247.7722,0.4010
AHAFS4E6NJTO64CTO5KBPTN7KF5A,20,485.6016,229.3891,0.4724
AFP2CXPW657I6PLKLC7XRPJWUFJQ,20,642.1876,262.4695,0.4087
AGUREQYPLUPVADJ46BNP2KHJT4CA,20,436.9955,215.3085,0.4927
AGNWFBNXATPJXGLZ24PZ42I47Q6A,20,700.6764,421.1848,0.6011
AEMT3I6AICC5YI7Z5G2V4LEGYKPA,20,859.9583,408.4566,0.4750
AHUWSVWSUJVHIDMX4QGBQBTYDG5Q,20,775.4653,251.7972,0.3247
AESVYYXWEFTU2N53XMDLBA45DDYA,20,706.1961,229.1865,0.3245
AED4A5D3XDKTGB566GFP7YQLSHBQ,20,681.8558,337.8880,0.4955
AG5LC5HSFYGJSK3AQGHEFHKX6ZWQ,20,827.0132,328.8850,0.3977
AED3HJLTUSJQBBK6H6726ARBBH6Q,20,607.2921,310.6609,0.5116
AGATU6QOCPNIZ3BFMXICJCKNGN2A,20,778.9623,335.9276,0.4313
AEWHLGO6FWZ4ZO7N6TX7I2FYO6EA,20,601.2623,246.0186,0.4092
AFVPNHXKNRBIA6WJV2DQBR3BUIJA,20,1151.4105,342.5990,0.2975
AFLZUVWTQ54JZIKLCEW3YIMUGHHA,20,664.0621,262.8243,0.3958
AE3RVPQUALI4HMJUOSE6YE4VVMUA,20,607.1642,318.7947,0.5251
AHDNIUCTSZAY4XEMCN3QKD6NHY4Q,20,690.6839,270.4319,0.3915
AH5DZ3X7JLNNTZU6QNP72JXJ5NQQ,20,492.8990,228.7737,0.4641
AEOYWMLWQX43VA3EE4SZAZK4AOMA,20,790.5245,350.7714,0.4437
AFO2SXNWPO3ZX5SFC226HLM65YRQ,20,683.3447,267.0646,0.3908
AEDVEEUD4NZX7NYETDDN5N3HBJEA,20,708.4528,301.9618,0.4262
AEIIRIHLIYKQGI7ZOCIJTRDF5NPQ_1,20,807.8497,330.1492,0.4087
AFYVMSSEWRVG6CEOM4PF7J6SSDUA,20,453.8176,206.0885,0.4541
AHV5LMB2ZZ3QGYIYZ6RPDTL4OWBA,20,574.9166,312.5515,0.5436
AH5ESWZG6Q5ZEBQTOVP3NMJ5XYWA,20,708.2931,284.3885,0.4015
AHQQJATBFWW5TORPLQ4LQOGXKIWQ,20,787.6465,446.2944,0.5666
AFJ6BZFH6T6LBXYN5NKMBPTHRGDA,20,582.2745,230.2166,0.3954
AGAQBOI26SMK7M5KPF4PFK2S4OKQ,20,876.7142,290.2548,0.3311
AHCZ6MJHUWGYWZ3SXMD3QBBOFAPA,20,681.1315,241.4801,0.3545
AG3CK7F7NP5GM6BN6OHZJRWWF7QA,20,445.4385,207.1167,0.4650
AFR35RN5SZKFP7XCLRQLU7XDJQJA,20,1004.9363,462.5963,0.4603
AF77WIID7TAGOWST2NGGZQIRMEOA,20,473.7998,234.5926,0.4951
AGC75KXFQTQTZ2RODT3RT4GNYIJA,20,745.4686,234.4243,0.3145
AELU7VBQWQH7VMYK6Q3CIU5C43RQ,20,522.0620,204.2387,0.3912
AH7EYATKZABJLZPV74F2UTJVZZKQ,20,578.4558,223.6811,0.3867
AEESOLSSR4LALOZ372WQ2PZBLLSA,20,634.7386,309.4117,0.4875
AEJKZRNBES64Q4UGI2WK6DEPL6OA,20,639.2369,364.9692,0.5709
AF43BDFHZRMABFFB57FXB5RVIXAA,20,594.5806,288.5373,0.4853
AGSIU3JOYC6CJLFFB7APDN3UGSHQ,20,445.2419,167.5533,0.3763
AF4AYT2KDUA3BZUYDOV54XGILQ2A,20,597.6801,346.5705,0.5799
AGW7SXB5FPGXDQKSUWGAGBTIUCKQ,20,925.3173,283.7210,0.3066
AEVZGLYUEQEYH3ACTQCPBU65KIKQ,20,797.9063,292.6980,0.3668
AFDNVPMB44ZS5O2CSJTL47BI2QTQ,20,860.7913,347.3901,0.4036
AHZGQXTGR3WB6CQR3PP2TB2YPTUA_2,20,548.3828,208.6393,0.3805
AFACZSTCNX6VMUJQGUK3YVE6CK5Q,20,869.0383,379.4803,0.4367
AFWG3VCBDRXV4MMDNVOFWS7J4TDA,20,617.6791,325.4815,0.5269
AGFUGF7QX5W4NIJ5NJISSMNZIILA,20,604.4642,326.9297,0.5409
AEBJEFYQMDZGCOGQMVO5OUL7C6TQ,20,651.4890,385.2175,0.5913
AH42YC4C6K5PQ4ZMRZXRRGKELWCQ,20,868.1413,381.0873,0.4390
AFVOZ4UNUZKEQ7GTQ3IHQY7PZ5FA_1,20,684.8594,314.7643,0.4596
AEIIRIHLIYKQGI7ZOCIJTRDF5NPQ_2_1,20,733.1840,354.4733,0.4835
AHAZFJIG2P27OH4KLTR2SMWMKW6Q,20,648.8676,268.4752,0.4138
AHPG65LKS3QKRWDUWAKZNLEK5RZQ_1,20,964.8378,290.0739,0.3006
AGYAFULM2L6YNLWUQWAM6SKXYGVA,20,918.9141,313.7726,0.3415
AE5MYIUHLA3BAMM2MFJXJQN6UPRQ,20,846.5554,308.9620,0.3650
AHZRUCQACCVHJ5W7VTYWOTZICVAA,20,560.7979,186.8923,0.3333
AFFSSZFCSN4TEOSSF23HO7ZOYD6Q,20,649.6302,389.3097,0.5993
AHVSRNKOWB3QKDODMMYIBX4MGZXA,20,816.9803,261.9428,0.3206
AE2B5CUQIA5ULZCR34UOPOXROEPA,20,586.9172,332.7144,0.5669
AETXGCF36FY7PP3RNVGTGZVWXO7Q,20,668.0234,310.0811,0.4642
AFMRNKCMPCQ5LK26BNF6TCIOUJOQ,20,735.7255,317.3793,0.4314
AFCMHYJTBQ6PGQWDCDWX2KP4GJ5Q,20,805.5035,313.5279,0.3892
AHNDQTIDT42KUEXE7PRP45ODX5IQ,20,677.8444,349.3422,0.5154
AGBWD5VMK2NVIAIXF7OINPOSC46A,20,1051.0026,276.6485,0.2632
AFQGXKKBN5V3V5V7CY42FCQTAYHQ,20,545.2531,318.2609,0.5837
AFO33UNM62QYS3SHDST3HB2SXSXQ,20,726.0978,228.6594,0.3149
AHS5FPE6RHE4ITJ4SAVI67YVRNOQ,20,938.9386,290.9630,0.3099
AFXKCGO537IZNJ7PULRMGKGU67RQ,20,625.8411,250.7320,0.4006
AGLWDF5SJNRNIW2HHSD6ZPADUHQQ,20,544.4387,197.9973,0.3637
AEE33OSHYGNPVW65BJVDZQ5QWWUA,20,461.7577,256.8887,0.5563
AF7P3N4WIHMAVATNPD5MCDI5Y2KQ,20,692.6005,387.9563,0.5601
AEIOYAYGE2AU7LWLFRYRX4XPOWIQ,20,696.4483,266.9665,0.3833
AFLOM6HXIM7CJECSEUDVO4I3JXBA,20,629.7647,392.0838,0.6226
AGPIQK2GLZQLAF3BOENG2KHDXFVA,20,628.1020,294.2817,0.4685
AE23NZUELB4BYWLHKWJXAS73PTSQ,20,466.9312,195.6478,0.4190
AF7R4OC3YUOI77VS55Y3B3XSN2OQ,20,734.2664,349.8976,0.4765
AGK6P7T6FVUJW7W7Q5UJKJWF3NGA,20,769.2557,385.4444,0.5011
AFUAKR7T37ENPSFCNQFHAAWRCVLQ,20,653.0419,338.3077,0.5180
AF6VZKYEJNO5IW6KCGKGZBMDKORA,20,629.2678,320.0412,0.5086
AFCE2BOTILWKUHLAHIK5QHTOPFJA,20,801.1079,384.1061,0.4795
AEYSO6GNRBHDXBDQ643LNCN5W7VA,20,764.3602,271.7095,0.3555
AFUCVWOPZLX7CRPZU4OLX4BWVINQ,20,1184.6378,327.2904,0.2763
AE5IMGWRBJA7JQFBQTBK25HDYGVA,20,526.8328,230.0794,0.4367
AHAUPRV26D4WPQN2JIJUWUZQM7WA,20,861.7112,368.1737,0.4273
AGLGCQJ6R7DK2HOZRYGHMQ7D6BTA,20,593.6616,249.1232,0.4196
AEVIVDBW7OKSXHS2P7KPTBSPPU7Q,20,762.0983,222.9062,0.2925
AET4MQOLSTJDNAS27VF6JATZECGA,20,927.5481,303.9029,0.3276
AH5VDE2Z5X2ZBRZ3IYMSCVW7ZWFQ,20,701.6656,278.8449,0.3974
AE6JXZ2HEEC3RLKQ23MI2JSCXSNA,20,713.6941,339.5237,0.4757
AFMTB6XAI3YBCJVTOGKOFJU3LUOQ,20,950.8709,332.4701,0.3496
AHWREDWG6T4UG4D5IKFYGCRCRVSA,20,832.5307,264.3446,0.3175
AF4T3AQXLGSWBXPJV3RI2DBPEYUA,20,451.8077,205.6284,0.4551
AGUZIRNJXRWDW42Y6CFVVYV3XLDA,20,444.8173,132.5033,0.2979
AH2JKHXWYTOQT3N2FH5QPJWKSRTQ,20,610.3776,229.3003,0.3757
AFKLEJK2Y4TKTISZMHKTHX3KCEYQ,20,793.7495,314.3376,0.3960
AFAGLQ3MJPGL5736PU4ECCH6JIDA,20,500.4968,284.6023,0.5686
AGIDJMSMKVJIHG23IYLC7OX5NG4A,20,686.1034,313.2437,0.4566
AGGQPSSYKEUIDKQK5CJSZHWVU7CQ,20,821.4844,416.7529,0.5073
AEKV4Q3JUQTQA2UR7PH7QLUHUTTQ,20,687.4963,334.0065,0.4858
AEYVCA7335K6ZSPAFZ2DEQGVPU3Q,20,783.6486,366.1286,0.4672
AHKJQPQ2NLTXMC4BL7KN5LSO5HZA,20,517.9406,211.4723,0.4083
AHUOOO3WCQNZA4MQPWHAOEUEQ4YQ,20,579.1611,257.4929,0.4446
AHSNEADAVKGQVSQB32NT34W7YQAQ,20,477.5359,195.0958,0.4085
AGSLJQOUHG4HEY3F6PC2TMUXDETQ,20,544.5204,222.4816,0.4086
AHPG65LKS3QKRWDUWAKZNLEK5RZQ,20,964.8378,290.0739,0.3006
AFQ7UPBGZKPGBZGMUALGKNGUGHIQ,20,832.5815,489.5197,0.5880
AE35OPCE4E5LOQAODQT5QTD5SFIQ,20,626.0527,281.5526,0.4497
AH4WEBZJR7MVVWIQFUYNPKKGRCWA,20,884.7678,410.9588,0.4645
AEFI22B7AS3VNNKN4DC5HADG77QQ,20,676.4292,212.9179,0.3148
AESDV676IPKF5Z2C2JJHNZDXZ4NA,20,708.1122,358.4960,0.5063
AEEMHCO2KYLSSU547E7HNK4PMAMA,20,590.7882,248.9878,0.4215
AGDOGDBA3K4KIWTOCBCWKC5C6NEQ,20,701.1083,386.6306,0.5515
AEA7GX2M4IUP4OTI7VFQ5QW35MGA,20,772.7108,296.2928,0.3834
AGHL4KJXMKZQKJUU5YIBPEM33YUQ,20,557.9243,239.7780,0.4298
AEGJUYLQ33YRTQUTCMCJNFRQ7SMQ,20,994.7103,308.8303,0.3105
AHOHXQZCEU3KDM3TPKZRNCJ3ITVA_2_2,20,727.1578,249.0164,0.3425
AEIEKUH6Z6OH2GVPS35MCF6C2YNQ,20,658.8553,306.0603,0.4645
AG7G7N62KQJ7MLTZ7ZYA5LRCMTNQ,20,874.4383,313.9441,0.3590
AFCAOJBDIAIIQUFMWEPZ4NCEL2PQ,20,631.7553,314.7774,0.4983
AEHAVZPKBIAPB7BTJJJ3RKGUIHAA,20,735.4529,275.0005,0.3739
AESPFWNUHN4G246P5CIB4BE5F7RQ,20,624.0530,347.6301,0.5571
AFZBRVQRMNE3RV6MZUYG4E5MZP2Q,20,704.9067,335.8240,0.4764
AEMMJOZ6MN462IVHK6GDTN2OWT6Q,20,1006.1271,296.7462,0.2949
AGK7LQIMYOFD5UR6JTJYQNQHIP4Q,20,841.4468,406.0417,0.4826
AEIGRLFPH5Z3EQ73Z23CJ3WX6R6A,20,590.0867,238.4468,0.4041
AGVKHVURH5XGP6335AZCMGNTAAMQ,20,466.0147,176.8662,0.3795
AEJE3IIDZTTU3P36LWRHKGROEVIA,20,832.7361,380.1096,0.4565
AGBMWG5RST3LJWQ2YSOEISPVKSBQ,20,609.2510,255.2962,0.4190
AFNMO3HUDOYJG3NUBPQBY7Q6LKKA,20,796.6789,342.6932,0.4302
AF4MF2TEL724JVL42HY3LH2EZEOA,20,935.4292,381.7285,0.4081
AH5ONINJRNZ674DXUMV4RMYIFYVQ,20,713.8298,390.1250,0.5465
AF7TP6AYY2MOQ5YZ7UZN2U53GY5Q,20,985.9308,352.3265,0.3574
AG2XUDCCLTNCSR4AEIZ4UHZRFOSQ,20,485.6668,272.2802,0.5606
AE6SPZALZWZRHJVUFJD2YZWQ6LXA,20,747.6236,252.7824,0.3381
AHOEMNCGNZJMIS5RHBTTKMDDQU3A,20,910.7217,240.5995,0.2642
AG7PZ2PX5RJBIQYTFNIRY5QOWSOA,20,511.1284,219.4151,0.4293
AENGGJFDKQ2NVKLH5AASUYFZMXXQ,20,835.6684,313.6563,0.3753
AHGFE65TS742WVLX5LVITKOZM2CA,20,673.8044,191.6982,0.2845
AGN5KJZU3FYSKVWXWM66LXYWL5CQ,20,825.2696,283.7961,0.3439
AECKJ7U2IZYLGOYRGP62GJECL4GQ,20,853.3832,290.5292,0.3404
AHLA24J43UD2AKTINUBUWKEDPQHQ,20,569.7552,298.6101,0.5241
AE3RLEXEQRD2K7SCXE7HBCOMRDTA,20,915.0222,345.4213,0.3775
AEB2KGGJANOW27FHME4SJ3IIFGIA,20,691.4066,307.5214,0.4448
AGAG2PQ2KCR5GMH3CMIBKCBOZQSQ,20,475.7355,283.0953,0.5951
AHDKNBCGKFE7YQJCLD5CSAVGDKTA,20,670.5341,357.1589,0.5326
AF7LCMKDXRTT5HLQRLC4Z7C2C2DQ,30,619.6091,267.9586,0.4325
AGZ2367HI7GZ5GRNZJFGG3VMPZLA,30,578.3393,246.0195,0.4254
AHKOEEKH4SLCLEMAR5YCS4FKMS6A,30,700.3699,177.9364,0.2541
AG3QUFIVOQ2WTVK3GPE34FDES57A,30,686.2427,355.2011,0.5176
AGV7MJIYWVS7UVMOHQW5FYIEQC3A,30,692.4560,388.5453,0.5611
AGZIBDQ3D7BRKY7DVKB76XTWV52A,30,630.0900,274.0361,0.4349
AE75H4JVORAPLLQO3MAC3FRN4MAA,30,783.5482,402.0637,0.5131
AEQCZRWLHYXFS4QI6UEORJYM4BKQ,30,997.3792,459.6568,0.4609
AE2D3KGDRDJH7G4HXN3GTND5IPLQ,30,533.8033,167.4169,0.3136
AF4DEGIQ6C7TB4CHIWRXZACZOH5Q,30,704.9120,319.7242,0.4536
AFBJTBLXC6U3IMQB4RIPPSBCORLQ,30,782.2334,319.5493,0.4085
AE6PSXRFBXPR4AHQKR2TQC56EKKQ,30,810.5118,311.9503,0.3849
AECSBI2WN54PZ6JTA3MLM6WUN47Q,30,739.7272,394.2873,0.5330
AEYKTZXAWOPJG5MGGMKBLRJR6Q3A_2,30,825.8596,467.4179,0.5660
AFZTFBCA2JGXFPHJYUOU33TJKP5Q,30,821.8902,300.8557,0.3661
AE4D7ZEYV4QNO3O44AHU7NAJCYLA,30,654.0620,300.2057,0.4590
AE5WIXDVVE4ELVZ3GTARNEEVOBKA,30,780.6698,313.6763,0.4018
AEQXZCNKESE5KNCYCQZROO7GZRKQ,30,713.1201,241.3532,0.3384
AF7ONCCYEZYUVOL3GHBGUNXRISOA,30,575.2598,365.6619,0.6356
AHCALY2KFPY6J65IJAZJQHIDAEGA,30,729.3861,229.0729,0.3141
AHGVHBZZ3SJIXLAZYKE3BUXRBW6Q,30,837.6034,371.8812,0.4440
AGKYNKDZKGZJONU6HPIMXMUTCFSQ,30,504.1242,236.6310,0.4694
AHRNMCEMAIL7GCJZV7KUAO4FJPTQ,30,613.6704,254.3754,0.4145
AF6BAP7PONMFFA5LTZZY7SN6ANDA,30,498.1870,307.5460,0.6173
AEIIRIHLIYKQGI7ZOCIJTRDF5NPQ_2_2_1,30,689.8713,255.0017,0.3696
AEUOFJ7IEGXHNGNVGLC4BQQ7XOIA,30,626.5751,383.3788,0.6119
AHA2VLVJNU3BGAVHMXWKO7WKCGXA,30,761.0398,306.5393,0.4028
AGF6TCJ5DIUYHXKWWLFKAY2HUIXQ,30,739.8743,273.0880,0.3691
AEHTE2TSRQVOUF5DERVN3V5W7EMA,30,630.5490,345.9864,0.5487
AFNI2C3GRBCPIQOT3H66FUQYRPJQ,30,849.1246,399.2870,0.4702
AG4I7OL7GICMY4PRESVKVW4HK6TQ,30,420.2321,155.6024,0.3703
AGYTVPTJ44JFQREJVK3GIMERZADA,30,908.2142,336.5476,0.3706
AEFYY4OQWFEI5GGGONXYESM5S5BQ,30,615.4761,312.7200,0.5081
AFEAZ3JN6U6RGEXBS5RLG3GQKPOQ,30,784.4849,299.2619,0.3815
AERIK7GJLZAGV7WSQ27O6LPAEVHQ,30,726.9595,360.6562,0.4961
AGH2BA6TQ43WVJL2HXW53TOBIWPA,30,402.9760,179.3414,0.4450
AFTAXGFUHVRCHPOVABUAO25E7XUA,30,667.6661,330.6691,0.4953
AEL4PBKFH7QOW74BY4ZYRZKKRAJA,30,671.8157,331.1404,0.4929
AEP4KJDGBH6XPJKFEHPYSAPUNDBQ,30,715.0793,286.8660,0.4012
AHZTEZKKMQTPNZW3AYURV4YDN42Q,30,679.8331,333.5703,0.4907
AFJYUDW2LLMAVP2L5F7FQPYGWP6Q,30,822.0469,351.0560,0.4271
AFVAUF5XDUB2H6MA2ND3VFEO5E2Q,30,523.5255,247.9649,0.4736
AHZ4TADPCXAAIKTFERGG5YB4BNQQ,30,912.6985,341.7459,0.3744
AGYIQYQKJSRVSDJUPW6Z5KNI3GRQ,30,748.0890,381.6722,0.5102
AGSCLYM6ICDUYZPNL2EVMDECTYVA,30,714.9224,274.7449,0.3843
AEJUJLXYEFXUHS4YQTETBDYWZUXA,30,892.8874,327.7042,0.3670
AH3T7SU7USHPJ26STB3EGNFTDPSA,30,694.0631,296.0797,0.4266
AETQ662T5IP4NC524RTVV6ZWNOBQ,30,678.9197,250.2023,0.3685
AG4ZQI4W2WQ5PF5CBX4OHHVCJH5Q,30,435.7113,265.9072,0.6103
AFPSDKWBOKQRKTD2GCKDOG5KMHJQ,30,1098.3583,378.4017,0.3445
AET7LRH6MCYVFN4IELYHTGCRPE6Q,30,825.8455,325.3176,0.3939
AED3PQGKE2MP7OA6YA7ITROMHQEQ,30,627.9483,386.1193,0.6149
AFNWEYQ6IYHI6PXIDURCBE62P2BA,30,584.5268,297.7200,0.5093
AF4UB2PGVLHK45WF7I6OED36OQDA,30,569.7492,246.5052,0.4327
AHAFS4E6NJTO64CTO5KBPTN7KF5A,30,472.3621,208.2309,0.4408
AFP2CXPW657I6PLKLC7XRPJWUFJQ,30,598.8991,240.7518,0.4020
AGUREQYPLUPVADJ46BNP2KHJT4CA,30,493.5063,270.0419,0.5472
AGNWFBNXATPJXGLZ24PZ42I47Q6A,30,712.7973,432.1250,0.6062
AEMT3I6AICC5YI7Z5G2V4LEGYKPA,30,752.0528,384.0937,0.5107
AHUWSVWSUJVHIDMX4QGBQBTYDG5Q,30,901.5076,390.6195,0.4333
AESVYYXWEFTU2N53XMDLBA45DDYA,30,714.3908,227.3422,0.3182
AED4A5D3XDKTGB566GFP7YQLSHBQ,30,633.3466,325.1269,0.5133
AG5LC5HSFYGJSK3AQGHEFHKX6ZWQ,30,781.5175,288.3702,0.3690
AED3HJLTUSJQBBK6H6726ARBBH6Q,30,651.0573,304.4975,0.4677
AGATU6QOCPNIZ3BFMXICJCKNGN2A,30,793.4714,350.3430,0.4415
AEWHLGO6FWZ4ZO7N6TX7I2FYO6EA,30,632.0731,290.9874,0.4604
AFVPNHXKNRBIA6WJV2DQBR3BUIJA,30,1092.3977,332.4811,0.3044
AFLZUVWTQ54JZIKLCEW3YIMUGHHA,30,634.0309,267.5621,0.4220
AE3RVPQUALI4HMJUOSE6YE4VVMUA,30,601.4116,283.1209,0.4708
AHDNIUCTSZAY4XEMCN3QKD6NHY4Q,30,702.8107,241.6627,0.3439
AH5DZ3X7JLNNTZU6QNP72JXJ5NQQ,30,580.4708,252.3084,0.4347
AEOYWMLWQX43VA3EE4SZAZK4AOMA,30,760.6590,348.5917,0.4583
AFO2SXNWPO3ZX5SFC226HLM65YRQ,30,662.1952,265.6403,0.4012
AEDVEEUD4NZX7NYETDDN5N3HBJEA,30,766.8513,320.4297,0.4179
AEIIRIHLIYKQGI7ZOCIJTRDF5NPQ_1,30,754.1170,358.0481,0.4748
AFYVMSSEWRVG6CEOM4PF7J6SSDUA,30,499.1804,220.4052,0.4415
AHV5LMB2ZZ3QGYIYZ6RPDTL4OWBA,30,665.1865,404.4870,0.6081
AH5ESWZG6Q5ZEBQTOVP3NMJ5XYWA,30,704.5963,308.0646,0.4372
AHQQJATBFWW5TORPLQ4LQOGXKIWQ,30,776.7391,418.4782,0.5388
AFJ6BZFH6T6LBXYN5NKMBPTHRGDA,30,529.0203,218.3699,0.4128
AGAQBOI26SMK7M5KPF4PFK2S4OKQ,30,806.5972,279.5591,0.3466
AHCZ6MJHUWGYWZ3SXMD3QBBOFAPA,30,706.0946,252.5216,0.3576
AG3CK7F7NP5GM6BN6OHZJRWWF7QA,30,456.3045,190.4838,0.4174
AFR35RN5SZKFP7XCLRQLU7XDJQJA,30,965.7974,421.4700,0.4364
AF77WIID7TAGOWST2NGGZQIRMEOA,30,460.1606,260.3853,0.5659
AGC75KXFQTQTZ2RODT3RT4GNYIJA,30,814.1574,286.1472,0.3515
AELU7VBQWQH7VMYK6Q3CIU5C43RQ,30,480.5268,190.4577,0.3964
AH7EYATKZABJLZPV74F2UTJVZZKQ,30,610.0240,232.8649,0.3817
AEESOLSSR4LALOZ372WQ2PZBLLSA,30,631.1884,315.0517,0.4991
AEJKZRNBES64Q4UGI2WK6DEPL6OA,30,602.6825,335.1650,0.5561
AF43BDFHZRMABFFB57FXB5RVIXAA,30,660.9965,291.1367,0.4405
AGSIU3JOYC6CJLFFB7APDN3UGSHQ,30,452.9383,178.7707,0.3947
AF4AYT2KDUA3BZUYDOV54XGILQ2A,30,595.7147,307.6659,0.5165
AGW7SXB5FPGXDQKSUWGAGBTIUCKQ,30,867.6724,294.1091,0.3390
AEVZGLYUEQEYH3ACTQCPBU65KIKQ,30,781.4307,302.1719,0.3867
AFDNVPMB44ZS5O2CSJTL47BI2QTQ,30,845.9216,312.4490,0.3694
AHZGQXTGR3WB6CQR3PP2TB2YPTUA_2,30,570.2989,239.8017,0.4205
AFACZSTCNX6VMUJQGUK3YVE6CK5Q,30,774.4971,373.0910,0.4817
AFWG3VCBDRXV4MMDNVOFWS7J4TDA,30,581.5565,329.0027,0.5657
AGFUGF7QX5W4NIJ5NJISSMNZIILA,30,614.8328,293.5139,0.4774
AEBJEFYQMDZGCOGQMVO5OUL7C6TQ,30,672.7628,369.8472,0.5497
AH42YC4C6K5PQ4ZMRZXRRGKELWCQ,30,861.3928,391.0859,0.4540
AFVOZ4UNUZKEQ7GTQ3IHQY7PZ5FA_1,30,630.6480,347.2330,0.5506
AEIIRIHLIYKQGI7ZOCIJTRDF5NPQ_2_1,30,690.8051,315.2024,0.4563
AHAZFJIG2P27OH4KLTR2SMWMKW6Q,30,640.0293,257.1848,0.4018
AHPG65LKS3QKRWDUWAKZNLEK5RZQ_1,30,886.3216,308.9429,0.3486
AGYAFULM2L6YNLWUQWAM6SKXYGVA,30,947.1846,317.0180,0.3347
AE5MYIUHLA3BAMM2MFJXJQN6UPRQ,30,833.2455,310.1266,0.3722
AHZRUCQACCVHJ5W7VTYWOTZICVAA,30,540.8297,170.9931,0.3162
AFFSSZFCSN4TEOSSF23HO7ZOYD6Q,30,681.7106,377.5459,0.5538
AHVSRNKOWB3QKDODMMYIBX4MGZXA,30,788.3904,271.2795,0.3441
AE2B5CUQIA5ULZCR34UOPOXROEPA,30,609.1152,334.5660,0.5493
AETXGCF36FY7PP3RNVGTGZVWXO7Q,30,714.2152,348.8196,0.4884
AFMRNKCMPCQ5LK26BNF6TCIOUJOQ,30,695.0043,328.5996,0.4728
AFCMHYJTBQ6PGQWDCDWX2KP4GJ5Q,30,794.4772,297.5737,0.3746
AHNDQTIDT42KUEXE7PRP45ODX5IQ,30,646.3811,352.2200,0.5449
AGBWD5VMK2NVIAIXF7OINPOSC46A,30,1089.4993,287.4862,0.2639
AFQGXKKBN5V3V5V7CY42FCQTAYHQ,30,501.7943,303.9300,0.6057
AFO33UNM62QYS3SHDST3HB2SXSXQ,30,786.8182,276.4392,0.3513
AHS5FPE6RHE4ITJ4SAVI67YVRNOQ,30,860.1743,319.1287,0.3710
AFXKCGO537IZNJ7PULRMGKGU67RQ,30,651.4272,252.0607,0.3869
AGLWDF5SJNRNIW2HHSD6ZPADUHQQ,30,561.7358,236.3945,0.4208
AEE33OSHYGNPVW65BJVDZQ5QWWUA,30,514.4672,288.9634,0.5617
AF7P3N4WIHMAVATNPD5MCDI5Y2KQ,30,685.7842,368.9440,0.5380
AEIOYAYGE2AU7LWLFRYRX4XPOWIQ,30,691.5776,278.5624,0.4028
AFLOM6HXIM7CJECSEUDVO4I3JXBA,30,663.1447,416.7616,0.6285
AGPIQK2GLZQLAF3BOENG2KHDXFVA,30,612.0002,263.6689,0.4308
AE23NZUELB4BYWLHKWJXAS73PTSQ,30,506.6031,247.0479,0.4877
AF7R4OC3YUOI77VS55Y3B3XSN2OQ,30,800.7941,369.0217,0.4608
AGK6P7T6FVUJW7W7Q5UJKJWF3NGA,30,787.8269,382.0298,0.4849
AFUAKR7T37ENPSFCNQFHAAWRCVLQ,30,615.7254,322.8959,0.5244
AF6VZKYEJNO5IW6KCGKGZBMDKORA,30,649.8179,274.4798,0.4224
AFCE2BOTILWKUHLAHIK5QHTOPFJA,30,752.4952,400.6017,0.5324
AEYSO6GNRBHDXBDQ643LNCN5W7VA,30,763.7528,258.1004,0.3379
AFUCVWOPZLX7CRPZU4OLX4BWVINQ,30,1152.0228,343.9349,0.2985
AE5IMGWRBJA7JQFBQTBK25HDYGVA,30,537.9633,246.0797,0.4574
AHAUPRV26D4WPQN2JIJUWUZQM7WA,30,872.8676,370.3954,0.4243
AGLGCQJ6R7DK2HOZRYGHMQ7D6BTA,30,634.8853,282.6115,0.4451
AEVIVDBW7OKSXHS2P7KPTBSPPU7Q,30,832.3084,244.7168,0.2940
AET4MQOLSTJDNAS27VF6JATZECGA,30,959.7421,319.4233,0.3328
AH5VDE2Z5X2ZBRZ3IYMSCVW7ZWFQ,30,663.1583,303.8438,0.4582
AE6JXZ2HEEC3RLKQ23MI2JSCXSNA,30,683.3352,312.4390,0.4572
AFMTB6XAI3YBCJVTOGKOFJU3LUOQ,30,903.6047,306.5659,0.3393
AHWREDWG6T4UG4D5IKFYGCRCRVSA,30,903.0608,305.4867,0.3383
AF4T3AQXLGSWBXPJV3RI2DBPEYUA,30,434.0531,191.9679,0.4423
AGUZIRNJXRWDW42Y6CFVVYV3XLDA,30,462.2987,143.1487,0.3096
AH2JKHXWYTOQT3N2FH5QPJWKSRTQ,30,555.4548,233.0343,0.4195
AFKLEJK2Y4TKTISZMHKTHX3KCEYQ,30,792.9932,328.3267,0.4140
AFAGLQ3MJPGL5736PU4ECCH6JIDA,30,544.6998,340.7500,0.6256
AGIDJMSMKVJIHG23IYLC7OX5NG4A,30,674.5903,293.8868,0.4357
AGGQPSSYKEUIDKQK5CJSZHWVU7CQ,30,805.1779,365.4846,0.4539
AEKV4Q3JUQTQA2UR7PH7QLUHUTTQ,30,704.9561,364.1944,0.5166
AEYVCA7335K6ZSPAFZ2DEQGVPU3Q,30,766.9583,355.8617,0.4640
AHKJQPQ2NLTXMC4BL7KN5LSO5HZA,30,590.9153,260.2737,0.4405
AHUOOO3WCQNZA4MQPWHAOEUEQ4YQ,30,611.7114,258.5782,0.4227
AHSNEADAVKGQVSQB32NT34W7YQAQ,30,499.4698,220.7523,0.4420
AGSLJQOUHG4HEY3F6PC2TMUXDETQ,30,573.1686,246.9830,0.4309
AHPG65LKS3QKRWDUWAKZNLEK5RZQ,30,886.3216,308.9429,0.3486
AFQ7UPBGZKPGBZGMUALGKNGUGHIQ,30,871.0767,488.4086,0.5607
AE35OPCE4E5LOQAODQT5QTD5SFIQ,30,568.7814,271.8454,0.4779
AH4WEBZJR7MVVWIQFUYNPKKGRCWA,30,866.1125,367.9106,0.4248
AEFI22B7AS3VNNKN4DC5HADG77QQ,30,667.7034,211.9397,0.3174
AESDV676IPKF5Z2C2JJHNZDXZ4NA,30,697.0905,356.5965,0.5115
AEEMHCO2KYLSSU547E7HNK4PMAMA,30,563.3490,246.2151,0.4371
AGDOGDBA3K4KIWTOCBCWKC5C6NEQ,30,725.4205,399.0861,0.5501
AEA7GX2M4IUP4OTI7VFQ5QW35MGA,30,802.5595,313.3764,0.3905
AGHL4KJXMKZQKJUU5YIBPEM33YUQ,30,600.9431,247.0080,0.4110
AEGJUYLQ33YRTQUTCMCJNFRQ7SMQ,30,928.5104,300.4297,0.3236
AHOHXQZCEU3KDM3TPKZRNCJ3ITVA_2_2,30,679.6522,274.5112,0.4039
AEIEKUH6Z6OH2GVPS35MCF6C2YNQ,30,628.9907,299.2917,0.4758
AG7G7N62KQJ7MLTZ7ZYA5LRCMTNQ,30,934.2402,313.8862,0.3360
AFCAOJBDIAIIQUFMWEPZ4NCEL2PQ,30,607.6669,291.1077,0.4791
AEHAVZPKBIAPB7BTJJJ3RKGUIHAA,30,783.8701,281.8183,0.3595
AESPFWNUHN4G246P5CIB4BE5F7RQ,30,644.6850,380.1132,0.5896
AFZBRVQRMNE3RV6MZUYG4E5MZP2Q,30,719.1307,319.3421,0.4441
AEMMJOZ6MN462IVHK6GDTN2OWT6Q,30,1050.7963,308.2910,0.2934
AGK7LQIMYOFD5UR6JTJYQNQHIP4Q,30,780.0851,412.9983,0.5294
AEIGRLFPH5Z3EQ73Z23CJ3WX6R6A,30,613.4427,261.7017,0.4266
AGVKHVURH5XGP6335AZCMGNTAAMQ,30,492.1969,208.2773,0.4232
AEJE3IIDZTTU3P36LWRHKGROEVIA,30,767.4002,349.8185,0.4558
AGBMWG5RST3LJWQ2YSOEISPVKSBQ,30,649.3829,311.4103,0.4795
AFNMO3HUDOYJG3NUBPQBY7Q6LKKA,30,754.5889,315.9735,0.4187
AF4MF2TEL724JVL42HY3LH2EZEOA,30,961.8626,393.8065,0.4094
AH5ONINJRNZ674DXUMV4RMYIFYVQ,30,711.6355,356.4417,0.5009
AF7TP6AYY2MOQ5YZ7UZN2U53GY5Q,30,924.8702,334.9893,0.3622
AG2XUDCCLTNCSR4AEIZ4UHZRFOSQ,30,626.1414,353.2100,0.5641
AE6SPZALZWZRHJVUFJD2YZWQ6LXA,30,757.8865,261.7028,0.3453
AHOEMNCGNZJMIS5RHBTTKMDDQU3A,30,869.8267,222.7815,0.2561
AG7PZ2PX5RJBIQYTFNIRY5QOWSOA,30,532.2513,227.8257,0.4280
AENGGJFDKQ2NVKLH5AASUYFZMXXQ,30,861.9252,310.2561,0.3600
AHGFE65TS742WVLX5LVITKOZM2CA,30,692.1616,191.1132,0.2761
AGN5KJZU3FYSKVWXWM66LXYWL5CQ,30,792.2892,258.5862,0.3264
AECKJ7U2IZYLGOYRGP62GJECL4GQ,30,848.2574,272.1906,0.3209
AHLA24J43UD2AKTINUBUWKEDPQHQ,30,580.2812,305.1765,0.5259
AE3RLEXEQRD2K7SCXE7HBCOMRDTA,30,873.7607,372.8117,0.4267
AEB2KGGJANOW27FHME4SJ3IIFGIA,30,720.4523,308.0810,0.4276
AGAG2PQ2KCR5GMH3CMIBKCBOZQSQ,30,510.5493,299.9621,0.5875
AHDKNBCGKFE7YQJCLD5CSAVGDKTA,30,614.5021,336.7469,0.5480
AF7LCMKDXRTT5HLQRLC4Z7C2C2DQ,50,584.3820,271.2273,0.4641
AGZ2367HI7GZ5GRNZJFGG3VMPZLA,50,639.8363,295.5230,0.4619
AHKOEEKH4SLCLEMAR5YCS4FKMS6A,50,771.5624,235.0183,0.3046
AG3QUFIVOQ2WTVK3GPE34FDES57A,50,684.5363,342.0174,0.4996
AGV7MJIYWVS7UVMOHQW5FYIEQC3A,50,708.9199,377.7604,0.5329
AGZIBDQ3D7BRKY7DVKB76XTWV52A,50,583.7040,264.0830,0.4524
AE75H4JVORAPLLQO3MAC3FRN4MAA,50,703.1243,371.4293,0.5283
AEQCZRWLHYXFS4QI6UEORJYM4BKQ,50,1033.8438,426.9133,0.4129
AE2D3KGDRDJH7G4HXN3GTND5IPLQ,50,579.6647,251.0383,0.4331
AF4DEGIQ6C7TB4CHIWRXZACZOH5Q,50,667.9274,301.2390,0.4510
AFBJTBLXC6U3IMQB4RIPPSBCORLQ,50,779.8578,289.2002,0.3708
AE6PSXRFBXPR4AHQKR2TQC56EKKQ,50,801.3366,300.0767,0.3745
AECSBI2WN54PZ6JTA3MLM6WUN47Q,50,780.5941,404.9524,0.5188
AEYKTZXAWOPJG5MGGMKBLRJR6Q3A_2,50,767.0865,500.9483,0.6531
AFZTFBCA2JGXFPHJYUOU33TJKP5Q,50,845.6870,329.0169,0.3891
AE4D7ZEYV4QNO3O44AHU7NAJCYLA,50,628.9666,288.7414,0.4591
AE5WIXDVVE4ELVZ3GTARNEEVOBKA,50,738.2130,331.8982,0.4496
AEQXZCNKESE5KNCYCQZROO7GZRKQ,50,674.1811,234.0115,0.3471
AF7ONCCYEZYUVOL3GHBGUNXRISOA,50,571.3792,321.1588,0.5621
AHCALY2KFPY6J65IJAZJQHIDAEGA,50,730.9637,234.5923,0.3209
AHGVHBZZ3SJIXLAZYKE3BUXRBW6Q,50,842.8642,375.1409,0.4451
AGKYNKDZKGZJONU6HPIMXMUTCFSQ,50,448.0494,238.7837,0.5329
AHRNMCEMAIL7GCJZV7KUAO4FJPTQ,50,655.1871,266.9559,0.4074
AF6BAP7PONMFFA5LTZZY7SN6ANDA,50,460.9988,280.2300,0.6079
AEIIRIHLIYKQGI7ZOCIJTRDF5NPQ_2_2_1,50,742.9602,262.1276,0.3528
AEUOFJ7IEGXHNGNVGLC4BQQ7XOIA,50,688.7290,394.7611,0.5732
AHA2VLVJNU3BGAVHMXWKO7WKCGXA,50,787.1830,328.0466,0.4167
AGF6TCJ5DIUYHXKWWLFKAY2HUIXQ,50,723.8210,270.6301,0.3739
AEHTE2TSRQVOUF5DERVN3V5W7EMA,50,649.7361,349.7448,0.5383
AFNI2C3GRBCPIQOT3H66FUQYRPJQ,50,847.9345,369.6947,0.4360
AG4I7OL7GICMY4PRESVKVW4HK6TQ,50,443.6416,222.7782,0.5022
AGYTVPTJ44JFQREJVK3GIMERZADA,50,926.8486,350.5654,0.3782
AEFYY4OQWFEI5GGGONXYESM5S5BQ,50,704.2818,332.0732,0.4715
AFEAZ3JN6U6RGEXBS5RLG3GQKPOQ,50,723.5374,276.1191,0.3816
AERIK7GJLZAGV7WSQ27O6LPAEVHQ,50,687.3355,346.9582,0.5048
AGH2BA6TQ43WVJL2HXW53TOBIWPA,50,392.3165,166.0648,0.4233
AFTAXGFUHVRCHPOVABUAO25E7XUA,50,636.6714,308.3343,0.4843
AEL4PBKFH7QOW74BY4ZYRZKKRAJA,50,647.5939,312.9536,0.4833
AEP4KJDGBH6XPJKFEHPYSAPUNDBQ,50,738.6703,310.8326,0.4208
AHZTEZKKMQTPNZW3AYURV4YDN42Q,50,701.6506,336.7785,0.4800
AFJYUDW2LLMAVP2L5F7FQPYGWP6Q,50,734.3633,337.0773,0.4590
AFVAUF5XDUB2H6MA2ND3VFEO5E2Q,50,595.6047,287.6832,0.4830
AHZ4TADPCXAAIKTFERGG5YB4BNQQ,50,869.2126,326.5870,0.3757
AGYIQYQKJSRVSDJUPW6Z5KNI3GRQ,50,671.3602,336.5782,0.5013
AGSCLYM6ICDUYZPNL2EVMDECTYVA,50,699.8649,291.8873,0.4171
AEJUJLXYEFXUHS4YQTETBDYWZUXA,50,846.1424,309.6953,0.3660
AH3T7SU7USHPJ26STB3EGNFTDPSA,50,766.8405,359.3506,0.4686
AETQ662T5IP4NC524RTVV6ZWNOBQ,50,666.2724,282.2762,0.4237
AG4ZQI4W2WQ5PF5CBX4OHHVCJH5Q,50,390.1082,217.6368,0.5579
AFPSDKWBOKQRKTD2GCKDOG5KMHJQ,50,1062.4918,387.1728,0.3644
AET7LRH6MCYVFN4IELYHTGCRPE6Q,50,804.7460,303.1543,0.3767
AED3PQGKE2MP7OA6YA7ITROMHQEQ,50,625.0594,362.9133,0.5806
AFNWEYQ6IYHI6PXIDURCBE62P2BA,50,568.2223,259.5190,0.4567
AF4UB2PGVLHK45WF7I6OED36OQDA,50,525.5531,247.9931,0.4719
AHAFS4E6NJTO64CTO5KBPTN7KF5A,50,488.4295,206.9848,0.4238
AFP2CXPW657I6PLKLC7XRPJWUFJQ,50,616.5590,275.3233,0.4465
AGUREQYPLUPVADJ46BNP2KHJT4CA,50,462.6979,241.9632,0.5229
AGNWFBNXATPJXGLZ24PZ42I47Q6A,50,726.2043,395.6176,0.5448
AEMT3I6AICC5YI7Z5G2V4LEGYKPA,50,630.5891,374.9576,0.5946
AHUWSVWSUJVHIDMX4QGBQBTYDG5Q,50,954.2032,370.2368,0.3880
AESVYYXWEFTU2N53XMDLBA45DDYA,50,751.4324,311.8185,0.4150
AED4A5D3XDKTGB566GFP7YQLSHBQ,50,594.6140,315.0546,0.5298
AG5LC5HSFYGJSK3AQGHEFHKX6ZWQ,50,698.1065,293.9280,0.4210
AED3HJLTUSJQBBK6H6726ARBBH6Q,50,660.5475,289.9779,0.4390
AGATU6QOCPNIZ3BFMXICJCKNGN2A,50,773.4980,318.7463,0.4121
AEWHLGO6FWZ4ZO7N6TX7I2FYO6EA,50,642.1108,312.1092,0.4861
AFVPNHXKNRBIA6WJV2DQBR3BUIJA,50,925.8992,379.0626,0.4094
AFLZUVWTQ54JZIKLCEW3YIMUGHHA,50,602.2047,267.7038,0.4445
AE3RVPQUALI4HMJUOSE6YE4VVMUA,50,631.4020,282.8790,0.4480
AHDNIUCTSZAY4XEMCN3QKD6NHY4Q,50,734.1431,277.9804,0.3786
AH5DZ3X7JLNNTZU6QNP72JXJ5NQQ,50,641.3000,331.9789,0.5177
AEOYWMLWQX43VA3EE4SZAZK4AOMA,50,771.0861,325.8061,0.4225
AFO2SXNWPO3ZX5SFC226HLM65YRQ,50,623.9455,292.9525,0.4695
AEDVEEUD4NZX7NYETDDN5N3HBJEA,50,791.0322,315.4580,0.3988
AEIIRIHLIYKQGI7ZOCIJTRDF5NPQ_1,50,694.2037,321.0621,0.4625
AFYVMSSEWRVG6CEOM4PF7J6SSDUA,50,520.5017,272.0466,0.5227
AHV5LMB2ZZ3QGYIYZ6RPDTL4OWBA,50,794.6627,415.5783,0.5230
AH5ESWZG6Q5ZEBQTOVP3NMJ5XYWA,50,679.6660,285.2268,0.4197
AHQQJATBFWW5TORPLQ4LQOGXKIWQ,50,827.5588,411.1339,0.4968
AFJ6BZFH6T6LBXYN5NKMBPTHRGDA,50,470.7039,214.7936,0.4563
AGAQBOI26SMK7M5KPF4PFK2S4OKQ,50,835.9044,273.6015,0.3273
AHCZ6MJHUWGYWZ3SXMD3QBBOFAPA,50,734.5922,319.7280,0.4352
AG3CK7F7NP5GM6BN6OHZJRWWF7QA,50,488.3801,221.8324,0.4542
AFR35RN5SZKFP7XCLRQLU7XDJQJA,50,975.4946,389.3885,0.3992
AF77WIID7TAGOWST2NGGZQIRMEOA,50,465.3759,256.8631,0.5519
AGC75KXFQTQTZ2RODT3RT4GNYIJA,50,811.3112,311.1252,0.3835
AELU7VBQWQH7VMYK6Q3CIU5C43RQ,50,490.0536,228.5504,0.4664
AH7EYATKZABJLZPV74F2UTJVZZKQ,50,619.1434,250.8305,0.4051
AEESOLSSR4LALOZ372WQ2PZBLLSA,50,572.7852,307.6233,0.5371
AEJKZRNBES64Q4UGI2WK6DEPL6OA,50,648.9501,311.0133,0.4793
AF43BDFHZRMABFFB57FXB5RVIXAA,50,659.8887,298.6241,0.4525
AGSIU3JOYC6CJLFFB7APDN3UGSHQ,50,440.0743,162.8835,0.3701
AF4AYT2KDUA3BZUYDOV54XGILQ2A,50,683.4250,370.1702,0.5416
AGW7SXB5FPGXDQKSUWGAGBTIUCKQ,50,847.6191,295.2775,0.3484
AEVZGLYUEQEYH3ACTQCPBU65KIKQ,50,763.0069,310.0678,0.4064
AFDNVPMB44ZS5O2CSJTL47BI2QTQ,50,873.3447,302.5161,0.3464
AHZGQXTGR3WB6CQR3PP2TB2YPTUA_2,50,578.3651,303.5995,0.5249
AFACZSTCNX6VMUJQGUK3YVE6CK5Q,50,719.8207,354.3130,0.4922
AFWG3VCBDRXV4MMDNVOFWS7J4TDA,50,598.0681,289.3364,0.4838
AGFUGF7QX5W4NIJ5NJISSMNZIILA,50,646.8616,305.4284,0.4722
AEBJEFYQMDZGCOGQMVO5OUL7C6TQ,50,731.2954,371.9153,0.5086
AH42YC4C6K5PQ4ZMRZXRRGKELWCQ,50,825.7470,368.4159,0.4462
AFVOZ4UNUZKEQ7GTQ3IHQY7PZ5FA_1,50,631.9097,369.8521,0.5853
AEIIRIHLIYKQGI7ZOCIJTRDF5NPQ_2_1,50,682.4310,305.4737,0.4476
AHAZFJIG2P27OH4KLTR2SMWMKW6Q,50,641.6060,265.0856,0.4132
AHPG65LKS3QKRWDUWAKZNLEK5RZQ_1,50,961.7218,338.5697,0.3520
AGYAFULM2L6YNLWUQWAM6SKXYGVA,50,938.4781,303.7361,0.3236
AE5MYIUHLA3BAMM2MFJXJQN6UPRQ,50,814.2392,291.4959,0.3580
AHZRUCQACCVHJ5W7VTYWOTZICVAA,50,552.4409,175.8403,0.3183
AFFSSZFCSN4TEOSSF23HO7ZOYD6Q,50,642.9988,358.0309,0.5568
AHVSRNKOWB3QKDODMMYIBX4MGZXA,50,801.1644,267.5747,0.3340
AE2B5CUQIA5ULZCR34UOPOXROEPA,50,612.5200,299.3247,0.4887
AETXGCF36FY7PP3RNVGTGZVWXO7Q,50,717.8550,376.7625,0.5248
AFMRNKCMPCQ5LK26BNF6TCIOUJOQ,50,725.0944,319.1820,0.4402
AFCMHYJTBQ6PGQWDCDWX2KP4GJ5Q,50,754.3374,306.1562,0.4059
AHNDQTIDT42KUEXE7PRP45ODX5IQ,50,650.8356,360.6942,0.5542
AGBWD5VMK2NVIAIXF7OINPOSC46A,50,1036.8984,319.6347,0.3083
AFQGXKKBN5V3V5V7CY42FCQTAYHQ,50,540.9235,310.0559,0.5732
AFO33UNM62QYS3SHDST3HB2SXSXQ,50,853.1567,334.9614,0.3926
AHS5FPE6RHE4ITJ4SAVI67YVRNOQ,50,790.5214,343.5256,0.4346
AFXKCGO537IZNJ7PULRMGKGU67RQ,50,730.0292,285.9960,0.3918
AGLWDF5SJNRNIW2HHSD6ZPADUHQQ,50,587.1031,280.3230,0.4775
AEE33OSHYGNPVW65BJVDZQ5QWWUA,50,551.3294,306.6857,0.5563
AF7P3N4WIHMAVATNPD5MCDI5Y2KQ,50,711.9116,341.4448,0.4796
AEIOYAYGE2AU7LWLFRYRX4XPOWIQ,50,701.8725,262.1544,0.3735
AFLOM6HXIM7CJECSEUDVO4I3JXBA,50,617.4391,389.7253,0.6312
AGPIQK2GLZQLAF3BOENG2KHDXFVA,50,662.8009,289.4331,0.4367
AE23NZUELB4BYWLHKWJXAS73PTSQ,50,519.5658,246.9523,0.4753
AF7R4OC3YUOI77VS55Y3B3XSN2OQ,50,796.9070,326.1361,0.4093
AGK6P7T6FVUJW7W7Q5UJKJWF3NGA,50,729.4493,365.9428,0.5017
AFUAKR7T37ENPSFCNQFHAAWRCVLQ,50,562.6684,289.8798,0.5152
AF6VZKYEJNO5IW6KCGKGZBMDKORA,50,649.6936,277.1491,0.4266
AFCE2BOTILWKUHLAHIK5QHTOPFJA,50,691.7393,379.2252,0.5482
AEYSO6GNRBHDXBDQ643LNCN5W7VA,50,784.8871,279.1005,0.3556
AFUCVWOPZLX7CRPZU4OLX4BWVINQ,50,1153.9271,325.3199,0.2819
AE5IMGWRBJA7JQFBQTBK25HDYGVA,50,494.8295,233.8621,0.4726
AHAUPRV26D4WPQN2JIJUWUZQM7WA,50,952.9131,383.8074,0.4028
AGLGCQJ6R7DK2HOZRYGHMQ7D6BTA,50,618.7023,285.3113,0.4611
AEVIVDBW7OKSXHS2P7KPTBSPPU7Q,50,777.3165,265.4150,0.3415
AET4MQOLSTJDNAS27VF6JATZECGA,50,943.2542,309.2452,0.3278
AH5VDE2Z5X2ZBRZ3IYMSCVW7ZWFQ,50,660.6243,298.5987,0.4520
AE6JXZ2HEEC3RLKQ23MI2JSCXSNA,50,689.3726,312.2841,0.4530
AFMTB6XAI3YBCJVTOGKOFJU3LUOQ,50,828.3532,295.4079,0.3566
AHWREDWG6T4UG4D5IKFYGCRCRVSA,50,932.1707,339.1644,0.3638
AF4T3AQXLGSWBXPJV3RI2DBPEYUA,50,450.6690,193.9262,0.4303
AGUZIRNJXRWDW42Y6CFVVYV3XLDA,50,490.8936,209.6713,0.4271
AH2JKHXWYTOQT3N2FH5QPJWKSRTQ,50,546.4451,239.9066,0.4390
AFKLEJK2Y4TKTISZMHKTHX3KCEYQ,50,833.3484,369.6357,0.4436
AFAGLQ3MJPGL5736PU4ECCH6JIDA,50,607.2173,353.1962,0.5817
AGIDJMSMKVJIHG23IYLC7OX5NG4A,50,733.2323,305.9326,0.4172
AGGQPSSYKEUIDKQK5CJSZHWVU7CQ,50,831.9646,334.9693,0.4026
AEKV4Q3JUQTQA2UR7PH7QLUHUTTQ,50,661.5134,322.9638,0.4882
AEYVCA7335K6ZSPAFZ2DEQGVPU3Q,50,721.4659,341.3798,0.4732
AHKJQPQ2NLTXMC4BL7KN5LSO5HZA,50,582.7524,254.5956,0.4369
AHUOOO3WCQNZA4MQPWHAOEUEQ4YQ,50,595.3187,251.6433,0.4227
AHSNEADAVKGQVSQB32NT34W7YQAQ,50,547.3477,284.9419,0.5206
AGSLJQOUHG4HEY3F6PC2TMUXDETQ,50,565.2062,235.2586,0.4162
AHPG65LKS3QKRWDUWAKZNLEK5RZQ,50,961.7218,338.5697,0.3520
AFQ7UPBGZKPGBZGMUALGKNGUGHIQ,50,813.1163,473.3221,0.5821
AE35OPCE4E5LOQAODQT5QTD5SFIQ,50,564.4522,282.4510,0.5004
AH4WEBZJR7MVVWIQFUYNPKKGRCWA,50,817.7430,333.3303,0.4076
AEFI22B7AS3VNNKN4DC5HADG77QQ,50,670.4733,235.5958,0.3514
AESDV676IPKF5Z2C2JJHNZDXZ4NA,50,807.9282,412.7110,0.5108
AEEMHCO2KYLSSU547E7HNK4PMAMA,50,630.6414,298.8021,0.4738
AGDOGDBA3K4KIWTOCBCWKC5C6NEQ,50,709.1598,368.3532,0.5194
AEA7GX2M4IUP4OTI7VFQ5QW35MGA,50,818.3926,339.0754,0.4143
AGHL4KJXMKZQKJUU5YIBPEM33YUQ,50,634.4953,312.6268,0.4927
AEGJUYLQ33YRTQUTCMCJNFRQ7SMQ,50,924.8696,311.4356,0.3367
AHOHXQZCEU3KDM3TPKZRNCJ3ITVA_2_2,50,595.7761,261.4572,0.4389
AEIEKUH6Z6OH2GVPS35MCF6C2YNQ,50,564.7507,306.8600,0.5434
AG7G7N62KQJ7MLTZ7ZYA5LRCMTNQ,50,929.2155,320.4561,0.3449
AFCAOJBDIAIIQUFMWEPZ4NCEL2PQ,50,654.7998,320.2487,0.4891
AEHAVZPKBIAPB7BTJJJ3RKGUIHAA,50,843.6027,310.6669,0.3683
AESPFWNUHN4G246P5CIB4BE5F7RQ,50,631.8662,348.9545,0.5523
AFZBRVQRMNE3RV6MZUYG4E5MZP2Q,50,688.9278,317.9378,0.4615
AEMMJOZ6MN462IVHK6GDTN2OWT6Q,50,997.8914,334.2340,0.3349
AGK7LQIMYOFD5UR6JTJYQNQHIP4Q,50,857.0392,444.4295,0.5186
AEIGRLFPH5Z3EQ73Z23CJ3WX6R6A,50,622.9716,300.1086,0.4817
AGVKHVURH5XGP6335AZCMGNTAAMQ,50,565.7987,309.9723,0.5478
AEJE3IIDZTTU3P36LWRHKGROEVIA,50,787.6255,355.8523,0.4518
AGBMWG5RST3LJWQ2YSOEISPVKSBQ,50,720.6315,328.6562,0.4561
AFNMO3HUDOYJG3NUBPQBY7Q6LKKA,50,773.9714,307.4980,0.3973
AF4MF2TEL724JVL42HY3LH2EZEOA,50,971.2475,405.1011,0.4171
AH5ONINJRNZ674DXUMV4RMYIFYVQ,50,704.2529,321.1648,0.4560
AF7TP6AYY2MOQ5YZ7UZN2U53GY5Q,50,873.5439,330.9419,0.3788
AG2XUDCCLTNCSR4AEIZ4UHZRFOSQ,50,588.9341,334.0019,0.5671
AE6SPZALZWZRHJVUFJD2YZWQ6LXA,50,804.1799,275.2274,0.3422
AHOEMNCGNZJMIS5RHBTTKMDDQU3A,50,867.8040,269.6934,0.3108
AG7PZ2PX5RJBIQYTFNIRY5QOWSOA,50,546.3313,232.3175,0.4252
AENGGJFDKQ2NVKLH5AASUYFZMXXQ,50,876.4236,304.7531,0.3477
AHGFE65TS742WVLX5LVITKOZM2CA,50,742.4037,280.3568,0.3776
AGN5KJZU3FYSKVWXWM66LXYWL5CQ,50,823.1441,299.2213,0.3635
AECKJ7U2IZYLGOYRGP62GJECL4GQ,50,855.0015,278.6873,0.3259
AHLA24J43UD2AKTINUBUWKEDPQHQ,50,558.2430,285.8814,0.5121
AE3RLEXEQRD2K7SCXE7HBCOMRDTA,50,878.2864,378.7765,0.4313
AEB2KGGJANOW27FHME4SJ3IIFGIA,50,727.6251,320.8191,0.4409
AGAG2PQ2KCR5GMH3CMIBKCBOZQSQ,50,474.4217,262.5212,0.5533
AHDKNBCGKFE7YQJCLD5CSAVGDKTA,50,648.3902,336.9232,0.5196
AF7LCMKDXRTT5HLQRLC4Z7C2C2DQ,100,583.9625,289.5397,0.4958
AGZ2367HI7GZ5GRNZJFGG3VMPZLA,100,711.6359,327.5334,0.4603
AHKOEEKH4SLCLEMAR5YCS4FKMS6A,100,752.8088,245.5391,0.3262
AG3QUFIVOQ2WTVK3GPE34FDES57A,100,724.8646,369.7299,0.5101
AGV7MJIYWVS7UVMOHQW5FYIEQC3A,100,723.4962,358.6570,0.4957
AGZIBDQ3D7BRKY7DVKB76XTWV52A,100,577.2429,256.8441,0.4449
AE75H4JVORAPLLQO3MAC3FRN4MAA,100,681.2851,344.0805,0.5050
AEQCZRWLHYXFS4QI6UEORJYM4BKQ,100,868.3940,408.8321,0.4708
AE2D3KGDRDJH7G4HXN3GTND5IPLQ,100,579.7285,231.4744,0.3993
AF4DEGIQ6C7TB4CHIWRXZACZOH5Q,100,665.1603,311.0252,0.4676
AFBJTBLXC6U3IMQB4RIPPSBCORLQ,100,803.8036,313.7859,0.3904
AE6PSXRFBXPR4AHQKR2TQC56EKKQ,100,746.6510,260.5548,0.3490
AECSBI2WN54PZ6JTA3MLM6WUN47Q,100,729.4891,392.1664,0.5376
AEYKTZXAWOPJG5MGGMKBLRJR6Q3A_2,100,767.4995,496.4131,0.6468
AFZTFBCA2JGXFPHJYUOU33TJKP5Q,100,805.6288,327.7278,0.4068
AE4D7ZEYV4QNO3O44AHU7NAJCYLA,100,627.2986,306.9989,0.4894
AE5WIXDVVE4ELVZ3GTARNEEVOBKA,100,721.9536,340.1179,0.4711
AEQXZCNKESE5KNCYCQZROO7GZRKQ,100,678.3373,232.0429,0.3421
AF7ONCCYEZYUVOL3GHBGUNXRISOA,100,579.0027,297.5141,0.5138
AHCALY2KFPY6J65IJAZJQHIDAEGA,100,743.3350,250.5218,0.3370
AHGVHBZZ3SJIXLAZYKE3BUXRBW6Q,100,846.8799,342.4429,0.4044
AGKYNKDZKGZJONU6HPIMXMUTCFSQ,100,432.4118,227.1069,0.5252
AHRNMCEMAIL7GCJZV7KUAO4FJPTQ,100,743.7788,315.1099,0.4237
AF6BAP7PONMFFA5LTZZY7SN6ANDA,100,476.2397,306.6904,0.6440
AEIIRIHLIYKQGI7ZOCIJTRDF5NPQ_2_2_1,100,693.9736,281.6531,0.4059
AEUOFJ7IEGXHNGNVGLC4BQQ7XOIA,100,654.9297,344.6060,0.5262
AHA2VLVJNU3BGAVHMXWKO7WKCGXA,100,789.8865,338.4496,0.4285
AGF6TCJ5DIUYHXKWWLFKAY2HUIXQ,100,730.2015,292.9525,0.4012
AEHTE2TSRQVOUF5DERVN3V5W7EMA,100,613.6149,347.3447,0.5661
AFNI2C3GRBCPIQOT3H66FUQYRPJQ,100,817.8604,360.3872,0.4406
AG4I7OL7GICMY4PRESVKVW4HK6TQ,100,517.5209,288.7898,0.5580
AGYTVPTJ44JFQREJVK3GIMERZADA,100,871.2065,361.3692,0.4148
AEFYY4OQWFEI5GGGONXYESM5S5BQ,100,679.2157,318.0790,0.4683
AFEAZ3JN6U6RGEXBS5RLG3GQKPOQ,100,741.3787,300.9739,0.4060
AERIK7GJLZAGV7WSQ27O6LPAEVHQ,100,656.5558,349.0885,0.5317
AGH2BA6TQ43WVJL2HXW53TOBIWPA,100,413.3197,188.9692,0.4572
AFTAXGFUHVRCHPOVABUAO25E7XUA,100,615.9750,268.2771,0.4355
AEL4PBKFH7QOW74BY4ZYRZKKRAJA,100,659.2573,324.7931,0.4927
AEP4KJDGBH6XPJKFEHPYSAPUNDBQ,100,787.1448,321.4069,0.4083
AHZTEZKKMQTPNZW3AYURV4YDN42Q,100,667.9042,332.4400,0.4977
AFJYUDW2LLMAVP2L5F7FQPYGWP6Q,100,657.0372,320.9298,0.4884
AFVAUF5XDUB2H6MA2ND3VFEO5E2Q,100,725.5410,356.6966,0.4916
AHZ4TADPCXAAIKTFERGG5YB4BNQQ,100,856.1129,330.8260,0.3864
AGYIQYQKJSRVSDJUPW6Z5KNI3GRQ,100,667.6466,341.3365,0.5113
AGSCLYM6ICDUYZPNL2EVMDECTYVA,100,734.5169,321.9812,0.4384
AEJUJLXYEFXUHS4YQTETBDYWZUXA,100,877.3010,318.6096,0.3632
AH3T7SU7USHPJ26STB3EGNFTDPSA,100,733.4805,344.7258,0.4700
AETQ662T5IP4NC524RTVV6ZWNOBQ,100,769.2184,322.5042,0.4193
AG4ZQI4W2WQ5PF5CBX4OHHVCJH5Q,100,390.7922,215.5652,0.5516
AFPSDKWBOKQRKTD2GCKDOG5KMHJQ,100,1047.2446,391.8996,0.3742
AET7LRH6MCYVFN4IELYHTGCRPE6Q,100,832.8865,324.7646,0.3899
AED3PQGKE2MP7OA6YA7ITROMHQEQ,100,609.2080,339.3555,0.5570
AFNWEYQ6IYHI6PXIDURCBE62P2BA,100,528.5969,231.9410,0.4388
AF4UB2PGVLHK45WF7I6OED36OQDA,100,544.9713,235.8615,0.4328
AHAFS4E6NJTO64CTO5KBPTN7KF5A,100,493.2657,192.8848,0.3910
AFP2CXPW657I6PLKLC7XRPJWUFJQ,100,681.2466,327.4602,0.4807
AGUREQYPLUPVADJ46BNP2KHJT4CA,100,485.9055,267.2976,0.5501
AGNWFBNXATPJXGLZ24PZ42I47Q6A,100,738.0586,395.5430,0.5359
AEMT3I6AICC5YI7Z5G2V4LEGYKPA,100,563.7935,326.8297,0.5797
AHUWSVWSUJVHIDMX4QGBQBTYDG5Q,100,939.7188,388.1129,0.4130
AESVYYXWEFTU2N53XMDLBA45DDYA,100,770.5296,307.7167,0.3994
AED4A5D3XDKTGB566GFP7YQLSHBQ,100,599.4418,305.7426,0.5100
AG5LC5HSFYGJSK3AQGHEFHKX6ZWQ,100,699.2448,319.0091,0.4562
AED3HJLTUSJQBBK6H6726ARBBH6Q,100,642.8022,289.2363,0.4500
AGATU6QOCPNIZ3BFMXICJCKNGN2A,100,756.9741,337.1455,0.4454
AEWHLGO6FWZ4ZO7N6TX7I2FYO6EA,100,593.8950,294.8484,0.4965
AFVPNHXKNRBIA6WJV2DQBR3BUIJA,100,824.9564,409.2274,0.4961
AFLZUVWTQ54JZIKLCEW3YIMUGHHA,100,570.5640,252.5645,0.4427
AE3RVPQUALI4HMJUOSE6YE4VVMUA,100,580.2674,277.7638,0.4787
AHDNIUCTSZAY4XEMCN3QKD6NHY4Q,100,732.6776,308.8922,0.4216
AH5DZ3X7JLNNTZU6QNP72JXJ5NQQ,100,630.4333,339.2444,0.5381
AEOYWMLWQX43VA3EE4SZAZK4AOMA,100,776.5141,323.9129,0.4171
AFO2SXNWPO3ZX5SFC226HLM65YRQ,100,613.0178,259.8708,0.4239
AEDVEEUD4NZX7NYETDDN5N3HBJEA,100,716.5111,330.9028,0.4618
AEIIRIHLIYKQGI7ZOCIJTRDF5NPQ_1,100,646.7668,287.8942,0.4451
AFYVMSSEWRVG6CEOM4PF7J6SSDUA,100,535.7940,268.2397,0.5006
AHV5LMB2ZZ3QGYIYZ6RPDTL4OWBA,100,816.1642,388.1828,0.4756
AH5ESWZG6Q5ZEBQTOVP3NMJ5XYWA,100,723.6024,292.4431,0.4041
AHQQJATBFWW5TORPLQ4LQOGXKIWQ,100,811.1274,420.2934,0.5182
AFJ6BZFH6T6LBXYN5NKMBPTHRGDA,100,498.1336,224.8602,0.4514
AGAQBOI26SMK7M5KPF4PFK2S4OKQ,100,901.2387,304.5934,0.3380
AHCZ6MJHUWGYWZ3SXMD3QBBOFAPA,100,680.0312,309.3824,0.4550
AG3CK7F7NP5GM6BN6OHZJRWWF7QA,100,544.1241,250.1345,0.4597
AFR35RN5SZKFP7XCLRQLU7XDJQJA,100,938.0673,345.3612,0.3682
AF77WIID7TAGOWST2NGGZQIRMEOA,100,410.6591,219.8379,0.5353
AGC75KXFQTQTZ2RODT3RT4GNYIJA,100,811.3112,311.1252,0.3835
AELU7VBQWQH7VMYK6Q3CIU5C43RQ,100,507.9622,230.9408,0.4546
AH7EYATKZABJLZPV74F2UTJVZZKQ,100,676.8567,257.7831,0.3809
AEESOLSSR4LALOZ372WQ2PZBLLSA,100,524.9749,290.6135,0.5536
AEJKZRNBES64Q4UGI2WK6DEPL6OA,100,651.1582,302.0617,0.4639
AF43BDFHZRMABFFB57FXB5RVIXAA,100,667.5635,340.1574,0.5096
AGSIU3JOYC6CJLFFB7APDN3UGSHQ,100,445.1458,195.1091,0.4383
AF4AYT2KDUA3BZUYDOV54XGILQ2A,100,755.8486,375.6021,0.4969
AGW7SXB5FPGXDQKSUWGAGBTIUCKQ,100,830.7107,290.3344,0.3495
AEVZGLYUEQEYH3ACTQCPBU65KIKQ,100,769.0312,300.9777,0.3914
AFDNVPMB44ZS5O2CSJTL47BI2QTQ,100,886.6406,323.7444,0.3651
AHZGQXTGR3WB6CQR3PP2TB2YPTUA_2,100,616.9870,297.4506,0.4821
AFACZSTCNX6VMUJQGUK3YVE6CK5Q,100,678.2009,324.9861,0.4792
AFWG3VCBDRXV4MMDNVOFWS7J4TDA,100,609.1311,316.6554,0.5198
AGFUGF7QX5W4NIJ5NJISSMNZIILA,100,649.5802,320.1874,0.4929
AEBJEFYQMDZGCOGQMVO5OUL7C6TQ,100,776.7051,366.9698,0.4725
AH42YC4C6K5PQ4ZMRZXRRGKELWCQ,100,874.2822,369.5884,0.4227
AFVOZ4UNUZKEQ7GTQ3IHQY7PZ5FA_1,100,601.7869,331.7522,0.5513
AEIIRIHLIYKQGI7ZOCIJTRDF5NPQ_2_1,100,643.9007,290.7677,0.4516
AHAZFJIG2P27OH4KLTR2SMWMKW6Q,100,636.2947,283.0981,0.4449
AHPG65LKS3QKRWDUWAKZNLEK5RZQ_1,100,966.0103,318.8886,0.3301
AGYAFULM2L6YNLWUQWAM6SKXYGVA,100,887.5531,334.6165,0.3770
AE5MYIUHLA3BAMM2MFJXJQN6UPRQ,100,831.1776,291.2304,0.3504
AHZRUCQACCVHJ5W7VTYWOTZICVAA,100,542.5972,196.8778,0.3628
AFFSSZFCSN4TEOSSF23HO7ZOYD6Q,100,665.8035,349.9670,0.5256
AHVSRNKOWB3QKDODMMYIBX4MGZXA,100,803.8228,298.7745,0.3717
AE2B5CUQIA5ULZCR34UOPOXROEPA,100,590.4252,271.6136,0.4600
AETXGCF36FY7PP3RNVGTGZVWXO7Q,100,651.9762,355.9452,0.5459
AFMRNKCMPCQ5LK26BNF6TCIOUJOQ,100,717.4669,302.1711,0.4212
AFCMHYJTBQ6PGQWDCDWX2KP4GJ5Q,100,798.7157,344.7816,0.4317
AHNDQTIDT42KUEXE7PRP45ODX5IQ,100,667.5059,352.2978,0.5278
AGBWD5VMK2NVIAIXF7OINPOSC46A,100,1062.6952,325.1262,0.3059
AFQGXKKBN5V3V5V7CY42FCQTAYHQ,100,546.1085,272.2238,0.4985
AFO33UNM62QYS3SHDST3HB2SXSXQ,100,779.0080,329.7487,0.4233
AHS5FPE6RHE4ITJ4SAVI67YVRNOQ,100,760.3705,345.4355,0.4543
AFXKCGO537IZNJ7PULRMGKGU67RQ,100,742.1067,322.6925,0.4348
AGLWDF5SJNRNIW2HHSD6ZPADUHQQ,100,649.2306,320.2377,0.4933
AEE33OSHYGNPVW65BJVDZQ5QWWUA,100,541.8198,309.6776,0.5716
AF7P3N4WIHMAVATNPD5MCDI5Y2KQ,100,663.6033,353.5246,0.5327
AEIOYAYGE2AU7LWLFRYRX4XPOWIQ,100,682.7672,271.1997,0.3972
AFLOM6HXIM7CJECSEUDVO4I3JXBA,100,594.7560,371.6353,0.6249
AGPIQK2GLZQLAF3BOENG2KHDXFVA,100,720.4972,316.7190,0.4396
AE23NZUELB4BYWLHKWJXAS73PTSQ,100,525.1678,249.9626,0.4760
AF7R4OC3YUOI77VS55Y3B3XSN2OQ,100,813.9692,333.3597,0.4095
AGK6P7T6FVUJW7W7Q5UJKJWF3NGA,100,722.4508,343.0482,0.4748
AFUAKR7T37ENPSFCNQFHAAWRCVLQ,100,549.8466,270.8702,0.4926
AF6VZKYEJNO5IW6KCGKGZBMDKORA,100,622.4543,281.6717,0.4525
AFCE2BOTILWKUHLAHIK5QHTOPFJA,100,685.6511,364.1550,0.5311
AEYSO6GNRBHDXBDQ643LNCN5W7VA,100,839.5540,322.6018,0.3843
AFUCVWOPZLX7CRPZU4OLX4BWVINQ,100,1153.9271,325.3199,0.2819
AE5IMGWRBJA7JQFBQTBK25HDYGVA,100,547.1224,279.3965,0.5107
AHAUPRV26D4WPQN2JIJUWUZQM7WA,100,896.8271,380.9358,0.4248
AGLGCQJ6R7DK2HOZRYGHMQ7D6BTA,100,646.6317,304.4033,0.4708
AEVIVDBW7OKSXHS2P7KPTBSPPU7Q,100,718.9066,264.6562,0.3681
AET4MQOLSTJDNAS27VF6JATZECGA,100,980.3437,324.0322,0.3305
AH5VDE2Z5X2ZBRZ3IYMSCVW7ZWFQ,100,649.4419,298.0764,0.4590
AE6JXZ2HEEC3RLKQ23MI2JSCXSNA,100,687.5883,320.9696,0.4668
AFMTB6XAI3YBCJVTOGKOFJU3LUOQ,100,811.0561,286.8766,0.3537
AHWREDWG6T4UG4D5IKFYGCRCRVSA,100,931.3112,346.5145,0.3721
AF4T3AQXLGSWBXPJV3RI2DBPEYUA,100,444.6577,274.4990,0.6173
AGUZIRNJXRWDW42Y6CFVVYV3XLDA,100,488.8325,217.4008,0.4447
AH2JKHXWYTOQT3N2FH5QPJWKSRTQ,100,553.8038,270.9243,0.4892
AFKLEJK2Y4TKTISZMHKTHX3KCEYQ,100,747.5091,373.8520,0.5001
AFAGLQ3MJPGL5736PU4ECCH6JIDA,100,605.6558,329.3890,0.5439
AGIDJMSMKVJIHG23IYLC7OX5NG4A,100,733.1180,310.6046,0.4237
AGGQPSSYKEUIDKQK5CJSZHWVU7CQ,100,794.3356,347.8449,0.4379
AEKV4Q3JUQTQA2UR7PH7QLUHUTTQ,100,686.4034,315.4391,0.4596
AEYVCA7335K6ZSPAFZ2DEQGVPU3Q,100,810.5466,379.1232,0.4677
AHKJQPQ2NLTXMC4BL7KN5LSO5HZA,100,617.3564,264.9854,0.4292
AHUOOO3WCQNZA4MQPWHAOEUEQ4YQ,100,612.2648,239.4504,0.3911
AHSNEADAVKGQVSQB32NT34W7YQAQ,100,534.3174,256.0997,0.4793
AGSLJQOUHG4HEY3F6PC2TMUXDETQ,100,578.1687,294.4663,0.5093
AHPG65LKS3QKRWDUWAKZNLEK5RZQ,100,966.0103,318.8886,0.3301
AFQ7UPBGZKPGBZGMUALGKNGUGHIQ,100,753.5947,447.9829,0.5945
AE35OPCE4E5LOQAODQT5QTD5SFIQ,100,614.6407,310.0529,0.5044
AH4WEBZJR7MVVWIQFUYNPKKGRCWA,100,822.7029,347.0927,0.4219
AEFI22B7AS3VNNKN4DC5HADG77QQ,100,650.4905,260.7915,0.4009
AESDV676IPKF5Z2C2JJHNZDXZ4NA,100,799.4163,414.0537,0.5179
AEEMHCO2KYLSSU547E7HNK4PMAMA,100,644.2852,294.8884,0.4577
AGDOGDBA3K4KIWTOCBCWKC5C6NEQ,100,705.4091,357.5183,0.5068
AEA7GX2M4IUP4OTI7VFQ5QW35MGA,100,792.1430,325.3000,0.4107
AGHL4KJXMKZQKJUU5YIBPEM33YUQ,100,642.5912,297.4163,0.4628
AEGJUYLQ33YRTQUTCMCJNFRQ7SMQ,100,973.0012,310.9309,0.3196
AHOHXQZCEU3KDM3TPKZRNCJ3ITVA_2_2,100,610.8370,279.1129,0.4569
AEIEKUH6Z6OH2GVPS35MCF6C2YNQ,100,631.1076,338.5572,0.5364
AG7G7N62KQJ7MLTZ7ZYA5LRCMTNQ,100,953.7113,339.0338,0.3555
AFCAOJBDIAIIQUFMWEPZ4NCEL2PQ,100,634.7228,307.9710,0.4852
AEHAVZPKBIAPB7BTJJJ3RKGUIHAA,100,869.5204,317.8919,0.3656
AESPFWNUHN4G246P5CIB4BE5F7RQ,100,630.5935,323.1645,0.5125
AFZBRVQRMNE3RV6MZUYG4E5MZP2Q,100,740.0392,327.5487,0.4426
AEMMJOZ6MN462IVHK6GDTN2OWT6Q,100,974.5858,324.4536,0.3329
AGK7LQIMYOFD5UR6JTJYQNQHIP4Q,100,846.9928,411.3896,0.4857
AEIGRLFPH5Z3EQ73Z23CJ3WX6R6A,100,597.5346,292.0281,0.4887
AGVKHVURH5XGP6335AZCMGNTAAMQ,100,580.1238,297.7361,0.5132
AEJE3IIDZTTU3P36LWRHKGROEVIA,100,796.2339,340.1938,0.4273
AGBMWG5RST3LJWQ2YSOEISPVKSBQ,100,812.1919,354.5266,0.4365
AFNMO3HUDOYJG3NUBPQBY7Q6LKKA,100,811.9190,314.4715,0.3873
AF4MF2TEL724JVL42HY3LH2EZEOA,100,886.8485,397.8774,0.4486
AH5ONINJRNZ674DXUMV4RMYIFYVQ,100,762.7969,387.9045,0.5085
AF7TP6AYY2MOQ5YZ7UZN2U53GY5Q,100,801.3524,328.6154,0.4101
AG2XUDCCLTNCSR4AEIZ4UHZRFOSQ,100,553.8816,300.1523,0.5419
AE6SPZALZWZRHJVUFJD2YZWQ6LXA,100,878.2170,282.2189,0.3214
AHOEMNCGNZJMIS5RHBTTKMDDQU3A,100,853.5463,267.1798,0.3130
AG7PZ2PX5RJBIQYTFNIRY5QOWSOA,100,526.7852,206.9922,0.3929
AENGGJFDKQ2NVKLH5AASUYFZMXXQ,100,790.6915,302.8302,0.3830
AHGFE65TS742WVLX5LVITKOZM2CA,100,711.9173,282.2173,0.3964
AGN5KJZU3FYSKVWXWM66LXYWL5CQ,100,797.9479,306.5220,0.3841
AECKJ7U2IZYLGOYRGP62GJECL4GQ,100,772.0746,337.7263,0.4374
AHLA24J43UD2AKTINUBUWKEDPQHQ,100,522.5585,265.5512,0.5082
AE3RLEXEQRD2K7SCXE7HBCOMRDTA,100,903.3547,374.6489,0.4147
AEB2KGGJANOW27FHME4SJ3IIFGIA,100,770.8893,360.6974,0.4679
AGAG2PQ2KCR5GMH3CMIBKCBOZQSQ,100,459.4530,233.4894,0.5082
AHDKNBCGKFE7YQJCLD5CSAVGDKTA,100,651.1639,317.1104,0.4870
