uid_local,n_sents,V_D3,V_P3,rank_Y
0,115,29,11,32
1,109,36,13,32
2,115,36,14,32
3,106,18,5,32
4,137,63,27,32
5,111,21,11,32
6,230,80,21,32
7,113,33,8,32
8,229,76,23,32
9,110,30,7,32
10,115,25,9,32
11,109,37,11,32
12,112,23,8,32
13,699,657,489,32
14,106,36,8,32
15,279,132,63,32
16,139,39,7,32
17,152,55,24,32
18,209,48,10,32
19,111,34,10,32
20,184,65,27,32
21,100,34,10,32
22,207,79,32,32
23,168,73,32,32
24,238,81,29,32
25,304,198,132,32
26,656,556,310,32
27,154,57,21,32
28,109,33,13,32
29,3928,3928,3928,32
30,413,214,116,32
31,249,113,59,32
32,110,26,5,32
33,102,32,8,32
34,173,44,17,32
35,245,78,26,32
36,122,36,12,32
37,104,40,15,32
38,119,27,7,32
39,166,63,34,32
40,196,60,23,32
41,135,40,14,32
42,2062,2055,2029,32
43,113,33,11,32
44,103,33,6,32
45,132,29,3,32
46,110,34,6,32
47,267,118,57,32
48,324,134,72,32
49,110,29,9,32
50,163,45,22,32
51,116,38,10,32
52,102,16,7,32
53,793,757,632,32
54,104,46,13,32
55,550,458,266,32
56,121,29,6,32
57,163,48,19,32
58,253,164,88,32
59,130,53,15,32
60,106,44,16,32
61,104,32,17,32
62,101,26,9,32
63,108,26,7,32
64,153,75,24,32
65,116,29,13,32
66,107,36,11,32
67,106,30,13,32
68,118,38,12,32
69,125,36,11,32
70,109,29,12,32
71,157,40,16,32
72,110,17,7,32
73,190,91,35,32
74,101,18,6,32
75,149,40,12,32
76,192,81,27,32
77,170,67,23,32
78,268,112,37,32
79,288,89,43,32
80,170,34,12,32
81,278,108,46,32
82,117,28,7,32
83,108,23,10,32
84,125,40,13,32
85,839,784,620,32
86,211,60,21,32
87,320,151,85,32
88,109,27,13,32
89,128,36,13,32
90,111,39,18,32
91,177,66,21,32
92,115,25,3,32
93,164,47,11,32
94,121,38,9,32
95,121,42,10,32
96,140,64,19,32
97,172,49,8,32
98,103,36,15,32
99,123,36,14,32
100,242,66,20,32
101,313,142,85,32
102,104,19,6,32
103,608,570,413,32
104,114,32,8,32
105,181,71,24,32
106,137,48,16,32
107,543,466,301,32
108,102,30,10,32
109,233,79,26,32
110,161,51,14,32
111,127,50,10,32
112,554,505,374,32
113,122,46,14,32
114,516,431,230,32
115,105,22,6,32
116,235,115,52,32
117,102,19,10,32
118,102,19,8,32
119,124,31,8,32
120,101,15,2,32
121,142,54,19,32
122,261,110,49,32
123,466,350,190,32
124,122,28,13,32
125,150,41,8,32
126,115,38,12,32
127,137,45,18,32
128,105,52,14,32
129,124,29,8,32
130,207,83,33,32
131,144,49,11,32
132,110,32,7,32
133,104,20,4,32
134,461,387,231,32
135,127,50,16,32
136,101,21,8,32
137,170,73,39,32
138,141,38,10,32
139,314,171,100,32
140,258,125,66,32
141,109,25,10,32
142,109,16,5,32
143,101,25,7,32
144,162,33,9,32
145,176,63,29,32
146,105,37,9,32
147,158,46,21,32
148,143,30,11,32
149,170,55,22,32
150,271,129,57,32
151,115,24,5,32
152,130,24,6,32
153,190,69,26,32
154,324,177,97,32
155,139,62,31,32
156,103,26,7,32
157,100,36,14,32
158,104,31,10,32
159,109,46,20,32
160,101,37,16,32
161,107,24,6,32
162,110,35,7,32
163,289,101,45,32
164,113,34,10,32
165,100,17,6,32
166,160,64,25,32
167,164,46,14,32
168,153,45,11,32
169,113,30,12,32
170,122,30,8,32
171,120,48,22,32
172,389,132,59,32
173,404,226,128,32
174,114,42,9,32
175,151,47,22,32
176,163,72,33,32
177,130,35,8,32
178,277,124,59,32
179,113,49,10,32
180,123,43,13,32
181,250,85,27,32
182,101,30,10,32
183,200,40,12,32
184,112,30,6,32
185,668,567,337,32
186,104,40,11,32
187,295,127,70,32
188,117,46,11,32
189,118,43,14,32
190,102,22,6,32
191,132,70,36,32
192,132,68,24,32
193,158,68,30,32
194,252,80,44,32
195,138,41,11,32
196,132,41,16,32
197,298,151,86,32
198,230,65,20,32
199,173,62,29,32
200,104,33,7,32
201,182,70,30,32
202,145,52,24,32
203,119,44,20,32
204,106,32,15,32
205,341,184,99,32
206,141,58,24,32
207,138,46,14,32
208,410,166,77,32
209,124,36,10,32
210,105,31,12,32
211,758,698,549,32
212,103,25,9,32
213,160,41,11,32
214,240,84,34,32
215,172,61,21,32
216,142,46,22,32
217,119,57,13,32
218,100,28,8,32
219,120,46,18,32
220,122,40,11,32
221,169,39,12,32
222,324,132,64,32
223,152,45,19,32
224,104,35,10,32
225,146,61,6,32
226,160,60,28,32
227,281,101,59,32
228,111,48,16,32
229,356,185,87,32
230,352,154,87,32
231,1185,1105,899,32
232,176,83,27,32
233,102,26,10,32
234,155,66,19,32
235,164,50,24,32
236,106,17,3,32
237,126,41,16,32
238,122,60,31,32
239,116,45,16,32
240,106,26,10,32
241,152,51,19,32
242,127,35,7,32
243,100,32,10,32
244,115,49,18,32
245,102,24,5,32
246,152,50,21,32
247,100,33,13,32
248,380,200,102,32
249,143,45,17,32
250,452,414,290,32
251,173,76,24,32
252,154,53,19,32
253,180,82,29,32
254,202,68,33,32
255,257,66,34,32
256,130,34,16,32
257,102,23,4,32
258,144,44,9,32
259,425,206,115,32
260,102,29,6,32
261,148,49,25,32
262,117,36,10,32
263,203,70,31,32
264,234,97,49,32
265,737,690,549,32
266,194,74,18,32
267,117,34,13,32
268,100,24,7,32
269,138,32,8,32
270,220,69,19,32
271,220,82,37,32
272,271,98,42,32
273,115,45,19,32
274,158,42,16,32
275,131,32,10,32
276,101,38,10,32
277,413,248,171,32
278,104,42,16,32
279,244,73,30,32
280,107,33,16,32
281,115,36,11,32
282,133,31,12,32
283,113,30,10,32
284,242,101,48,32
285,105,33,11,32
286,155,58,15,32
287,225,65,23,32
288,186,63,18,32
289,231,101,21,32
290,124,41,17,32
291,243,89,36,32
292,303,134,67,32
293,164,81,26,32
294,130,51,19,32
295,138,44,25,32
296,139,43,10,32
297,194,58,24,32
298,149,39,16,32
299,199,101,34,32
300,246,67,20,32
301,101,27,5,32
302,100,21,6,32
303,255,112,43,32
304,345,148,79,32
305,110,37,14,32
306,207,42,8,32
307,1058,992,763,32
308,404,228,134,32
309,399,184,92,32
310,122,49,19,32
311,109,30,11,32
312,113,38,10,32
313,846,816,722,32
314,108,38,22,32
315,119,47,15,32
316,288,143,77,32
317,102,26,8,32
318,186,66,16,32
319,235,71,20,32
320,347,169,85,32
321,135,40,18,32
322,236,66,21,32
323,128,32,8,32
324,108,22,5,32
325,159,53,15,32
326,289,135,72,32
327,107,30,9,32
328,294,114,47,32
329,203,74,26,32
330,100,16,5,32
331,243,114,56,32
332,118,38,8,32
333,232,66,25,32
334,144,61,28,32
335,190,71,23,32
336,105,28,12,32
337,199,82,28,32
338,140,45,12,32
339,201,71,26,32
340,240,65,30,32
341,131,27,4,32
342,119,52,15,32
343,387,144,62,32
344,255,109,51,32
345,110,36,3,32
346,118,38,18,32
347,148,45,13,32
348,107,20,2,32
349,143,34,12,32
350,468,401,259,32
351,238,88,28,32
352,104,36,13,32
353,453,395,234,32
354,404,209,129,32
355,164,27,6,32
356,143,41,8,32
357,221,78,19,32
358,164,53,17,32
359,198,70,28,32
360,149,42,18,32
361,105,41,15,32
362,212,69,22,32
363,460,415,298,32
364,175,82,34,32
365,126,51,21,32
366,111,25,8,32
367,124,51,16,32
368,114,22,10,32
369,155,46,11,32
370,146,36,13,32
371,103,26,8,32
372,100,17,4,32
373,142,51,17,32
374,474,171,80,32
375,124,43,19,32
376,100,26,8,32
377,118,49,21,32
378,102,40,20,32
379,120,23,4,32
380,816,725,530,32
381,105,26,8,32
382,260,91,46,32
383,134,33,13,32
384,189,67,18,32
385,109,28,10,32
386,102,31,8,32
387,122,33,7,32
388,364,207,99,32
389,113,25,9,32
390,128,46,19,32
391,392,246,140,32
392,100,14,6,32
393,101,34,14,32
394,160,39,12,32
395,100,28,12,32
396,189,62,15,32
397,101,23,6,32
398,168,45,9,32
399,112,24,8,14
400,234,99,44,32
401,121,29,7,32
402,100,40,14,32
403,217,84,35,32
404,298,159,71,32
405,240,100,39,32
406,210,63,22,32
407,130,29,6,32
408,104,19,8,32
409,141,51,12,32
410,126,19,8,32
411,123,28,6,32
412,111,31,11,32
413,133,35,7,32
414,118,22,8,32
415,553,488,305,32
416,124,36,16,32
417,306,135,60,32
418,111,49,23,32
419,261,97,43,32
420,105,24,10,32
421,108,47,14,32
422,108,34,11,32
423,640,618,488,32
424,304,119,61,32
425,170,58,13,32
426,118,14,3,32
427,148,42,7,32
428,440,394,272,32
429,128,50,18,32
430,113,29,8,32
431,213,85,38,32
432,118,35,6,32
433,967,919,804,32
434,216,68,20,32
435,280,134,68,32
436,105,48,25,32
437,1383,1335,1217,32
438,102,32,8,32
439,130,49,21,32
440,161,46,18,32
441,121,51,17,32
442,170,46,8,32
443,392,208,115,32
444,164,40,21,32
445,138,46,13,32
446,107,21,7,32
447,108,15,6,32
448,153,51,12,32
449,142,51,20,32
450,140,62,22,32
451,107,28,6,32
452,602,547,348,32
453,131,35,9,32
454,174,68,32,32
455,123,26,8,32
456,180,75,28,32
457,125,54,24,32
458,348,188,96,32
459,849,769,509,32
460,105,34,10,32
461,189,57,13,32
462,172,41,12,32
463,121,38,11,32
464,761,705,586,32
465,126,32,8,32
466,200,110,44,32
467,159,46,13,32
468,130,45,16,32
469,143,57,21,32
470,150,48,12,32
471,119,49,28,32
472,100,42,15,32
473,1187,1121,920,32
474,105,41,7,32
475,704,600,412,32
476,312,142,72,32
477,133,31,14,32
478,240,139,76,32
479,109,36,8,32
480,155,32,11,32
481,120,38,13,32
482,409,199,104,32
483,103,37,9,32
484,112,35,8,32
485,293,103,48,32
486,153,66,25,32
487,179,58,18,32
488,118,50,17,32
489,175,60,33,32
490,136,46,18,32
491,204,70,28,32
492,240,72,29,32
493,111,29,11,32
494,194,66,23,32
495,107,35,8,32
496,130,50,17,32
497,111,36,4,32
498,623,549,339,32
499,104,22,4,32
500,112,26,7,32
501,331,163,100,32
502,182,61,17,32
503,132,38,7,32
504,261,105,43,32
505,208,64,32,32
506,327,174,76,32
507,107,27,13,32
508,247,79,23,32
509,388,201,104,32
510,122,26,9,32
511,153,65,24,32
512,103,33,10,32
513,121,21,9,32
514,245,70,34,32
515,112,21,3,32
516,105,43,13,32
517,134,37,11,32
518,113,43,13,32
519,126,49,22,32
520,108,31,11,32
521,218,75,30,32
522,178,91,30,32
523,108,27,14,32
524,124,35,11,32
525,102,21,9,32
526,341,184,104,32
527,140,36,13,32
528,106,28,10,32
529,198,77,31,32
530,111,25,9,32
531,208,66,20,32
532,531,476,303,32
533,190,67,17,32
534,133,43,12,32
535,112,40,11,32
536,139,38,13,32
537,109,38,16,32
538,169,49,20,32
539,242,122,63,32
540,293,143,79,32
541,173,59,30,32
542,322,165,90,32
543,259,82,43,32
544,232,76,27,32
545,228,71,29,32
546,113,24,2,32
547,148,49,12,32
548,152,34,14,32
549,110,27,7,32
550,168,39,9,32
551,103,32,12,32
552,145,36,14,32
553,105,35,15,32
554,117,31,7,32
555,398,165,91,32
556,170,68,21,32
557,128,50,19,32
558,1039,986,800,32
559,120,16,7,32
560,163,68,27,32
561,2498,2471,2398,32
562,113,33,10,32
563,108,41,14,32
564,268,107,65,32
565,171,61,12,32
566,320,144,68,32
567,140,41,16,32
568,132,31,7,32
569,125,32,15,32
570,213,85,26,32
571,924,898,772,32
572,118,49,25,32
573,100,30,14,32
574,450,398,245,32
575,105,36,9,32
576,116,24,9,32
577,100,21,4,32
578,182,63,32,32
579,187,55,24,32
580,140,33,15,32
581,110,38,9,32
582,110,31,10,32
583,303,138,70,32
584,239,75,27,32
585,121,40,12,32
586,128,47,20,32
587,172,62,18,32
588,197,61,22,32
589,326,132,68,32
590,118,33,5,32
591,120,31,6,32
592,119,32,6,32
593,205,68,25,32
594,170,49,12,32
595,277,90,41,32
596,131,54,21,32
597,425,234,153,32
598,112,29,5,32
599,102,29,15,32
600,331,168,106,32
601,124,19,8,32
602,740,672,468,32
603,2197,2181,2107,32
604,133,43,12,32
605,101,36,13,32
606,131,45,12,32
607,140,50,16,32
608,468,417,278,32
609,178,64,27,32
610,270,103,42,32
611,148,44,13,32
612,125,27,5,32
613,109,26,6,32
614,110,27,4,32
615,312,118,69,32
616,105,42,18,32
617,1007,925,712,32
618,159,47,20,32
619,101,28,5,32
620,123,41,15,32
621,126,23,9,32
622,116,32,15,32
623,160,38,16,32
624,104,34,13,32
625,135,47,11,32
626,111,39,12,32
627,134,39,20,32
628,210,77,42,30
629,304,155,83,32
630,121,39,16,32
631,117,34,8,32
632,232,68,31,32
633,100,34,6,32
634,152,40,13,32
635,127,53,21,32
636,110,34,9,32
637,193,39,17,32
638,186,60,29,32
639,368,207,110,32
640,156,48,24,32
641,120,59,30,32
642,1017,964,785,32
643,106,45,13,32
644,106,32,10,32
645,242,99,35,32
646,103,37,13,32
647,142,48,22,32
648,103,26,8,32
649,190,94,43,32
650,205,56,30,32
651,102,34,12,32
652,169,71,27,32
653,185,50,18,32
654,130,43,10,32
655,103,19,0,32
656,108,31,14,32
657,155,67,26,32
658,116,52,22,32
659,144,48,18,32
660,146,44,14,32
661,106,17,4,32
662,1486,1461,1400,32
663,165,44,10,32
664,306,145,84,32
665,123,39,7,32
666,127,39,16,32
667,175,49,23,32
668,467,392,234,32
669,126,33,14,32
670,219,101,45,32
671,1218,1135,875,32
672,108,30,12,32
673,298,130,73,32
674,142,53,24,32
675,183,62,28,32
676,110,25,5,32
677,112,32,2,32
678,181,55,16,32
679,109,36,10,32
680,126,40,11,32
681,298,150,99,32
682,108,26,7,32
683,198,88,40,32
684,291,130,63,32
685,107,25,5,32
686,103,39,20,32
687,230,78,23,32
688,107,28,8,32
689,222,81,26,32
690,100,33,11,32
691,123,39,12,32
692,191,60,14,32
693,155,49,13,32
694,223,85,37,32
695,105,29,10,32
696,137,53,20,32
697,235,107,46,32
698,205,73,20,32
699,181,65,23,32
700,244,58,26,32
701,156,41,8,32
702,247,101,43,32
703,106,38,14,32
704,230,86,40,32
705,378,219,148,32
706,102,26,2,32
707,117,40,12,32
708,127,39,14,32
709,295,111,52,32
710,108,35,14,32
711,170,73,40,32
712,121,35,11,32
713,249,89,36,32
714,106,37,10,32
715,245,103,40,32
716,251,85,25,32
717,102,39,12,32
718,110,46,13,32
719,130,39,19,32
720,112,32,7,32
721,176,80,36,32
722,238,145,70,32
723,239,71,28,32
724,111,35,9,32
725,247,95,43,32
726,125,30,9,32
727,129,35,10,32
728,128,40,10,32
729,1677,1656,1618,32
730,141,42,15,32
731,103,39,9,32
732,173,50,22,32
733,128,36,8,32
734,111,33,15,32
735,248,112,55,32
736,183,51,21,32
737,120,24,6,32
738,377,192,112,32
739,104,37,11,32
740,173,62,29,32
741,532,452,238,32
742,170,43,13,32
743,147,52,11,32
744,156,47,14,32
745,105,24,5,32
746,132,48,7,32
747,169,61,23,32
748,149,38,10,32
749,119,43,9,32
750,108,25,3,32
751,879,816,603,32
752,100,18,6,32
753,104,23,2,32
754,109,30,10,32
755,429,220,108,32
756,181,49,13,32
757,139,65,16,32
758,196,4,4,32
759,145,36,11,32
760,250,113,61,32
761,125,44,13,32
762,190,79,30,32
763,210,89,33,32
764,107,25,7,32
765,110,42,9,32
766,127,55,21,32
767,106,28,9,32
768,145,46,9,32
769,100,39,15,32
770,204,76,39,32
771,477,383,201,32
772,141,41,16,32
773,114,23,4,32
774,170,57,21,32
775,131,48,19,32
776,117,40,7,32
777,188,71,34,32
778,383,197,125,32
779,113,37,5,32
780,154,71,33,32
781,109,28,15,32
782,132,36,12,32
783,100,26,10,32
784,688,634,462,32
785,151,32,7,32
786,193,71,22,32
787,302,152,79,32
788,114,34,7,32
789,462,400,249,32
790,168,60,22,32
791,113,37,9,32
792,128,27,8,32
793,113,38,14,32
794,121,35,8,32
795,146,45,13,32
796,101,40,19,32
797,127,53,18,32
798,116,41,9,32
799,298,107,42,32
800,127,42,12,32
801,167,55,13,32
802,139,38,16,32
803,233,69,20,32
804,169,49,16,32
805,208,87,25,32
806,332,183,114,32
807,250,127,73,32
808,176,50,24,32
809,102,19,7,32
810,103,37,19,32
811,138,46,10,32
812,114,28,11,32
813,123,39,14,32
814,122,30,12,32
815,157,58,18,32
816,150,20,2,32
817,149,59,17,32
818,109,25,9,32
819,118,36,8,32
820,113,29,13,32
821,109,30,11,32
822,107,39,15,32
823,188,46,26,32
824,149,43,17,32
825,126,48,11,32
826,161,51,24,32
827,264,102,48,32
828,453,392,216,32
829,102,18,4,32
830,193,98,47,32
831,273,108,51,32
832,171,67,19,32
833,164,46,9,32
834,103,25,7,32
835,230,98,34,32
836,100,30,9,32
837,106,29,3,32
838,269,97,38,32
839,366,176,100,32
840,242,74,30,32
841,118,44,14,32
842,184,58,27,32
843,154,37,14,32
844,108,38,12,32
845,109,24,3,32
846,203,75,38,32
847,163,51,19,32
848,133,37,11,32
849,102,32,9,32
850,103,26,9,32
851,193,64,21,32
852,106,29,8,32
853,209,81,26,32
854,380,223,110,32
855,145,55,14,32
856,137,47,20,32
857,217,101,39,32
858,175,54,23,32
859,151,51,33,32
860,100,24,8,32
861,136,23,10,32
862,128,40,14,32
863,158,70,25,32
864,210,96,43,32
865,120,28,10,32
866,220,53,19,32
867,254,104,54,32
868,186,74,35,32
869,728,661,470,32
870,132,44,21,32
871,148,55,17,32
872,127,49,14,32
873,121,53,27,32
874,118,38,11,32
875,121,32,10,32
876,121,29,8,32
877,104,20,3,32
878,524,471,284,32
879,2096,2042,1936,32
880,199,60,35,32
881,117,21,6,32
882,100,24,9,32
883,367,183,97,32
884,935,876,729,32
885,114,21,3,32
886,368,187,96,32
887,117,20,6,32
888,176,53,16,32
889,107,38,9,32
890,132,43,13,32
891,217,85,27,32
892,157,50,24,32
893,165,56,20,32
894,174,38,12,32
895,119,39,7,32
896,212,73,17,32
897,137,53,19,32
898,104,28,8,32
899,208,75,25,32
900,128,49,11,32
901,304,158,85,32
902,110,30,7,32
903,136,37,11,32
904,103,21,6,32
905,315,142,65,32
906,132,49,17,32
907,202,74,27,32
908,218,72,29,32
909,101,30,9,32
910,105,30,6,32
911,122,54,20,32
912,141,40,21,32
913,102,16,4,32
914,241,132,77,32
915,101,18,2,32
916,115,24,10,32
917,186,34,8,32
918,192,65,17,32
919,150,37,11,32
920,348,153,75,32
921,153,48,18,32
922,110,28,4,32
923,107,44,14,32
924,175,77,29,32
925,132,32,12,32
926,144,36,6,32
927,1953,1925,1851,32
928,142,52,21,32
929,144,56,19,32
930,111,27,6,32
931,191,92,50,32
932,127,34,7,32
933,108,34,17,32
934,113,29,9,32
935,842,768,551,32
936,149,39,9,32
937,465,437,324,32
938,111,33,9,32
939,106,24,10,32
940,120,47,23,32
941,177,56,14,32
942,246,92,44,32
943,508,427,245,32
944,145,34,9,32
945,152,45,16,32
946,105,27,12,32
947,103,20,5,32
948,197,65,24,32
949,210,80,29,32
950,193,85,26,32
951,165,40,16,32
952,263,84,35,32
953,148,50,17,32
954,323,119,59,32
955,123,30,8,32
956,258,89,47,32
957,179,51,18,32
958,143,49,16,32
959,146,63,20,32
960,155,48,10,32
961,112,37,9,32
962,261,103,48,32
963,151,46,18,32
964,105,36,11,32
965,104,21,9,32
966,128,31,6,32
967,111,30,12,32
968,107,45,12,32
969,272,107,53,32
970,153,47,19,32
971,100,29,9,32
972,114,28,7,32
973,220,77,20,32
974,109,24,9,32
975,120,39,19,32
976,104,26,8,32
977,129,33,14,32
978,141,48,8,32
979,119,36,11,32
980,142,52,14,32
981,170,64,23,32
982,102,18,10,32
983,106,24,2,32
984,222,84,36,32
985,107,30,13,32
986,104,29,7,32
987,199,89,42,32
988,102,24,8,32
989,134,50,18,32
990,236,104,50,32
991,282,161,94,32
992,160,51,22,32
993,166,51,14,32
994,1116,1028,756,32
995,1051,954,741,32
996,120,28,9,32
997,215,76,33,32
998,475,379,213,32
999,326,144,79,32
1000,119,37,16,32
1001,112,26,4,32
1002,150,51,18,32
1003,100,25,7,32
1004,1177,1071,826,32
1005,114,27,16,32
1006,174,54,14,32
1007,109,37,17,32
1008,168,46,18,32
1009,112,24,6,32
1010,141,30,11,32
1011,164,59,33,32
1012,120,33,14,32
1013,190,60,20,32
1014,607,549,389,32
1015,104,29,10,32
1016,108,36,15,32
1017,229,77,33,32
1018,165,54,24,32
1019,313,130,59,32
1020,217,99,37,32
1021,549,501,306,32
1022,222,80,27,32
1023,148,43,18,32
1024,119,45,12,32
1025,155,50,19,32
1026,144,33,11,32
1027,149,53,17,32
1028,154,63,19,32
1029,943,861,674,32
1030,152,42,19,32
1031,279,109,63,32
1032,103,40,12,32
1033,135,25,9,32
1034,160,47,18,32
1035,145,47,21,32
1036,151,53,17,32
1037,662,589,392,32
1038,146,41,12,32
1039,498,448,280,32
1040,181,52,16,32
1041,136,40,13,32
1042,142,38,15,32
1043,154,47,19,32
1044,112,36,9,32
1045,243,77,30,32
1046,100,28,9,32
1047,123,28,13,32
1048,137,54,22,32
1049,110,30,7,32
1050,111,22,8,32
1051,340,199,104,32
1052,126,48,19,32
1053,186,65,25,32
1054,103,16,9,32
1055,116,25,12,32
1056,102,19,4,32
1057,131,31,6,32
1058,117,31,13,32
1059,144,39,14,32
1060,115,48,25,32
1061,197,55,21,32
1062,506,463,304,32
1063,154,38,17,32
1064,319,149,84,32
1065,186,75,28,32
1066,109,36,5,32
1067,119,30,9,32
1068,360,187,98,32
1069,177,71,21,32
1070,103,25,9,32
1071,140,33,8,32
1072,212,63,23,32
1073,246,119,44,32
1074,183,61,21,32
1075,127,36,9,32
1076,207,72,29,32
1077,179,47,20,32
1078,196,62,32,32
1079,101,36,11,32
1080,127,31,15,32
1081,191,78,35,32
1082,128,29,8,32
1083,207,72,26,32
1084,103,27,5,32
1085,130,33,6,32
1086,200,74,22,32
1087,159,64,29,32
1088,124,53,15,28
1089,380,203,117,32
1090,107,27,12,32
1091,399,212,145,32
1092,165,44,12,32
1093,162,84,45,32
1094,112,30,9,32
1095,117,26,4,32
1096,103,33,2,32
1097,213,69,28,32
1098,119,24,5,32
1099,158,36,10,32
1100,118,18,2,32
1101,230,58,17,32
1102,148,50,30,32
1103,267,102,45,32
1104,105,23,12,32
1105,119,45,18,32
1106,135,35,13,32
1107,134,48,16,32
1108,116,22,5,32
1109,108,38,10,32
1110,111,19,4,32
1111,162,71,23,32
1112,106,40,16,32
1113,362,134,63,32
1114,218,109,43,32
1115,121,42,13,32
1116,357,190,105,32
1117,109,30,5,32
1118,147,29,10,32
1119,228,71,31,32
1120,113,29,6,32
1121,133,41,9,32
1122,419,240,135,32
1123,117,26,7,32
1124,156,51,12,32
1125,167,49,15,32
1126,101,27,8,32
1127,110,47,18,32
1128,108,30,16,32
1129,105,20,7,32
1130,112,22,9,32
1131,250,86,31,32
1132,199,66,21,32
1133,400,251,148,32
1134,184,84,34,32
1135,126,39,10,32
1136,117,53,22,32
1137,130,52,16,32
1138,130,38,12,32
1139,117,27,7,32
1140,101,25,5,32
1141,200,43,9,32
1142,266,133,60,32
1143,123,38,7,32
1144,153,44,11,32
1145,137,49,15,32
1146,185,66,25,32
1147,291,68,42,32
1148,124,43,17,32
1149,182,58,34,32
1150,138,60,38,32
1151,181,66,32,32
1152,129,39,16,32
1153,113,34,10,32
1154,196,66,26,32
1155,153,56,38,32
1156,118,37,12,32
1157,113,52,17,32
1158,119,57,21,32
1159,150,41,13,32
1160,215,79,25,32
1161,233,109,40,32
1162,128,36,13,32
1163,122,38,15,32
1164,1287,1247,1123,32
1165,116,36,8,32
1166,254,122,60,32
1167,2927,2927,2927,32
1168,120,38,10,32
1169,189,89,25,32
1170,355,162,87,32
1171,127,36,9,32
1172,104,40,7,32
1173,168,55,19,32
1174,100,23,4,32
1175,139,45,19,32
1176,226,87,30,32
1177,126,43,12,32
1178,659,576,373,32
1179,100,26,3,32
1180,497,422,266,32
1181,127,50,11,32
1182,102,35,13,32
1183,123,30,11,32
1184,111,34,9,32
1185,121,23,8,32
1186,120,33,13,32
1187,111,40,16,32
1188,128,32,15,32
1189,102,35,9,32
1190,115,30,9,32
1191,114,39,14,32
1192,181,96,30,32
1193,111,48,20,32
1194,154,41,11,32
1195,116,30,12,32
1196,261,107,48,32
1197,119,46,14,32
1198,113,33,4,32
1199,119,29,10,32
1200,357,178,83,32
1201,101,22,4,32
1202,109,37,21,32
1203,100,30,10,32
1204,112,25,9,32
1205,166,56,24,32
1206,117,38,5,32
1207,225,82,32,32
1208,121,27,8,32
1209,934,872,722,32
1210,113,26,9,32
1211,117,22,4,32
1212,399,195,102,32
1213,121,36,6,32
1214,130,43,21,32
1215,326,151,82,32
1216,104,32,9,32
1217,153,74,25,32
1218,188,63,33,32
1219,144,47,18,32
1220,119,28,11,32
1221,104,40,12,32
1222,116,41,13,32
1223,202,65,20,32
1224,129,40,17,32
1225,780,755,550,32
1226,205,68,30,32
1227,155,55,24,32
1228,264,129,60,32
1229,101,37,16,32
1230,153,40,16,32
1231,188,62,29,32
1232,100,39,18,32
1233,123,30,8,32
1234,802,730,566,32
1235,104,32,9,32
1236,343,186,113,32
1237,145,33,13,32
1238,145,33,9,32
1239,153,43,11,32
1240,168,39,10,32
1241,139,43,14,32
1242,209,148,61,32
1243,1107,1056,897,32
1244,231,66,18,32
1245,507,442,261,32
1246,101,30,8,32
1247,102,23,9,32
1248,146,40,16,32
1249,101,27,13,32
1250,143,48,12,32
1251,120,35,21,32
1252,512,447,278,32
1253,141,52,18,32
1254,206,62,20,32
1255,324,163,72,32
1256,103,37,8,32
1257,122,27,6,32
1258,213,60,27,32
1259,134,45,13,32
1260,135,29,10,32
1261,312,144,64,32
1262,133,58,26,32
1263,124,46,12,32
1264,108,30,8,32
1265,371,159,88,32
1266,126,61,22,32
1267,102,30,13,32
1268,341,193,112,32
1269,107,22,8,32
1270,107,38,14,32
1271,103,35,10,32
1272,119,16,4,32
1273,131,36,13,32
1274,351,199,116,32
1275,122,27,4,32
1276,118,25,12,32
1277,117,23,8,32
1278,139,45,15,32
1279,212,87,32,32
1280,209,65,39,32
1281,131,41,8,32
1282,109,28,10,32
1283,154,58,10,32
1284,108,31,12,32
1285,101,34,9,32
1286,255,88,34,32
1287,101,32,13,32
1288,110,37,14,32
1289,425,227,115,32
1290,116,62,28,32
1291,132,29,9,32
1292,123,55,17,32
1293,115,43,17,32
1294,165,56,19,32
1295,124,46,24,32
1296,113,31,8,32
1297,113,35,11,32
1298,112,43,5,32
1299,131,41,10,32
1300,2364,2338,2280,32
1301,223,113,55,32
1302,148,41,23,32
1303,145,54,14,32
1304,102,29,9,32
1305,111,51,15,32
1306,494,422,249,32
1307,102,37,9,32
1308,157,52,19,32
1309,101,28,12,32
1310,121,37,15,32
1311,136,42,10,32
1312,117,29,6,32
1313,142,49,15,32
1314,100,34,8,32
1315,128,47,19,32
1316,473,404,231,32
1317,109,44,21,32
1318,154,53,14,32
1319,115,28,16,32
1320,173,45,17,32
1321,129,45,16,32
1322,146,44,16,32
1323,176,59,23,32
1324,353,182,95,32
1325,127,44,14,32
1326,171,41,12,32
1327,102,26,14,32
1328,613,534,330,32
1329,101,51,24,32
1330,101,37,7,32
1331,453,354,189,32
1332,206,86,31,32
1333,115,29,6,32
1334,130,48,10,32
1335,355,231,138,32
1336,199,68,27,32
1337,365,150,79,32
1338,128,42,14,32
1339,121,26,3,32
1340,131,23,6,32
1341,120,33,9,32
1342,104,24,10,32
1343,107,28,4,32
1344,154,23,5,32
1345,126,43,18,32
1346,108,19,7,32
1347,113,33,12,32
1348,1375,1328,1145,32
1349,215,70,32,32
1350,110,33,11,32
1351,100,35,10,32
1352,166,50,14,32
1353,102,20,6,32
1354,200,78,31,32
1355,181,77,25,32
1356,103,39,18,32
1357,188,58,16,32
1358,192,64,28,32
1359,296,113,47,32
1360,364,138,64,32
1361,127,22,5,32
1362,172,49,16,32
1363,101,24,7,32
1364,118,35,11,32
1365,108,23,8,32
1366,223,107,56,32
1367,105,28,9,32
1368,251,62,29,32
1369,129,40,11,32
1370,168,69,25,32
1371,266,90,44,32
1372,133,41,14,32
1373,159,47,21,32
1374,293,113,57,32
1375,165,59,17,32
1376,115,31,8,32
1377,148,64,25,32
1378,237,71,23,32
1379,782,683,474,32
1380,117,33,10,32
1381,166,52,7,32
1382,157,41,11,32
1383,106,17,3,32
1384,307,129,50,32
1385,114,33,10,32
1386,618,516,296,32
1387,102,40,18,32
1388,108,24,10,32
1389,127,33,16,32
1390,104,29,4,32
1391,105,29,13,32
1392,112,36,8,32
1393,257,125,64,32
1394,186,76,27,32
1395,114,23,12,32
1396,358,186,100,32
1397,164,49,20,32
1398,242,79,25,32
1399,230,73,21,32
1400,189,84,34,32
1401,202,71,23,32
1402,199,57,25,32
1403,109,42,10,32
1404,184,68,21,32
1405,100,29,14,32
1406,793,689,464,32
1407,161,32,11,32
1408,184,73,38,32
1409,101,23,5,32
1410,485,438,261,32
1411,163,61,19,32
1412,237,95,44,32
1413,111,34,9,32
1414,262,111,48,32
1415,105,24,5,32
1416,307,128,55,32
1417,434,290,189,32
1418,117,32,15,32
1419,165,51,16,32
1420,115,38,21,32
1421,142,32,16,32
1422,393,188,119,32
1423,172,55,18,32
1424,100,24,7,32
1425,274,97,54,32
1426,186,37,6,32
1427,166,43,11,32
1428,143,53,21,32
1429,106,37,8,32
1430,105,30,5,32
1431,113,32,8,32
1432,217,99,49,32
1433,105,47,12,32
1434,242,90,31,32
1435,246,108,42,32
1436,177,61,16,32
1437,113,23,5,32
1438,100,37,12,32
1439,369,203,102,32
1440,108,47,21,32
1441,234,78,30,32
1442,223,81,25,32
1443,114,36,10,32
1444,196,83,33,32
1445,177,51,19,32
1446,101,33,11,32
1447,115,31,15,32
1448,409,214,119,32
1449,140,49,18,32
1450,242,77,47,32
1451,100,28,3,32
1452,102,23,8,32
1453,412,154,78,32
1454,100,29,11,32
1455,126,33,8,32
1456,166,41,7,32
1457,111,28,8,32
1458,129,23,5,32
1459,422,182,87,32
1460,130,43,19,32
1461,125,33,11,32
1462,1054,935,758,32
1463,230,70,28,32
1464,125,52,23,32
1465,117,34,13,32
1466,101,37,14,32
1467,302,134,78,32
1468,217,88,35,32
1469,265,119,58,32
1470,144,38,9,32
1471,196,93,46,32
1472,303,132,69,32
1473,160,65,20,32
1474,102,32,8,32
1475,137,58,26,32
1476,122,32,11,32
1477,144,38,13,32
1478,130,47,15,32
1479,159,61,21,32
1480,110,28,9,32
1481,112,36,7,32
1482,133,43,11,32
1483,140,58,23,32
1484,120,40,8,32
1485,137,49,22,32
1486,148,25,8,32
1487,119,25,9,32
1488,145,36,9,32
1489,1449,1431,1386,32
1490,147,38,11,32
1491,119,32,15,32
1492,114,32,15,32
1493,115,39,10,32
1494,135,26,9,32
1495,108,32,13,32
1496,165,58,24,32
1497,163,56,25,32
1498,101,23,5,32
1499,171,46,16,32
1500,175,79,34,32
1501,111,30,6,32
1502,238,97,33,32
1503,164,37,12,32
1504,105,30,10,32
1505,108,28,7,32
1506,151,59,20,32
1507,141,43,4,32
1508,160,53,24,32
1509,130,36,14,32
1510,119,43,14,32
1511,392,207,107,32
1512,121,32,8,32
1513,117,35,12,32
1514,162,58,24,32
1515,136,34,10,32
1516,129,40,12,32
1517,109,26,8,32
1518,119,26,5,32
1519,135,55,15,32
1520,114,33,9,32
1521,112,24,9,32
1522,265,141,54,32
1523,117,37,12,32
1524,143,45,10,32
1525,121,27,9,32
1526,170,46,15,32
1527,169,44,12,32
1528,166,52,27,32
1529,410,166,86,32
1530,750,706,577,32
1531,119,33,8,32
1532,146,55,17,32
1533,158,56,24,32
1534,258,100,51,32
1535,204,67,29,32
1536,109,33,6,32
1537,135,51,18,32
1538,122,35,13,32
1539,140,47,14,32
1540,145,40,13,32
1541,366,197,97,32
1542,104,31,8,32
1543,137,50,23,32
1544,106,32,8,32
1545,100,23,9,32
1546,103,27,10,32
1547,119,29,9,32
1548,116,31,6,32
1549,260,126,67,32
1550,118,50,18,32
1551,120,45,20,32
1552,108,21,6,32
1553,264,143,58,32
1554,102,33,7,32
1555,116,31,7,32
1556,395,195,105,32
1557,267,105,45,32
1558,746,690,525,32
1559,204,78,33,32
1560,145,54,20,32
1561,340,144,72,32
1562,112,31,10,32
1563,148,57,21,32
1564,114,28,9,32
1565,123,23,7,32
1566,116,32,12,32
1567,234,99,38,32
1568,614,565,364,32
1569,112,36,16,32
1570,317,138,73,32
1571,107,39,10,32
1572,141,42,18,32
1573,108,32,11,32
1574,338,142,61,32
1575,111,52,13,32
1576,141,36,8,32
1577,144,44,12,32
1578,126,34,10,32
1579,116,14,2,32
1580,100,47,11,32
1581,114,47,19,32
1582,239,100,35,32
1583,110,28,6,32
1584,179,70,22,32
1585,269,135,58,32
1586,146,37,14,32
1587,156,42,14,32
1588,140,45,22,32
1589,139,67,28,32
1590,152,61,24,32
1591,202,86,30,32
1592,110,38,15,32
1593,145,46,21,32
1594,143,46,9,32
1595,103,34,10,32
1596,139,38,18,32
1597,131,46,19,32
1598,336,183,82,32
1599,120,34,11,32
1600,156,52,18,32
1601,122,39,16,32
1602,103,26,13,32
1603,368,186,120,32
1604,136,40,7,32
1605,631,574,339,32
1606,290,119,48,32
1607,123,46,21,32
1608,118,56,20,32
1609,121,45,14,32
1610,107,41,19,32
1611,394,165,87,32
1612,187,42,6,32
1613,119,28,5,32
1614,187,77,26,32
1615,169,44,9,32
1616,1400,1390,1343,32
1617,114,34,10,32
1618,106,29,14,32
1619,1024,936,691,32
1620,237,84,26,32
1621,107,41,10,32
1622,133,56,21,32
1623,257,115,52,32
1624,207,83,34,32
1625,250,99,47,32
1626,104,37,9,32
1627,158,26,6,32
1628,157,47,8,32
1629,160,43,11,32
1630,153,37,11,32
1631,103,33,9,32
1632,107,27,11,32
1633,189,64,15,32
1634,121,48,21,32
1635,110,38,17,32
1636,135,40,15,32
1637,113,25,10,32
1638,283,143,73,32
1639,111,35,10,32
1640,133,45,15,32
1641,197,74,28,32
1642,164,55,18,32
1643,117,25,5,32
1644,117,53,14,32
1645,366,209,116,32
1646,270,120,54,32
1647,110,39,11,32
1648,134,47,13,32
1649,101,34,13,32
1650,155,46,11,32
1651,113,38,16,32
1652,258,126,49,32
1653,197,57,23,32
1654,169,48,10,32
1655,116,24,8,32
1656,227,84,32,32
1657,451,398,264,32
1658,144,52,22,32
1659,103,43,11,32
1660,142,45,15,32
1661,692,598,393,32
1662,193,64,26,32
1663,109,26,12,32
1664,112,37,18,32
1665,508,414,212,32
1666,126,24,9,32
1667,144,34,12,32
1668,105,38,14,32
1669,492,402,250,32
1670,133,55,19,32
1671,248,102,47,32
1672,105,20,10,32
1673,116,35,7,32
1674,210,76,29,32
1675,139,47,10,32
1676,411,171,91,32
1677,251,114,64,32
1678,100,24,7,32
1679,303,102,49,32
1680,172,62,13,32
1681,430,230,132,32
1682,218,76,20,32
1683,175,53,17,32
1684,138,47,14,32
1685,145,45,14,32
1686,121,25,7,32
1687,159,55,20,32
1688,123,35,14,32
1689,115,31,8,32
1690,169,68,14,32
1691,112,47,22,32
1692,292,163,103,32
1693,118,18,6,32
1694,134,40,11,32
1695,136,43,15,32
1696,110,36,4,32
1697,142,42,15,32
1698,121,28,8,32
1699,111,23,9,32
1700,257,99,46,32
1701,112,38,12,32
1702,111,30,9,32
1703,156,33,10,32
1704,515,425,266,32
1705,534,488,304,32
1706,228,73,34,32
1707,104,19,6,32
1708,255,103,54,32
1709,189,100,33,32
1710,155,36,14,32
1711,101,35,8,32
1712,107,26,6,32
1713,108,42,16,32
1714,101,33,10,32
1715,104,31,5,32
1716,349,160,77,32
1717,226,81,36,32
1718,118,37,11,32
1719,151,51,18,32
1720,237,107,31,32
1721,124,25,9,32
1722,584,513,325,32
1723,149,42,17,32
1724,124,32,13,32
1725,114,53,18,32
1726,101,28,13,32
1727,140,60,19,32
1728,206,76,23,32
1729,163,61,36,32
1730,122,39,15,32
1731,147,50,29,32
1732,206,70,20,32
1733,279,126,63,32
1734,126,44,12,32
1735,108,37,11,32
1736,124,45,18,32
1737,137,33,15,32
1738,141,53,19,32
1739,131,35,12,32
1740,113,31,9,32
1741,128,35,14,32
1742,102,41,4,32
1743,124,33,5,32
1744,145,68,23,32
1745,169,93,47,32
1746,101,26,7,32
1747,232,65,31,32
1748,190,96,40,32
1749,465,403,252,32
1750,112,44,12,32
1751,124,25,8,32
1752,185,73,39,32
1753,109,27,9,32
1754,561,505,339,32
1755,146,43,13,32
1756,199,76,37,32
1757,128,37,12,32
1758,137,47,9,32
1759,114,33,6,32
1760,100,28,5,32
1761,155,73,37,32
1762,116,36,16,32
1763,103,23,7,32
1764,104,32,9,32
1765,114,26,8,32
1766,136,49,14,32
1767,605,534,380,32
1768,122,40,17,32
1769,112,30,12,32
1770,132,22,5,32
1771,111,36,9,32
1772,107,31,13,32
1773,157,37,12,32
1774,153,52,19,32
1775,105,30,12,32
1776,109,26,3,32
1777,142,39,16,32
1778,132,46,8,32
1779,287,123,64,32
1780,150,58,24,32
1781,101,27,7,32
1782,103,28,14,32
1783,109,30,8,32
1784,175,49,19,32
1785,103,17,6,32
1786,200,76,28,32
1787,143,44,16,32
1788,102,27,14,32
1789,114,19,3,32
1790,245,110,63,32
1791,272,121,51,32
1792,148,53,14,32
1793,246,99,25,32
1794,142,41,12,32
1795,124,54,23,32
1796,116,52,16,32
1797,228,61,20,32
1798,394,167,87,32
1799,106,40,11,32
1800,132,35,9,32
1801,135,59,24,32
1802,167,36,10,32
1803,124,46,21,32
1804,100,18,5,32
1805,124,31,10,32
1806,1009,975,794,32
1807,107,21,6,32
1808,101,20,3,32
1809,287,108,59,32
1810,144,47,16,32
1811,205,57,22,32
1812,143,43,17,32
1813,222,97,49,32
1814,125,44,20,32
1815,130,27,7,32
1816,2035,2028,2006,32
1817,148,47,17,32
1818,145,29,6,32
1819,107,35,13,32
1820,358,181,83,32
1821,112,29,12,32
1822,108,26,11,32
1823,110,27,10,32
1824,117,25,5,32
1825,287,114,56,32
1826,558,488,326,32
1827,100,35,11,32
1828,166,28,6,32
1829,237,94,42,32
1830,166,74,32,32
1831,100,20,4,32
1832,108,26,12,32
1833,105,32,8,32
1834,103,30,10,32
1835,110,46,14,32
1836,399,180,98,32
1837,238,104,45,32
1838,126,52,15,32
1839,105,23,4,32
1840,133,57,30,32
1841,118,27,8,32
1842,228,97,34,32
1843,100,35,13,32
1844,130,24,2,32
1845,138,53,16,32
1846,114,29,9,32
1847,107,29,8,32
1848,129,44,18,32
1849,303,128,56,32
1850,110,33,13,32
1851,267,104,47,32
1852,108,51,13,32
1853,289,107,50,32
1854,101,32,10,32
1855,208,77,28,32
1856,102,17,4,32
1857,136,24,3,32
1858,120,42,10,32
1859,421,223,122,32
1860,119,32,13,32
1861,103,24,13,32
1862,114,30,7,32
1863,291,105,49,32
1864,108,35,11,32
1865,111,15,2,32
1866,104,20,14,32
1867,105,30,12,32
1868,105,29,12,32
1869,235,73,33,32
1870,532,423,220,32
1871,134,51,17,32
1872,125,36,7,32
1873,107,42,14,32
1874,147,31,8,32
1875,114,23,3,32
1876,223,86,34,32
1877,139,54,18,32
1878,680,590,361,32
1879,110,33,17,32
1880,145,44,13,32
1881,111,54,17,32
1882,235,71,25,32
1883,370,181,104,32
1884,141,59,15,32
1885,104,28,9,32
1886,116,26,8,32
1887,376,168,90,32
1888,196,70,26,32
1889,187,44,11,32
1890,168,68,19,32
1891,270,102,55,32
1892,176,50,15,32
1893,222,82,28,32
1894,136,38,9,32
1895,388,167,71,32
1896,172,42,13,32
1897,105,19,4,32
1898,114,40,9,32
1899,132,45,18,32
1900,139,37,10,32
1901,198,69,21,32
1902,114,41,13,32
1903,2883,2883,2883,32
1904,146,50,14,32
1905,107,30,14,32
1906,132,35,11,32
1907,113,39,20,32
1908,161,60,20,32
1909,123,58,15,32
1910,160,65,21,32
1911,138,65,26,32
1912,149,67,27,32
1913,435,211,89,32
1914,120,33,12,32
1915,144,40,16,32
1916,167,46,15,32
1917,121,28,7,32
1918,225,98,31,32
1919,262,120,58,32
1920,129,54,24,32
1921,147,69,26,32
1922,112,32,5,32
1923,194,73,22,32
1924,593,514,318,32
1925,192,56,17,32
1926,154,45,19,32
1927,100,47,20,32
1928,147,61,20,32
1929,173,59,23,32
1930,134,28,14,32
1931,301,152,77,32
1932,162,42,11,32
1933,234,88,34,32
1934,102,19,3,32
1935,208,59,23,32
1936,280,128,72,32
1937,104,24,9,32
1938,104,26,6,32
1939,1796,1780,1746,32
1940,301,120,65,32
1941,144,55,20,32
1942,111,20,8,32
1943,172,47,14,32
1944,136,39,12,32
1945,274,137,54,32
1946,110,30,15,32
1947,121,25,2,32
1948,209,82,34,32
1949,104,38,9,32
1950,315,31,15,32
1951,193,81,31,32
1952,101,35,11,32
1953,204,94,34,32
1954,110,35,13,32
1955,114,41,19,32
1956,108,27,17,32
1957,921,864,668,32
1958,128,28,7,32
1959,903,840,694,32
1960,171,53,16,32
1961,123,23,7,32
1962,104,32,8,32
1963,165,50,12,32
1964,184,47,13,32
1965,239,86,31,32
1966,295,168,100,32
1967,172,63,23,32
1968,116,29,8,32
1969,118,20,1,32
1970,117,25,10,32
1971,154,33,13,32
1972,447,403,241,32
1973,132,37,13,32
1974,105,29,7,32
1975,135,28,15,32
1976,169,40,15,32
1977,208,71,30,32
1978,177,70,30,32
1979,177,100,42,32
1980,133,18,5,32
1981,131,35,9,32
1982,260,98,49,32
1983,139,38,8,32
1984,102,27,7,32
1985,201,77,36,32
1986,123,37,13,32
1987,130,39,6,32
1988,117,34,16,32
1989,103,41,13,32
1990,286,99,47,32
1991,101,21,6,32
1992,143,32,11,32
1993,105,35,12,32
1994,128,47,13,32
1995,838,776,566,32
1996,163,42,14,32
1997,168,30,5,32
1998,203,69,26,32
1999,106,32,7,32
2000,101,42,14,32
2001,172,45,13,32
2002,182,66,26,32
2003,154,45,17,32
2004,187,84,23,32
2005,120,42,14,32
2006,1130,1063,865,32
2007,208,69,19,32
2008,128,35,14,32
2009,3308,3308,3308,32
2010,234,74,24,32
2011,152,26,11,32
2012,101,30,5,32
2013,193,75,17,32
2014,312,152,79,32
2015,139,41,13,32
2016,113,31,9,32
2017,167,68,33,32
2018,106,39,12,32
2019,123,33,8,32
2020,136,33,14,32
2021,114,25,8,32
2022,140,36,10,32
2023,101,22,4,32
2024,104,26,7,32
2025,191,81,33,32
2026,164,59,22,32
2027,346,141,70,32
2028,136,40,16,32
2029,504,455,290,32
2030,156,38,18,32
2031,308,155,65,32
2032,977,885,711,32
2033,146,42,17,32
2034,157,40,13,32
2035,107,29,6,32
2036,176,57,17,32
2037,117,24,4,32
2038,118,18,5,32
2039,227,86,36,32
2040,129,36,14,32
2041,257,111,54,32
2042,248,77,28,32
2043,181,83,36,32
2044,124,41,13,32
2045,938,848,612,32
2046,447,409,288,32
2047,127,38,18,32
2048,363,174,78,32
2049,168,56,20,32
2050,108,36,12,32
2051,141,49,28,32
2052,113,35,10,32
2053,291,125,55,32
2054,120,37,12,32
2055,185,53,24,32
2056,297,123,67,32
2057,126,41,11,32
2058,307,152,87,32
2059,1054,946,631,32
2060,110,33,7,32
2061,154,62,24,32
2062,342,220,146,32
2063,158,31,9,32
2064,101,28,9,32
2065,146,31,8,32
2066,111,25,9,32
2067,145,52,18,32
2068,555,471,272,32
2069,159,42,20,32
2070,159,33,14,32
2071,123,29,9,32
2072,120,34,15,32
2073,230,86,38,32
2074,112,26,10,32
2075,313,128,54,32
2076,140,37,9,32
2077,271,123,60,32
2078,129,46,17,32
2079,153,50,24,32
2080,119,25,7,32
2081,143,39,12,32
2082,125,37,13,32
2083,139,50,13,32
2084,177,63,19,32
2085,122,48,20,32
2086,113,29,12,32
2087,124,50,16,32
2088,136,33,6,32
2089,489,422,288,32
2090,189,78,36,32
2091,203,70,20,32
2092,169,41,8,32
2093,123,31,9,32
2094,105,32,10,32
2095,361,200,97,32
2096,109,29,7,32
2097,119,38,11,32
2098,129,39,17,32
2099,136,53,18,32
2100,121,42,21,32
2101,334,171,94,32
2102,224,73,32,32
2103,202,78,25,32
2104,194,66,24,32
2105,133,49,11,32
2106,105,29,9,32
2107,133,49,13,32
2108,200,74,24,32
2109,340,158,89,32
2110,126,29,5,32
2111,816,754,578,32
2112,120,25,7,32
2113,436,266,143,32
2114,119,26,3,32
2115,324,160,93,32
2116,140,34,6,32
2117,142,40,13,32
2118,129,28,8,32
2119,129,30,7,32
2120,124,36,12,32
2121,274,111,54,32
2122,128,30,9,32
2123,100,26,12,32
2124,153,37,7,32
2125,120,39,16,32
2126,921,864,691,32
2127,219,80,28,32
2128,138,64,29,32
2129,149,73,21,32
2130,105,27,9,32
2131,321,161,82,32
2132,105,26,6,32
2133,223,71,27,32
2134,154,71,32,32
2135,100,22,3,32
2136,180,50,14,32
2137,403,204,108,32
2138,157,53,19,32
2139,119,37,15,32
2140,145,54,18,32
2141,129,40,15,32
2142,209,55,17,32
2143,107,27,8,32
2144,161,54,23,32
2145,106,20,6,32
2146,105,35,7,15
2147,102,28,15,32
2148,109,29,12,32
2149,106,41,11,32
2150,138,57,18,32
2151,226,74,30,32
2152,209,81,30,32
2153,118,28,9,32
2154,105,27,11,32
2155,123,46,10,32
2156,104,38,13,32
2157,124,51,22,32
2158,104,29,4,32
2159,203,53,28,32
2160,165,47,14,32
2161,239,78,41,32
2162,119,42,18,32
2163,145,53,15,32
2164,308,143,61,32
2165,111,19,6,32
2166,115,27,7,32
2167,140,40,14,32
2168,114,25,6,32
2169,171,68,21,32
2170,147,44,12,32
2171,231,85,30,32
2172,164,39,11,32
2173,124,45,14,32
2174,124,23,11,32
2175,132,44,16,32
2176,242,90,42,32
2177,142,60,17,32
2178,245,120,58,32
2179,105,36,9,32
2180,136,38,6,32
2181,119,32,17,32
2182,366,184,106,32
2183,182,91,37,32
2184,119,30,7,32
2185,132,45,12,32
2186,134,47,18,32
2187,113,55,24,32
2188,187,50,16,32
2189,118,32,8,32
2190,140,48,21,32
2191,215,105,30,32
2192,477,418,262,32
2193,112,48,14,32
2194,175,51,22,32
2195,217,111,59,32
2196,117,25,7,32
2197,163,55,18,32
2198,149,49,15,32
2199,401,215,129,32
2200,169,56,21,32
2201,378,144,69,32
2202,110,55,17,32
2203,103,35,8,32
2204,108,35,9,32
2205,383,195,125,32
2206,742,670,513,32
2207,262,101,39,32
2208,119,30,8,32
2209,497,413,252,32
2210,101,37,13,32
2211,193,93,33,32
2212,253,132,59,32
2213,139,55,25,32
2214,466,373,200,32
2215,166,62,26,32
2216,164,66,23,32
2217,170,73,35,32
2218,112,38,22,32
2219,331,153,59,32
2220,109,27,8,32
2221,115,31,9,32
2222,171,62,32,32
2223,140,46,11,32
2224,121,32,10,32
2225,227,93,37,32
2226,120,22,6,32
2227,102,29,9,32
2228,711,626,406,32
2229,303,131,64,32
2230,124,38,13,32
2231,189,55,20,32
2232,106,37,13,32
2233,453,390,271,32
2234,334,148,81,32
2235,188,69,21,32
2236,175,42,13,32
2237,104,23,9,32
2238,223,87,27,32
2239,176,81,30,32
2240,221,98,33,32
2241,127,29,8,32
2242,419,236,131,32
2243,157,46,14,32
2244,141,47,16,32
2245,102,15,3,32
2246,178,67,37,32
2247,117,41,11,32
2248,101,27,5,32
2249,156,56,22,32
2250,103,25,11,32
2251,141,63,17,32
2252,128,43,18,32
2253,304,114,52,32
2254,276,98,37,32
2255,142,63,23,32
2256,100,27,11,32
2257,112,32,4,32
2258,229,92,29,32
2259,165,46,20,32
2260,156,42,13,32
2261,319,146,79,32
2262,117,32,15,32
2263,113,23,16,32
2264,189,55,21,32
2265,155,50,20,32
2266,130,46,13,32
2267,105,17,5,32
2268,112,36,11,32
2269,101,29,11,32
2270,101,38,9,32
2271,235,80,39,32
2272,154,39,16,32
2273,126,32,10,32
2274,165,51,13,32
2275,227,121,51,32
2276,113,22,8,32
2277,146,42,13,32
2278,316,124,57,32
2279,547,482,299,32
2280,172,58,23,32
2281,163,35,10,32
2282,196,63,20,32
2283,111,25,6,32
2284,133,38,13,32
2285,222,74,32,32
2286,139,36,11,32
2287,106,14,2,32
2288,565,502,335,32
2289,133,40,14,32
2290,115,31,10,32
2291,105,27,9,32
2292,149,36,9,32
2293,156,48,12,32
2294,165,58,20,32
2295,654,614,395,32
2296,701,607,417,32
2297,171,40,16,32
2298,218,71,26,32
2299,100,29,6,32
2300,185,67,28,32
2301,368,161,103,32
2302,192,54,22,32
2303,113,28,8,32
2304,120,43,20,32
2305,216,58,25,32
2306,178,89,39,32
2307,129,41,14,32
2308,252,80,38,32
2309,189,49,19,32
2310,350,188,101,32
2311,134,45,19,32
2312,334,136,53,32
2313,108,40,10,32
2314,107,47,23,32
2315,112,30,7,32
2316,1518,1493,1398,32
2317,114,26,7,32
2318,148,66,27,32
2319,118,31,12,32
2320,308,133,62,32
2321,118,34,17,32
2322,143,37,8,32
2323,268,135,68,32
2324,226,77,31,32
2325,256,78,39,32
2326,120,43,13,32
2327,286,110,55,32
2328,104,20,0,26
2329,134,37,14,32
2330,168,71,21,32
2331,132,20,10,32
2332,114,54,31,32
2333,381,154,80,32
2334,129,44,15,32
2335,318,106,50,32
2336,145,41,22,32
2337,181,54,21,32
2338,260,58,31,32
2339,121,30,11,32
2340,176,55,22,32
2341,142,27,6,32
2342,122,28,11,32
2343,676,578,366,32
2344,399,231,136,32
2345,115,27,6,32
2346,134,64,24,32
2347,310,129,56,32
2348,164,30,9,32
2349,265,124,46,32
2350,347,157,84,32
2351,151,31,17,32
2352,183,75,36,32
2353,139,44,14,32
2354,107,34,14,32
2355,127,40,8,32
2356,119,37,8,32
2357,262,94,33,32
2358,203,67,21,32
2359,121,35,13,32
2360,380,165,94,32
2361,123,38,13,32
2362,170,44,11,32
2363,155,70,14,32
2364,143,38,13,32
2365,806,775,666,32
2366,196,59,14,32
2367,134,62,22,32
2368,113,43,11,32
2369,149,34,11,32
2370,312,174,103,32
2371,170,54,11,32
2372,159,54,27,32
2373,285,140,80,32
2374,102,24,10,32
2375,111,28,9,32
2376,141,41,12,32
2377,107,27,5,32
2378,220,67,23,32
2379,227,74,24,32
2380,108,35,13,32
2381,128,44,17,32
2382,104,30,18,32
2383,235,84,36,32
2384,107,45,17,32
2385,101,34,11,32
2386,103,23,5,32
2387,120,42,11,32
2388,209,61,24,32
2389,521,460,284,32
2390,185,53,21,32
2391,195,74,23,32
2392,135,33,7,32
2393,100,33,13,32
2394,153,51,22,32
2395,164,68,31,32
2396,151,55,31,32
2397,140,37,14,32
2398,169,66,19,32
2399,364,166,92,32
2400,137,54,23,32
2401,112,26,7,32
2402,236,96,46,32
2403,126,45,14,32
2404,101,51,19,32
2405,112,50,11,32
2406,213,106,41,32
2407,139,66,19,32
2408,1105,1023,727,32
2409,153,44,17,32
2410,116,34,8,32
2411,142,51,13,32
2412,149,44,21,32
2413,123,34,7,32
2414,291,99,42,32
2415,108,33,15,32
2416,334,178,93,32
2417,196,96,33,32
2418,450,399,262,32
2419,347,160,89,32
2420,121,49,23,32
2421,143,18,4,32
2422,142,40,12,32
2423,105,44,13,32
2424,132,53,15,32
2425,170,46,21,32
2426,101,36,14,32
2427,130,44,12,32
2428,115,31,8,32
2429,438,387,228,32
2430,1247,1160,904,32
2431,131,48,16,32
2432,682,559,310,32
2433,163,49,10,32
2434,100,27,7,32
2435,116,34,12,32
2436,141,46,18,32
2437,173,38,14,32
2438,105,29,8,32
2439,155,47,22,32
2440,358,141,84,32
2441,121,42,18,32
2442,114,38,11,32
2443,173,56,15,32
2444,120,29,13,32
2445,205,119,53,32
2446,120,30,7,32
2447,179,91,26,32
2448,158,71,34,32
2449,141,38,10,32
2450,349,137,67,32
2451,176,77,28,32
2452,140,38,6,32
2453,101,41,12,32
2454,146,32,8,32
2455,101,31,12,32
2456,137,31,15,32
2457,184,66,28,32
2458,119,32,14,32
2459,354,154,73,32
2460,102,19,5,32
2461,167,47,20,32
2462,277,114,46,32
2463,126,41,12,32
2464,223,88,24,32
2465,104,38,9,32
2466,244,94,46,32
2467,248,100,52,32
2468,249,91,41,32
2469,446,390,245,32
2470,134,43,13,32
2471,177,77,35,32
2472,430,257,155,32
2473,109,24,10,32
2474,116,20,7,32
2475,217,94,23,32
2476,187,52,18,32
2477,510,438,295,32
2478,105,21,6,32
2479,288,125,70,32
2480,266,118,70,32
2481,156,52,17,32
2482,112,40,16,32
2483,191,53,10,32
2484,430,192,89,32
2485,197,51,12,32
2486,116,18,4,32
2487,120,47,15,32
2488,135,48,21,32
2489,316,122,42,32
2490,382,259,177,32
2491,270,81,43,32
2492,126,34,16,32
2493,103,40,18,32
2494,139,38,10,32
2495,573,530,377,32
2496,105,37,9,32
2497,109,45,13,32
2498,104,21,15,32
2499,115,34,8,32
2500,157,46,15,32
2501,137,51,17,32
2502,107,27,10,32
2503,111,28,11,32
2504,128,38,14,32
2505,117,41,17,32
2506,101,25,7,32
2507,118,44,16,32
2508,569,499,282,32
2509,255,83,26,32
2510,220,63,24,32
2511,147,46,17,32
2512,110,42,6,32
2513,219,84,22,32
2514,184,91,36,32
2515,576,509,314,32
2516,284,121,59,32
2517,115,41,10,32
2518,114,16,4,32
2519,107,22,7,32
2520,104,32,12,32
2521,105,26,11,32
2522,125,39,14,32
2523,120,35,14,32
2524,313,112,54,32
2525,127,33,11,32
2526,167,55,16,32
2527,114,38,8,32
2528,112,30,10,32
2529,222,71,24,32
2530,149,44,10,32
2531,153,41,16,32
2532,151,43,9,32
2533,169,68,16,32
2534,255,75,32,32
2535,100,16,6,32
2536,793,751,598,32
2537,120,44,13,32
2538,205,69,28,32
2539,167,55,13,32
2540,114,47,16,32
2541,148,44,18,32
2542,141,43,23,32
2543,106,26,7,32
2544,110,38,13,32
2545,122,28,12,32
2546,130,36,11,32
2547,238,54,13,32
2548,104,32,6,32
2549,151,42,14,32
2550,101,20,5,32
2551,566,426,232,32
2552,117,57,13,32
2553,109,45,20,32
2554,154,73,28,32
2555,1095,993,785,32
2556,190,87,34,32
2557,187,62,20,32
2558,273,95,52,32
2559,107,16,5,32
2560,103,26,7,32
2561,117,43,12,32
2562,103,38,15,32
2563,123,23,5,32
2564,137,38,9,32
2565,283,141,74,32
2566,107,25,7,32
2567,112,18,7,32
2568,134,55,22,32
2569,114,36,7,32
2570,710,547,249,32
2571,180,66,19,32
2572,113,33,5,32
2573,274,138,92,32
2574,163,53,18,32
2575,102,27,5,32
2576,139,64,21,32
2577,105,44,12,32
2578,174,56,32,32
2579,348,164,82,32
2580,171,56,19,32
2581,100,33,4,32
2582,117,44,21,32
2583,105,23,10,32
2584,126,30,9,32
2585,165,51,17,32
2586,195,38,9,32
2587,153,60,25,32
2588,299,145,69,32
2589,135,71,21,32
2590,207,85,27,32
2591,232,82,27,32
2592,143,38,12,32
2593,333,132,57,32
2594,213,77,25,32
2595,162,44,11,32
2596,134,32,8,32
2597,125,36,10,32
2598,212,63,31,32
2599,137,53,16,32
2600,157,51,17,32
2601,434,226,165,32
2602,140,39,10,32
2603,108,21,7,32
2604,126,26,9,32
2605,453,361,206,32
2606,135,43,15,32
2607,137,52,16,32
2608,188,78,31,32
2609,133,53,16,32
2610,111,38,8,32
2611,108,37,12,32
2612,152,96,36,32
2613,116,24,5,32
2614,100,42,19,32
2615,110,34,13,32
2616,110,36,11,32
2617,109,30,4,32
2618,130,40,4,32
2619,146,44,16,32
2620,146,33,10,32
2621,135,62,25,32
2622,147,80,50,32
2623,323,166,89,32
2624,142,58,15,32
2625,149,60,28,32
2626,341,141,67,32
2627,121,62,17,32
2628,121,33,7,32
2629,160,67,17,32
2630,100,41,10,32
2631,131,47,13,32
2632,139,50,14,32
2633,102,27,12,32
2634,269,116,62,32
2635,131,49,22,32
2636,243,69,22,32
2637,492,438,311,32
2638,690,610,413,32
2639,194,62,22,32
2640,155,49,13,32
2641,112,19,5,32
2642,107,27,3,32
2643,113,30,8,32
2644,121,42,10,32
2645,155,43,11,32
2646,153,46,11,32
2647,120,22,5,32
2648,344,141,68,32
2649,305,190,113,32
2650,162,41,11,32
2651,375,186,95,32
2652,180,55,16,32
2653,125,39,12,32
2654,183,58,23,32
2655,164,57,23,32
2656,108,30,8,32
2657,179,61,26,32
2658,175,59,15,32
2659,180,54,25,32
2660,123,35,15,32
2661,147,57,16,32
2662,128,37,7,32
2663,161,42,11,32
2664,117,30,11,32
2665,264,105,47,32
2666,132,39,14,32
2667,117,37,13,32
2668,112,27,11,32
2669,231,84,38,32
2670,123,33,7,32
2671,439,387,254,32
2672,432,192,106,32
2673,126,24,5,32
2674,121,36,16,32
2675,306,136,71,32
2676,137,40,13,32
2677,178,62,22,32
2678,113,35,6,32
2679,167,70,27,32
2680,105,20,7,32
2681,204,82,29,32
2682,113,42,6,32
2683,184,73,26,32
2684,135,54,25,32
2685,104,35,11,32
2686,164,37,14,32
2687,152,48,18,32
2688,141,63,21,32
2689,553,464,253,32
2690,134,52,13,32
2691,115,29,11,32
2692,120,36,6,32
2693,177,56,28,32
2694,124,25,15,32
2695,461,426,314,32
2696,159,21,9,32
2697,122,34,12,32
2698,102,31,10,32
2699,263,89,47,32
2700,109,26,2,32
2701,451,374,222,32
2702,171,35,10,32
2703,251,88,47,32
2704,101,36,12,32
2705,432,237,151,32
2706,212,57,17,32
2707,201,51,28,32
2708,129,34,10,32
2709,143,59,28,32
2710,456,384,242,32
2711,123,45,19,32
2712,125,28,4,32
2713,127,33,10,32
2714,109,40,8,32
2715,256,106,56,32
2716,116,32,10,32
2717,114,32,11,32
2718,181,62,26,32
2719,109,31,10,32
2720,209,87,31,32
2721,110,35,6,32
2722,115,43,9,32
2723,104,27,10,32
2724,131,44,16,32
2725,141,38,13,32
2726,150,53,17,32
2727,349,213,115,32
2728,179,66,20,32
2729,214,43,14,32
2730,292,161,88,32
2731,601,514,303,32
2732,113,26,7,32
2733,214,83,30,32
2734,765,716,536,32
2735,279,92,34,32
2736,196,80,26,32
2737,241,106,47,32
2738,430,220,113,32
2739,284,149,72,32
2740,167,67,28,32
2741,116,26,4,32
2742,216,90,27,32
2743,278,121,44,32
2744,124,43,9,32
2745,116,31,9,32
2746,101,27,4,32
2747,228,62,23,32
2748,121,38,20,32
2749,239,103,39,32
2750,810,767,607,32
2751,141,38,15,32
2752,136,55,15,32
2753,325,147,99,32
2754,232,86,35,32
2755,626,570,348,32
2756,225,82,26,32
2757,111,26,7,32
2758,121,37,12,32
2759,112,36,9,32
2760,100,25,7,32
2761,118,36,6,32
2762,152,49,16,32
2763,102,39,19,32
2764,148,49,15,32
2765,132,44,20,32
2766,118,40,20,32
2767,246,84,30,32
2768,127,37,20,32
2769,131,46,15,32
2770,133,55,17,32
2771,115,39,7,32
2772,201,90,22,32
2773,173,47,12,32
2774,172,67,35,32
2775,158,41,9,32
2776,127,36,15,32
2777,392,197,113,32
2778,111,22,5,32
2779,129,36,9,32
2780,393,180,99,32
2781,164,43,8,32
2782,108,20,7,32
2783,133,48,18,32
2784,101,38,16,32
2785,129,49,26,32
2786,117,25,9,32
2787,108,35,12,32
2788,164,45,19,32
2789,212,85,33,32
2790,126,30,12,32
2791,105,54,24,32
2792,160,48,21,32
2793,127,47,14,32
2794,115,26,4,32
2795,151,56,22,32
2796,552,497,334,32
2797,157,34,13,32
2798,156,51,14,32
2799,133,42,12,32
2800,334,155,84,32
2801,107,32,9,32
2802,197,76,32,32
2803,133,49,18,32
2804,138,39,16,32
2805,346,159,77,32
2806,123,21,5,32
2807,106,34,15,32
2808,107,12,3,32
2809,128,32,5,32
2810,562,510,320,32
2811,159,50,15,32
2812,108,42,11,32
2813,108,30,8,32
2814,122,38,16,32
2815,111,33,13,32
2816,105,27,7,32
2817,159,53,16,32
2818,116,49,18,32
2819,159,47,15,32
2820,323,119,52,32
2821,107,28,13,32
2822,503,440,234,32
2823,171,53,19,32
2824,119,22,13,32
2825,179,52,17,32
2826,249,95,30,32
2827,321,133,66,32
2828,107,27,10,32
2829,210,75,26,32
2830,226,91,34,32
2831,219,73,22,32
2832,379,193,98,32
2833,102,14,4,32
2834,133,53,21,32
2835,139,35,8,32
2836,112,31,9,32
2837,185,80,27,32
2838,174,72,32,32
2839,116,32,6,32
2840,184,68,16,32
2841,127,43,13,32
2842,115,25,9,32
2843,205,67,19,32
2844,192,52,19,32
2845,108,41,10,32
2846,150,69,32,32
2847,360,187,104,32
2848,106,42,13,32
2849,458,367,225,32
2850,691,617,384,32
2851,429,230,107,32
2852,131,50,21,32
2853,121,32,8,32
2854,144,44,16,32
2855,108,38,13,32
2856,107,31,5,32
2857,4091,4091,4091,32
2858,137,38,12,32
2859,128,52,19,32
2860,143,52,25,32
2861,169,48,18,32
2862,161,36,13,32
2863,288,74,36,32
2864,128,44,14,32
2865,889,812,571,32
2866,132,45,13,32
2867,408,197,99,32
2868,104,19,3,32
2869,188,56,15,32
2870,148,42,13,32
2871,111,35,13,32
2872,120,30,6,32
2873,423,229,145,32
2874,107,33,13,32
2875,138,27,6,32
2876,278,122,55,32
2877,137,33,11,32
2878,1022,945,734,32
2879,179,70,20,32
2880,282,129,63,32
2881,184,68,26,32
2882,207,66,23,32
2883,127,35,12,32
2884,118,28,7,32
2885,108,22,8,32
2886,118,25,11,32
2887,107,44,20,32
2888,653,586,363,32
2889,155,58,22,32
2890,124,40,10,32
2891,189,80,40,32
2892,565,408,185,32
2893,109,42,16,32
2894,102,28,7,32
2895,621,507,264,32
2896,109,39,9,32
2897,111,32,9,32
2898,136,41,14,32
2899,100,32,11,32
2900,126,44,10,32
2901,110,29,3,32
2902,130,50,18,32
2903,245,109,47,32
2904,137,45,16,32
2905,115,24,7,32
2906,465,378,223,32
2907,179,75,31,32
2908,247,79,31,32
2909,111,34,12,32
2910,115,36,9,32
2911,118,17,8,32
2912,250,106,48,32
2913,190,34,9,32
2914,140,42,15,32
2915,595,502,279,32
2916,108,45,21,32
2917,174,46,9,32
2918,187,69,27,32
2919,140,39,15,32
2920,102,29,7,32
2921,108,46,12,32
2922,103,31,6,32
2923,113,30,6,32
2924,106,33,9,32
2925,117,41,15,32
2926,228,92,42,32
2927,138,37,13,32
2928,100,34,9,32
2929,168,43,14,32
2930,208,75,20,32
2931,108,21,7,32
2932,113,42,9,32
2933,202,67,20,32
2934,154,50,19,32
2935,119,33,6,32
2936,104,40,14,32
2937,210,59,24,32
2938,204,69,33,32
2939,114,52,26,32
2940,469,402,262,32
2941,108,32,9,32
2942,140,46,15,32
2943,127,42,14,32
2944,232,89,46,32
2945,1153,1087,911,32
2946,129,62,32,32
2947,129,46,13,32
2948,102,29,7,32
2949,126,25,10,32
2950,136,40,21,32
2951,146,42,13,32
2952,122,33,15,32
2953,124,29,9,32
2954,201,70,29,32
2955,111,40,16,32
2956,165,78,39,32
2957,111,35,11,32
2958,129,38,11,32
2959,143,45,19,32
2960,113,32,10,32
2961,163,56,21,32
2962,111,27,9,32
2963,136,43,15,32
2964,1217,1140,911,32
2965,169,63,27,32
2966,116,37,15,32
2967,256,81,39,32
2968,148,62,34,32
2969,194,56,17,32
2970,107,44,20,32
2971,874,832,651,32
2972,181,76,28,32
2973,1555,1546,1521,32
2974,204,93,48,32
2975,116,30,11,32
2976,109,27,8,32
2977,169,36,16,32
2978,100,38,16,32
2979,112,37,9,32
2980,492,428,301,32
2981,105,31,14,32
2982,231,98,36,32
2983,240,54,21,32
2984,126,35,8,32
2985,212,78,46,32
2986,110,38,12,32
2987,118,28,9,32
2988,141,41,10,32
2989,132,51,15,32
2990,222,58,28,32
2991,300,142,71,32
2992,108,37,7,32
2993,288,115,58,32
2994,106,25,7,32
2995,116,39,14,32
2996,111,39,16,32
2997,106,36,11,32
2998,196,60,24,32
2999,200,57,19,32
3000,101,35,10,32
3001,112,38,4,32
3002,120,40,15,32
3003,188,62,25,32
3004,108,28,2,32
3005,138,55,16,32
3006,181,54,17,32
3007,108,37,15,32
3008,159,73,32,32
3009,136,23,2,32
3010,106,29,10,32
3011,132,50,20,32
3012,131,38,8,32
3013,106,32,9,32
3014,147,35,8,32
3015,111,28,6,32
3016,177,61,11,32
3017,168,55,16,32
3018,132,36,16,32
3019,362,171,98,32
3020,131,43,14,32
3021,531,470,279,32
3022,123,35,12,32
3023,107,35,15,32
3024,378,225,125,32
3025,660,601,428,32
3026,109,16,2,32
3027,101,47,16,32
3028,196,66,28,32
3029,109,28,13,32
3030,236,85,39,32
3031,101,30,7,32
3032,288,101,34,32
3033,1119,1035,760,32
3034,100,26,2,32
3035,156,60,19,32
3036,171,58,19,32
3037,112,20,7,32
3038,104,32,20,26
3039,110,20,6,32
3040,105,34,6,32
3041,104,21,12,32
3042,303,129,78,32
3043,118,32,12,32
3044,152,50,14,32
3045,199,75,36,32
3046,192,58,14,32
3047,163,62,23,32
3048,116,52,17,32
3049,111,23,7,32
3050,333,119,71,32
3051,231,75,32,32
3052,166,55,32,32
3053,212,86,35,32
3054,111,41,12,32
3055,129,35,9,32
3056,126,43,12,32
3057,102,32,8,32
3058,120,32,8,32
3059,137,46,14,32
3060,342,158,93,32
3061,110,55,21,32
3062,106,28,8,32
3063,128,38,14,32
3064,141,47,12,32
3065,141,36,15,32
3066,124,41,15,32
3067,128,36,24,32
3068,170,73,25,32
3069,146,68,24,32
3070,156,49,16,32
3071,112,33,11,32
3072,117,24,5,32
3073,132,37,11,32
3074,117,25,13,32
3075,361,177,86,32
3076,212,65,15,32
3077,129,31,9,32
3078,164,68,28,32
3079,175,55,14,32
3080,193,71,24,32
3081,130,28,7,32
3082,157,74,24,32
3083,195,75,27,32
3084,115,34,10,32
3085,126,58,26,32
3086,109,35,14,32
3087,211,86,31,32
3088,110,33,11,32
3089,132,49,16,32
3090,136,28,8,32
3091,112,28,10,32
3092,107,25,6,32
3093,144,49,12,32
3094,252,123,59,32
3095,166,42,10,32
3096,102,28,13,32
3097,117,28,13,32
3098,309,107,44,32
3099,193,77,36,32
3100,107,38,11,32
3101,139,37,9,32
3102,100,33,8,32
3103,132,28,10,32
3104,139,47,25,32
3105,192,63,16,32
3106,109,44,12,32
3107,451,384,267,32
3108,128,51,16,32
3109,115,35,14,32
3110,100,27,10,32
3111,138,58,22,32
3112,130,47,12,32
3113,105,35,21,15
3114,513,456,296,32
3115,189,53,18,32
3116,379,196,104,32
3117,685,610,413,32
3118,268,137,64,32
3119,620,534,331,32
3120,178,52,18,32
3121,701,631,396,32
3122,119,37,12,32
3123,172,48,16,32
3124,131,31,10,32
3125,106,30,8,32
3126,231,66,26,32
3127,124,47,18,32
3128,235,93,32,32
3129,250,108,49,32
3130,194,64,19,32
3131,110,30,12,32
3132,109,37,13,32
3133,220,75,35,32
3134,110,20,6,32
3135,306,134,66,32
3136,143,41,10,32
3137,170,45,13,32
3138,173,42,22,32
3139,128,40,10,32
3140,129,39,7,32
3141,117,29,10,32
3142,100,29,7,32
3143,117,39,20,32
3144,285,97,45,32
3145,174,56,21,32
3146,261,96,49,32
3147,153,63,26,32
3148,121,39,8,32
3149,143,52,25,32
3150,141,45,16,32
3151,107,32,10,32
3152,164,78,22,32
3153,170,61,18,32
3154,275,114,54,32
3155,134,38,16,32
3156,163,62,28,32
3157,109,24,4,32
3158,154,63,23,32
3159,128,38,11,32
3160,102,19,5,32
3161,239,84,28,32
3162,153,53,23,32
3163,100,27,8,32
3164,119,40,10,32
3165,110,32,14,32
3166,124,56,20,31
3167,110,26,4,32
3168,206,82,33,32
3169,922,819,609,32
3170,118,27,11,32
3171,165,74,30,32
3172,174,66,13,32
3173,291,141,60,32
3174,106,29,10,32
3175,175,57,21,32
3176,370,184,109,32
3177,137,43,12,32
3178,124,27,8,32
3179,116,37,9,32
3180,115,42,13,32
3181,120,33,6,32
3182,108,29,9,32
3183,140,32,7,32
3184,497,436,283,32
3185,112,23,7,32
3186,139,55,19,32
3187,461,401,261,32
3188,216,96,42,32
3189,279,105,57,32
3190,110,16,9,32
3191,111,35,12,32
3192,111,40,19,32
3193,106,33,10,32
3194,154,59,15,32
3195,117,26,10,32
3196,196,77,29,32
3197,100,18,5,32
3198,126,37,14,32
3199,100,28,13,32
3200,108,37,12,32
3201,163,53,26,32
3202,301,114,48,32
3203,128,45,10,32
3204,124,30,11,32
3205,117,38,22,32
3206,198,74,30,32
3207,102,37,10,32
3208,133,46,14,32
3209,134,38,6,32
3210,1383,1341,1207,32
3211,330,142,71,32
3212,325,137,58,32
3213,111,42,16,32
3214,128,32,10,32
3215,109,27,6,32
3216,331,181,87,32
3217,156,34,13,32
3218,122,25,6,32
3219,109,27,12,32
3220,162,65,23,32
3221,114,12,6,32
3222,195,65,22,32
3223,115,36,9,32
3224,103,39,13,32
3225,230,88,34,32
3226,119,39,17,32
3227,107,33,16,32
3228,151,62,23,32
3229,1050,1001,861,32
3230,125,45,13,32
3231,330,155,84,32
3232,165,51,21,32
3233,123,31,8,32
3234,176,44,16,32
3235,134,49,13,32
3236,136,35,6,32
3237,102,25,5,32
3238,181,73,18,32
3239,124,50,31,32
3240,142,47,16,32
3241,118,20,6,32
3242,260,127,62,32
3243,566,474,242,32
3244,139,32,13,32
3245,147,73,34,32
3246,183,51,17,32
3247,124,48,25,32
3248,149,39,12,32
3249,110,37,13,32
3250,532,480,331,32
3251,119,41,11,32
3252,148,46,10,32
3253,390,191,118,32
3254,115,40,13,32
3255,155,25,14,32
3256,147,31,8,32
3257,118,40,14,32
3258,116,34,11,32
3259,120,23,8,32
3260,115,34,11,32
3261,176,79,25,32
3262,109,23,8,32
3263,107,26,2,32
3264,103,31,5,32
3265,1194,1117,987,32
3266,178,54,23,32
3267,272,111,54,32
3268,111,26,8,32
3269,100,12,1,32
3270,229,81,37,32
3271,153,51,22,32
3272,232,95,38,32
3273,253,92,43,32
3274,2622,2598,2524,32
3275,109,27,5,32
3276,104,32,11,32
3277,124,40,10,32
3278,106,45,19,32
3279,286,149,76,32
3280,405,212,129,32
3281,115,47,17,32
3282,148,63,32,32
3283,137,35,6,32
3284,202,84,37,32
3285,124,30,7,32
3286,111,31,6,32
3287,362,151,73,32
3288,102,36,9,32
3289,117,26,4,32
3290,141,33,13,32
3291,453,408,218,32
3292,569,493,302,32
3293,142,51,14,32
3294,125,38,8,32
3295,122,40,17,32
3296,142,33,11,32
3297,126,29,11,32
3298,158,75,28,32
3299,151,45,13,32
3300,189,70,29,32
3301,176,74,32,32
3302,146,29,7,32
3303,153,41,9,32
3304,120,43,11,32
3305,122,40,16,32
3306,790,722,524,32
3307,310,124,66,32
3308,146,54,20,32
3309,175,50,15,32
3310,110,42,14,32
3311,180,80,31,32
3312,127,35,15,32
3313,157,44,18,32
3314,192,68,21,32
3315,146,56,16,32
3316,106,28,6,32
3317,144,41,17,32
3318,167,48,22,32
3319,110,38,12,32
3320,255,157,93,32
3321,317,156,78,32
3322,109,1,0,26
3323,135,29,12,32
3324,139,42,16,32
3325,116,24,6,32
3326,168,38,15,32
3327,283,131,67,32
3328,277,132,80,32
3329,197,57,25,32
3330,106,39,12,32
3331,100,41,10,32
3332,124,46,20,32
3333,124,50,15,32
3334,115,31,10,32
3335,108,29,9,32
3336,207,82,24,32
3337,637,591,423,32
3338,107,21,7,32
3339,136,45,19,32
3340,131,37,10,32
3341,201,68,27,32
3342,113,46,15,32
3343,707,642,436,32
3344,332,156,77,32
3345,520,433,289,32
3346,215,71,24,32
3347,102,29,11,32
3348,121,47,16,32
3349,141,55,35,32
3350,114,32,10,32
3351,146,47,15,32
3352,186,63,28,32
3353,170,56,18,32
3354,117,49,25,32
3355,276,131,69,32
3356,101,16,4,32
3357,125,33,15,32
3358,139,47,23,32
3359,172,52,14,32
3360,122,49,11,32
3361,115,29,12,32
3362,130,33,10,32
3363,141,36,17,32
3364,166,48,16,32
3365,936,852,636,32
3366,195,83,26,32
3367,233,92,23,32
3368,150,30,8,32
3369,110,36,16,32
3370,103,33,6,32
3371,194,77,24,32
3372,146,29,12,32
3373,133,31,13,32
3374,178,62,21,32
3375,105,30,15,32
3376,109,23,6,32
3377,113,30,9,32
3378,111,48,18,32
3379,163,63,24,32
3380,216,53,25,32
3381,417,176,91,32
3382,101,33,14,32
3383,107,36,8,32
3384,396,220,117,32
3385,107,29,9,32
3386,119,50,12,32
3387,168,55,21,32
3388,356,195,117,32
3389,107,34,12,32
3390,498,415,230,32
3391,106,33,11,32
3392,547,485,296,32
3393,251,91,44,32
3394,578,523,365,32
3395,105,21,4,32
3396,123,29,8,32
3397,110,28,5,32
3398,100,29,8,32
3399,329,147,66,32
3400,1161,1029,759,32
3401,101,33,9,32
3402,126,42,16,32
3403,108,22,5,32
3404,122,56,24,32
3405,111,56,13,32
3406,221,71,34,32
3407,199,66,27,32
3408,120,27,15,32
3409,280,142,66,32
3410,332,155,81,32
3411,179,69,19,32
3412,275,118,52,32
3413,102,44,6,32
3414,150,45,19,32
3415,450,356,217,32
3416,155,49,9,32
3417,104,36,11,32
3418,197,74,34,32
3419,102,33,12,32
3420,116,31,9,32
3421,116,27,3,32
3422,108,30,8,32
3423,150,57,20,32
3424,337,220,152,32
3425,129,36,16,32
3426,250,120,59,32
3427,2739,2739,2739,32
3428,153,51,21,32
3429,529,465,278,32
3430,113,45,17,32
3431,133,36,14,32
3432,199,87,36,32
3433,327,151,97,32
3434,130,48,22,32
3435,153,47,20,32
3436,323,128,68,32
3437,155,40,12,32
3438,198,86,28,32
3439,141,43,7,32
3440,117,19,7,32
3441,111,25,7,32
3442,232,95,35,32
3443,121,34,7,32
3444,128,44,18,32
3445,133,30,9,32
3446,118,39,8,32
3447,115,35,11,32
3448,103,24,6,32
3449,142,59,20,32
3450,102,29,6,32
3451,1524,1509,1490,32
3452,122,27,7,32
3453,105,24,9,32
3454,198,99,28,32
3455,548,491,328,32
3456,151,39,13,32
3457,243,122,55,32
3458,100,29,6,32
3459,438,354,181,32
3460,489,421,251,32
3461,135,44,22,32
3462,134,41,11,32
3463,121,38,12,32
3464,123,33,2,32
3465,119,30,5,32
3466,108,33,9,32
3467,107,33,10,32
3468,449,394,260,32
3469,320,149,75,32
3470,146,56,22,32
3471,531,488,322,32
3472,130,37,7,32
3473,209,59,26,32
3474,117,34,10,32
3475,143,47,11,32
3476,115,24,8,32
3477,174,56,14,32
3478,197,72,39,32
3479,113,28,6,32
3480,464,396,226,32
3481,111,36,9,32
3482,179,73,33,32
3483,100,37,7,32
3484,202,64,23,32
3485,103,27,11,32
3486,261,130,61,32
3487,132,41,8,32
3488,129,57,22,32
3489,142,63,25,32
3490,217,62,18,32
3491,104,31,6,32
3492,174,49,16,32
3493,534,471,304,32
3494,116,28,8,32
3495,354,179,98,32
3496,113,45,15,32
3497,401,248,130,32
3498,401,209,100,32
3499,140,39,11,32
3500,231,92,33,32
3501,108,27,9,32
3502,111,19,4,32
3503,103,35,8,32
3504,235,95,39,32
3505,103,35,14,32
3506,117,22,9,32
3507,160,44,16,32
3508,119,34,11,32
3509,593,530,345,32
3510,571,493,284,32
3511,141,52,20,32
3512,131,34,10,32
3513,136,46,15,32
3514,135,55,19,32
3515,216,118,46,32
3516,101,16,5,32
3517,110,32,11,32
3518,140,72,37,32
3519,162,45,13,32
3520,309,149,80,32
3521,119,37,12,32
3522,144,86,35,32
3523,607,527,323,32
3524,390,150,66,32
3525,173,66,36,32
3526,199,83,35,32
3527,367,169,94,32
3528,104,29,11,32
3529,263,114,63,32
3530,127,40,16,32
3531,128,37,9,32
3532,141,46,20,32
3533,106,26,11,32
3534,276,150,83,32
3535,166,57,22,32
3536,265,102,43,32
3537,105,31,12,32
3538,125,36,11,32
3539,100,31,16,32
3540,140,35,11,32
3541,199,54,17,32
3542,108,29,4,32
3543,184,55,18,32
3544,147,30,11,32
3545,445,404,290,32
3546,121,16,4,32
3547,136,50,19,32
3548,171,59,19,32
3549,104,24,2,32
3550,106,43,5,32
3551,146,44,13,32
3552,119,39,14,32
3553,125,28,6,32
3554,134,60,22,32
3555,160,43,16,32
3556,108,34,11,32
3557,128,32,12,32
3558,166,51,16,32
3559,213,86,35,32
3560,133,44,14,32
3561,208,89,40,32
3562,109,36,9,32
3563,115,48,15,32
3564,614,566,420,32
3565,133,44,11,32
3566,219,31,14,32
3567,402,224,122,32
3568,105,38,11,32
3569,144,25,9,32
3570,109,50,22,32
3571,220,91,37,32
3572,160,55,23,32
3573,142,42,17,32
3574,393,197,104,32
3575,317,129,62,32
3576,164,54,19,32
3577,105,39,17,32
3578,431,266,163,32
3579,112,41,12,32
3580,186,69,24,32
3581,196,81,35,32
3582,133,45,21,32
3583,181,44,17,32
3584,146,39,18,32
3585,100,37,12,32
3586,262,132,63,32
3587,137,37,14,32
3588,110,36,17,32
3589,109,33,12,32
3590,158,55,21,32
3591,120,29,13,32
3592,100,40,15,32
3593,193,70,22,32
3594,312,150,104,32
3595,391,173,90,32
3596,107,46,12,32
3597,202,86,41,32
3598,330,133,66,32
3599,257,88,42,32
3600,410,201,112,32
3601,173,79,32,32
3602,299,140,65,32
3603,132,49,21,32
3604,103,21,9,32
3605,166,79,33,32
3606,257,97,39,32
3607,221,111,38,32
3608,184,57,15,32
3609,121,45,16,32
3610,292,162,107,32
3611,117,36,15,32
3612,139,46,13,32
3613,144,50,15,32
3614,136,40,13,32
3615,110,31,8,32
3616,214,64,20,32
3617,498,426,271,32
3618,172,49,23,32
3619,527,487,356,32
3620,105,24,7,32
3621,502,461,333,32
3622,140,39,14,32
3623,759,685,523,32
3624,384,220,124,32
3625,122,35,13,32
3626,124,34,15,32
3627,253,114,57,32
3628,159,62,30,32
3629,121,45,18,32
3630,120,24,5,32
3631,186,80,34,32
3632,104,44,17,32
3633,133,60,19,32
3634,154,60,22,32
3635,449,406,293,32
3636,103,37,14,32
3637,306,162,80,32
3638,137,40,18,32
3639,139,31,13,32
3640,237,87,33,32
3641,200,99,48,32
3642,177,48,21,32
3643,115,39,13,32
3644,159,41,19,32
3645,109,47,17,32
3646,129,39,8,32
3647,147,36,13,32
3648,101,35,10,32
3649,116,52,23,32
3650,148,48,17,32
3651,106,34,9,32
3652,356,155,74,32
3653,180,63,28,32
3654,377,177,94,32
3655,131,33,9,32
3656,106,18,4,32
3657,102,47,21,32
3658,125,36,4,32
3659,238,64,31,32
3660,244,76,30,32
3661,110,20,5,32
3662,198,83,32,32
3663,180,50,5,32
