uid,bucket,n_sents,rank_Y_c,n_sents_minus_1,max_x_stable,sigma_max,sigma_at_eff_rank,energy_top1,energy_top2,energy_top4,energy_top8,energy_top16,energy_top32
AFWAQN3ITXKIYH3ZEARLO7PJLINQ,6,168,140,167,140,21.95466015459581,1.667903838710202e-14,0.05260045666199489,0.09385809451840563,0.16300997830714078,0.26916990683708114,0.41100821135785764,0.5923449185345648
AERDCAMJOVIBWC7P3ZRCGDXSHBXQ,8,324,323,323,323,26.206473156186657,1.4661065031004864e-14,0.0584868283567947,0.09439840599757897,0.14969457476011208,0.2254081259209943,0.33715613103176517,0.4806425587465759
AG4F2ZYQNVQG7M6GYNFPTV72IR6Q,5,157,156,156,156,16.751849596748656,1.2585513815344594e-14,0.05749600797514984,0.09314895680194232,0.15377948782621312,0.24607677356655977,0.38199521382036183,0.5642877924756585
AHUWQT5AKAF6WGOBNGDXSH5QLBXQ,7,192,189,191,189,21.171942343091526,1.2707801925823942e-14,0.06040649866201525,0.11103541455757225,0.1687631577545922,0.2583810358247184,0.3881650564739463,0.5625052510095988
AHID5S4JG4RV2QIELUKZX4VYTJ3Q,6,170,84,169,84,20.052214151127817,1.1175238728385293e-14,0.0594842731423064,0.10936874827814187,0.18657675851416872,0.30507520789497666,0.47620607795906367,0.697764425629837
AF5QVEMAHL2ZN7BTEQ2QXX6HJSMA,9,839,766,838,766,44.36160512908451,3.77032150358857e-14,0.043679386536320364,0.07333888195331117,0.10824525895451612,0.16044580678924905,0.2419628430362362,0.3513176763865734
AG6WVGUFXMF4LIAR7IDGHQV2DI5Q,2,115,114,114,114,16.990081655242257,1.8191412534889974e-14,0.06373472321197456,0.11067714576997269,0.17742540654095149,0.2810533254640026,0.4311927006732029,0.6362439875751603
AG43PBRTELK3SL3WWPB6CEKFXVPA,7,233,232,232,232,24.562573975098548,1.1601963810250764e-14,0.058957114008155696,0.09146275378070087,0.14412969048519148,0.2252347190602513,0.3432089357065104,0.5034697726386917
AEYVBSVXB2M76M3HEX4PNF7GWK2A,2,115,110,114,110,17.122776268210753,2.9913604041806646e-14,0.052580443452063585,0.09399840074934954,0.15563167630736777,0.2528515137057058,0.40725376987544953,0.6166550589895596
AFWVQJYN5QXGDXIGEQDKTJIAOFQQ,5,144,143,143,143,17.741809760410344,1.1153858423447314e-14,0.057057688362973244,0.09236482987280252,0.1532832379112101,0.24821700498094643,0.3859959332955987,0.5754257265508772
AF7YPDDSITOLXXOX6JM7HYLUXK4Q,4,138,127,137,127,16.836061377124505,2.7309232828876132e-14,0.0628097152626038,0.12016649939614787,0.19437551873240658,0.2999557555301999,0.4519160360984475,0.6495464870677601
AHVYEGMH66T7GGYPUNFLF5YKWP4Q,1,106,65,105,65,21.746487284119638,5.3674476601255124e-14,0.09988747446946789,0.16241978807467078,0.2641258810952665,0.4332554650738456,0.6208737754176514,0.8274096435990401
AGMCZMRV6MJ5SCCUIEILXUKJ66WA,9,758,757,757,757,39.95360486735155,3.537229552223888e-14,0.04884761622959324,0.08459350136701053,0.12852422149467285,0.18826135262783056,0.27828089020584257,0.3977365458852255
AEQQFXTK3EE4OM2ZVE6MVDR4RZFQ,0,103,100,102,100,13.765066854236835,1.723291530176257e-14,0.06782984181489697,0.11092285018709125,0.18921746754564217,0.31710152335077857,0.4803094098053084,0.6860033288498394
AG2Q2QBN42KMKP5OY3GPU6MLPANQ,0,100,99,99,99,17.412217453927735,3.0198373181646415e-14,0.07124736314717703,0.11621837804205302,0.18500281564391818,0.28595413507538947,0.4428498289350697,0.65493415551926
AFR6N2JHAAWJLI5EJFQDENFMVVAQ,9,356,315,355,315,31.39293697116129,1.6776412424130556e-14,0.06361275465471077,0.09714545270742134,0.1449775724130468,0.21725240415182823,0.3265601522109566,0.4757654193318543
AGZ77AU67Q5B24EQDU2ZPPGRICMA,0,100,99,99,99,16.962192236068773,1.9651170874762936e-14,0.06982888756967981,0.11895252732660876,0.19177210564557506,0.301478462197479,0.45939309505371534,0.6699326980395185
AGQE2TFMRL2MM6S3JAMA4GXWYQLA,2,115,114,114,114,18.13289010464523,3.09506035269313e-14,0.06951026859061217,0.11290319743462522,0.17519197496382516,0.2716831698508949,0.42088168869427656,0.61804876049636
AFBICRUSD4PB7Q7X4WMX7SHEZZKA,6,164,139,163,139,21.423021059111786,1.3314957391497472e-14,0.052560872132634245,0.09282293187092344,0.1492052654275842,0.2399302602107553,0.3777183168755672,0.5722750640937482
AEQ2P7WFOZXT2WM3WSFJPDWLXQAQ,8,345,344,344,344,27.379504837236542,1.8372509219609237e-14,0.05136378255519775,0.08305656120712125,0.13031311731665685,0.19860595022763292,0.29807517164154307,0.43598267611231667
AH4IDFVWP6NCHZFCONC4EKN63YUQ,1,107,106,106,106,15.946580469917826,4.48374539094541e-14,0.05808091136144465,0.10460490235710049,0.17376176500368734,0.2836553812010646,0.44053885667642106,0.6556459862670962
AHKOEEKH4SLCLEMAR5YCS4FKMS6A,8,294,292,293,292,26.632288229438803,1.114208375379247e-14,0.07282140761590795,0.1091651231390059,0.17018547357230812,0.2505446893540409,0.36937144822999685,0.5251770500588069
AFFDJZ6EHOAFLE7WS4GZMLMIWMRA,8,243,242,242,242,23.86818302053104,1.4734307402658945e-14,0.05296511493703956,0.08653112824319975,0.1360494836641729,0.2116043342325532,0.3249358782931245,0.48030965551584154
AE756PEH3Q7CWIDVLOGLUM6KIEPA,2,118,117,117,117,17.605855836565844,2.7300197950262374e-14,0.07151727189712918,0.11301885579556974,0.1807730719378596,0.28680686793802196,0.4399269543235775,0.6397104242168485
AE4DQHMACKSMM65GRIU77B25OC4Q,7,190,189,189,189,22.90644102608334,1.6096121680588648e-14,0.0656713425639807,0.09863789095681895,0.15079530169628522,0.2337918113037975,0.3593898117763057,0.5272750556940301
AHXI6LRWN3FI2RWEFXHXSENYC66A,0,104,103,103,103,15.841858771152308,4.018611016432704e-14,0.04773317085314098,0.09091525522514117,0.15192718878093445,0.2512153846995677,0.4045913081495944,0.6193422560573282
AFGRAUIXGHWO224SV5YN3TNEUMJA,6,164,126,163,126,20.261685782295476,2.4089715021852042e-14,0.08056071122684877,0.1265344684260052,0.20609423000342164,0.32437950243333225,0.48550116023054435,0.677959107284982
AEHXKS3UWSNEK2WDJQQH54O7ZAZQ,3,124,123,123,123,15.35942668018132,2.5490574335805344e-14,0.05481503798241858,0.09372813559073581,0.15976157187162474,0.26440701289942614,0.4167143244119136,0.6134378980627555
AG6M2OKNHLTZENAACVZFQL36XT2A,9,392,370,391,370,30.388645487581215,1.3847597113171853e-14,0.04955363441279403,0.08433504912506333,0.13237854446426084,0.19843189132514935,0.29775595315460274,0.4335778993954313
AH7HCMRSHZCML7WGBJP3YPNTPLSA,4,130,129,129,129,17.665097072717874,9.466478771158522e-15,0.07670607506723995,0.11953072045131179,0.19097036727603234,0.2976780407125408,0.4478854134452676,0.6348883989693781
AF6QAHEJL6WEQHIO2PWQNPNPJIRQ,2,118,117,117,117,16.35822941164409,2.1816895072323278e-14,0.07412198413867989,0.12106843097333822,0.19625445214258275,0.3107699878921822,0.47159730869364425,0.6755724161413862
AFMKYJEEGTOYLGNBX6B7FZIKC3RA,5,148,147,147,147,17.917252514148075,1.2646791174110949e-14,0.0638454645997446,0.1088534473422116,0.16888325056625125,0.26700753250691645,0.4060212618345044,0.5930390416262377
AEBDUTDUTBCJ5DRNRYF5OE5MTPPA,7,216,184,215,184,24.430545749077773,2.0301109287891735e-14,0.06369675457128729,0.10871136081722037,0.17021112147949738,0.2663673927073069,0.4057037787770038,0.5862071924088745
AF6VJYLVYJCQIXUEIBSVKZGRUGVA,4,130,129,129,129,18.408972698885037,1.454297953153809e-14,0.052252849345979464,0.08688231412703673,0.143345205263979,0.23141746630056395,0.3697455465133488,0.5641835448862509
AF6XCN7EPYNIO24FJRNV3KOFI3QA,6,170,169,169,169,18.515338491662796,9.731731858067552e-15,0.0630959534852705,0.10225676810838999,0.16580816694986952,0.2593661264650685,0.3995824856468736,0.5808094831235481
AEKNUVZ54GHK35OSOD3TI75BQDGQ,1,108,107,107,107,16.64400620045796,1.8929667257262644e-14,0.06314819427351684,0.10795232512826443,0.17376034025243958,0.27419859297644705,0.4295551058398834,0.6410897833574207
AEBVIJZLUXIBEZ25ZQLG4SPFVMVQ,5,153,152,152,152,18.257381511171843,1.4166589236228317e-14,0.0549784751772312,0.09613604145747383,0.15540226712908953,0.24609500997862663,0.3871559836477272,0.5718939924948037
AF63GHTZBFUQTJPVNLMYMBCRQRJA,3,123,122,122,122,17.856027340212666,2.233992517835432e-14,0.06688218606667225,0.10813389784251574,0.17137522389945825,0.2725510284865088,0.41669883547141684,0.6120887595196481
AFBOXU6QKQGVJP6M4THIHE66BMCA,5,143,142,142,142,19.132210674655603,1.4458448278211906e-14,0.0652475485989348,0.1030211701442901,0.16734983872536044,0.26758847739608843,0.40923875668241066,0.5931401386874676
AHDPI35VZ3SH2VZVGOYJS52LPVAQ,4,133,132,132,132,17.99533863985739,1.0822856182198489e-14,0.06848894547797621,0.11019893941908124,0.1675813321611832,0.2668132226407521,0.4165401452366594,0.6131201647211015
AHS4PZFYYBOPFTPEMD2NEQZ4LMIA,7,204,202,203,202,21.53767134918004,9.264930596790649e-15,0.060776384670436244,0.10175727039590922,0.15460195637220828,0.2394708883772861,0.3649847659668531,0.5292318331244656
AEIIRIHLIYKQGI7ZOCIJTRDF5NPQ_2_2_2_1,9,623,616,622,616,36.122011290629466,2.1710929653789288e-14,0.05792730024894756,0.09191915257779096,0.14515065416507736,0.21426927922734018,0.3117122936264234,0.43561625383446173
AHUQHUKMW2VDHUHTAWQVVYYNER4Q,0,104,103,103,103,14.107659806532235,1.945329705809477e-14,0.05661170371514036,0.10186026295981497,0.1746666037605385,0.28660925008170873,0.4476669429172409,0.6582104772690219
AGWUPUBODLPBDOKF7WR3NZLSQIXQ,7,208,207,207,207,21.447789952411505,9.832992258500625e-15,0.05613028973920201,0.0958584557857132,0.15289483192682327,0.23856043960019765,0.36655454038899654,0.5343407198678488
AHU5CEFMHIARA3FUDNNHQJTVKEDA,7,198,177,197,177,21.27465493859242,1.6817619906877504e-14,0.04548262682770151,0.08781729579203168,0.14187588280690708,0.22547430989113926,0.35112002812427273,0.5217064786464277
AGKLWN6DDVBZBLGPZQMUJ4JPQZGQ,5,152,151,151,151,17.388497449877594,1.2382463647669334e-14,0.05259437011624502,0.09016372891241282,0.15495584097064347,0.2490298889636669,0.3882415731005176,0.5706002153429718
AFAK7NZ77T2ZVYBFTUDUE6SA3O2A,1,110,98,109,98,17.98416839232142,4.189866225185105e-14,0.06791265450708285,0.10982230038606737,0.17277880241973856,0.28056666899747246,0.4393622630069334,0.6546226647213622
AG6WNZI5AD2JASG4KJ6XKCEB5YBA,6,168,167,167,167,18.41911134585232,9.164561069714271e-15,0.05847507142682511,0.09698503408648379,0.15919646217578717,0.25224034330242684,0.38567258931955806,0.5643357130970853
AGGYJDBFHKHKTL7YZ5QA4RYUZDTQ,0,105,104,104,104,16.86005720371094,2.0775207960874972e-14,0.06004993629498102,0.10235701436664157,0.16615254175947372,0.26995371055688194,0.42482191734551755,0.6344587023382062
AGEECCQF4MDXAP7RJDDPHK4U54FQ,9,398,386,397,386,26.978444850327516,1.7346361716347014e-14,0.05558324568829728,0.09110128979909354,0.1443217581883367,0.2124902060073604,0.31964606204725426,0.4611202821461292
AFXQNAXCDTJ2SQDCNSM5ZGBKQJ7A,3,128,127,127,127,18.79933410845109,2.805797383499531e-14,0.057500178274516124,0.10290481291098846,0.17419939633689824,0.2812395850180538,0.42515062488695515,0.6157878283577938
AFKX24ALWAPX366KX6DWTOBWLQAA,3,125,124,124,124,17.274648425597942,6.336179954032719e-14,0.05931862167322113,0.10484875297244327,0.16850206528532258,0.2622369691455447,0.4098272200562645,0.6155730621085477
AFU7OPCX5SYLPSLCFPGBVX7ZDS4Q,3,120,119,119,119,15.934868245182983,2.4800637744558333e-14,0.06669060329128311,0.10588262738889122,0.17307310656353292,0.2834114420373845,0.4396878832603931,0.6387005374995014
AFG4FX7JY6KEFFNXB2YGSIZ7HWHQ,4,131,122,130,122,18.885810211247755,2.0876182070321634e-14,0.058883473027130755,0.10191840810273138,0.1677006941235119,0.26490591137225855,0.41224821784072724,0.6146575080575282
AGF6TCJ5DIUYHXKWWLFKAY2HUIXQ,9,740,713,739,713,40.72952854824027,2.5296992762325804e-14,0.06021472422093083,0.09414446391263959,0.14593381624614038,0.21682502951672375,0.3224282356453074,0.4564788078995403
AHMGXQ4SWFPAMMIL7HMV2B5JXRRA,4,135,133,134,133,17.514528056419916,9.484475350885066e-15,0.06247876292995008,0.10257155705207871,0.1680149740851235,0.2697757839225053,0.41221286722613526,0.6049856674346034
AFIYJLRZHK7C4B5QSZAGSGZVVAJA,1,106,52,105,52,16.96550267615208,4.501219938875073e-14,0.07009621416311201,0.13048439549009022,0.2249221783336394,0.37960913827246373,0.6058094760584943,0.8666444951779213
AEDVEEUD4NZX7NYETDDN5N3HBJEA,9,1486,1302,1485,1302,55.539907747409515,5.005835149802662e-14,0.04604189170050402,0.07839007640052788,0.11527126143383119,0.17082951478025127,0.25122787878470854,0.35966672565473173
AENEBO2ESDZSB3GSHROPTRBAN2VA,8,298,297,297,297,26.6492291668075,1.6298699789317326e-14,0.051341259314145835,0.0841535442898426,0.13446899860958034,0.2082180332654203,0.3130794557059181,0.45656191440682964
AEC26YK5DEVHDZ6CSRFPRNWERT3Q,7,230,178,229,178,22.87391248864326,1.2051535361296044e-14,0.04901878665880452,0.08685949702424407,0.15015189447305344,0.24971559100387974,0.39020560555092787,0.5669585884940479
AHDY5AR2HZ2ERNZYAHL4XNP6F4JQ,8,249,225,248,225,25.980257315620577,1.5832699518784104e-14,0.0740806148197305,0.11603974108116023,0.18084565629823485,0.27156936537092313,0.39637515417072505,0.5575825219962679
AEY4MJXI33M7Z5PXZG7QI76OJFCA,1,111,110,110,110,17.507354542420412,1.5151702296378094e-14,0.08384675085569829,0.12399123358946273,0.1893535272760465,0.2963421478573064,0.449049083277068,0.6513321118677591
AHB5KUPK5G3TCAYG5FVU6FZTZNXA,6,170,169,169,169,19.511535941831674,8.100586228746451e-15,0.06480876605858733,0.10646334658699254,0.16870362853781248,0.25768117369881566,0.39185011183384105,0.566583837984364
AGZS56ZTPGFUCMXBRIJ3OAGH3KZQ,4,131,120,130,120,17.95076379094888,2.4311269581721352e-14,0.058672437166067355,0.10065052263775943,0.17261421261796298,0.2804300351582596,0.4355402817405439,0.6364368919229605
AHY5FPL6HYSJSWRQ4555NGCOHSYA,4,132,98,131,98,20.714568870340056,2.722901411467902e-14,0.08014818836965885,0.14862723543345394,0.25974995514026844,0.4352767651834255,0.6146583535232466,0.7810480178715186
AHRSEQIU4DBPAPKJDIYAWCYBYPSQ,3,127,126,126,126,17.898095646211495,3.132275742407322e-14,0.055536096972033225,0.09677991053145873,0.15191377015511048,0.2428122330377446,0.3832138383507392,0.583552244009244
AGDU4N5YF4PWUEJSUPMJUGYYJLSQ,8,273,272,272,272,24.209649813982544,1.0275448073232904e-14,0.0676933807942175,0.10330378259721211,0.15996360259727194,0.24442040081647504,0.3607906202558885,0.5118490235088275
AHC2NI7LIVUJYCFAIXBPANTPTPQQ,4,137,136,136,136,19.211353593627845,1.059445520467801e-14,0.07832442119637628,0.12669976678626718,0.18871674208923234,0.2883991985958152,0.43318094300675136,0.6270099371923055
AF4GIVSP5XNFHPDX2IOFMUQ3EAIQ,6,186,185,185,185,16.90091235632916,9.978418818304925e-15,0.052264788617648196,0.08610038745063786,0.1448363334173457,0.2333277638613837,0.36203094415486253,0.531362953916859
AFCB2RZXCJKPRGE44SMQQUEGXHNQ,2,117,116,116,116,13.834104295045732,3.292507532140172e-14,0.06157634616630012,0.11511586077689573,0.1935106228924044,0.31322966356119125,0.4738752178307387,0.6761252068741378
AGADKXWLAJJ4FGWIDIWAPJL5A6HA,8,315,313,314,313,28.43603485284514,1.4529454607471976e-14,0.05674478050054122,0.09428727079523001,0.13924588310281197,0.21015698278744765,0.31595513049818963,0.4561632902780458
AHT6AM6BNIZUHFJB5V2M6XM72G7Q,3,120,119,119,119,18.487875474318866,2.262727275157636e-14,0.08590604486813498,0.12669649427538845,0.20144605642604538,0.3104300571778346,0.4714864944131343,0.6683465259291443
AEHW3XPN4OAJTCRSJFMQM3GB2MSA,5,145,139,144,139,19.707753087518654,1.2104854930604593e-14,0.0684907634123882,0.11429559044363059,0.1735879291597268,0.26876726076912894,0.411151832427528,0.6018049000137214
AFAI3A7XWPRB2BRZWPRJJO5FP45Q,6,165,164,164,164,18.17404237931191,1.1442140746989725e-14,0.0477049560901995,0.08488816335861112,0.1432071227652391,0.23348418080285774,0.3683674673384003,0.5501688994199495
AF4CNAUOROUP6WQEHMP7DWVB3KFQ,2,119,118,118,118,17.610872062911785,3.937628819290286e-14,0.07361728454197061,0.12028975036208568,0.18626624227421928,0.2883289630658426,0.43769400303557,0.6326664775021651
AGZMKHWSCB3UXDGFUPFRZSL4EAWQ,7,236,231,235,231,25.190864859284797,8.271832316500923e-15,0.07115659864000445,0.11389358733740293,0.166534825241455,0.24982959602691082,0.3738811702663197,0.534735286873781
AEUNI3OFLTJG7LZNVHXLKXSOLO7A,2,112,111,111,111,15.570647761883798,2.706762334809562e-14,0.05802364643106117,0.10843765016394127,0.17170601781402495,0.27313182061970115,0.4333636280901582,0.6425457658124795
AFKZESU3PTCQ2UVDBDSFVFTXBFNQ_1,9,1177,527,1176,527,53.46711461283216,1.5573455032926413e-14,0.07686489002407647,0.1121017059920313,0.17157536453232486,0.2527143421273979,0.36249140257820023,0.5067176151042245
AHMAGO6RME5BNQIVWP56IIWELOJA,5,148,147,147,147,17.880496705767854,1.4170350068249034e-14,0.0524963776861009,0.09808533627234968,0.16108404081237299,0.24822566532569354,0.38203781608908505,0.5656054403270806
AHWQ7NF7NNOI53VYRHMNOLHHT4YA,5,149,148,148,148,20.41256090269229,1.579659247012705e-14,0.0606572024045429,0.09653738811765825,0.15383441409816728,0.2422645401559053,0.3728292925680719,0.555639544588276
AERGQ6U7YCR6JZ54FFKYPUM7PFDQ,5,146,145,145,145,18.67080416738419,1.2466268816834605e-14,0.0721794230879879,0.11065317341640357,0.17354388197632434,0.26796803293187593,0.4092548832019849,0.5924780266270789
AHS5FPE6RHE4ITJ4SAVI67YVRNOQ,8,243,240,242,240,22.762967041092036,8.516836991268458e-15,0.06632617933189965,0.10258240760994845,0.16698158984227499,0.2545331515333197,0.3758060813520552,0.5364433718247292
AFM3KHXL5LZH6SKJSF2BMJYF3SQQ,3,126,125,125,125,18.632044985250186,3.7685989004680764e-14,0.05398180005834986,0.08933924768085312,0.1467779594999052,0.23764043129283088,0.3759457312890128,0.5677338910395511
AGVM37ENJ7TA4BJ4LRWQKQPMH64Q,1,109,108,108,108,15.845878322845024,3.032793439530231e-14,0.05793953223443107,0.10295912922055729,0.17467163733871716,0.2832008979372403,0.4365226170973719,0.6407647413228541
AE2QK2SWUQAGG54GHQDJUREN3DRA,7,207,206,206,206,22.888607060396087,1.0572937986134505e-14,0.06228519923887241,0.10274826032254673,0.15624923140982908,0.23325895709824226,0.35277972747409425,0.514713931158362
AHY33GMV66E2L2OGPPLIZ3IDCUYA,6,179,178,178,178,22.400648191592207,1.0942299847562752e-14,0.06461376297791072,0.10206493590552494,0.1585653456357896,0.2375463339212227,0.3595699930865915,0.532424781231544
AH254KLJJLFZUUSWU6STN7PMKS7A,5,159,149,158,149,19.74180754863802,4.453486800928173e-14,0.05140190804724934,0.09644493778108462,0.16278817441752047,0.26216673752541453,0.3955417082512497,0.5730815546258601
AFVIKCEGFX2QTEQGLLM7KAGE5WRA,1,111,104,110,104,16.64816756309203,3.3977379981044173e-14,0.06901617141845381,0.11451035579279217,0.18635322606431878,0.2913620781587655,0.4522495231205651,0.6639593818222498
AFTP4CS3L7FXZ45SXX553REC3MFA,1,109,108,108,108,16.85906271529525,2.645670716559571e-14,0.05506453913521929,0.10613418757126507,0.17156217390938477,0.2710669309235599,0.42107074309208836,0.634533815620243
AF5GRAZOLOUIUPODTWQVJDYF4AZA,2,113,112,112,112,19.22835470604517,2.674157230789537e-14,0.07818654154022471,0.12035937780885748,0.1858452860031929,0.2897080802130945,0.4379594977757837,0.6392883631991475
AGH5UEOJXJR5CMN33VMPDCEFBQAQ,5,153,152,152,152,18.592892338096267,1.1036719276813966e-14,0.061546896976491954,0.0960275879059471,0.1577463959862115,0.2514992961472256,0.385904720233694,0.5670908904005141
AFO7DHIAAH6SJFY27S7ANI2NIZ6Q,6,181,180,180,180,21.82143855149935,1.5388353005415812e-14,0.05465544886176923,0.09129983387494553,0.1375161929225664,0.2145077540814819,0.33175932734669733,0.5020972404733604
AGCVRCNB4FGVZI5N2Z7CLE5PUGNA,2,119,109,118,109,18.415704805826792,2.8172056404779762e-14,0.07184875171078312,0.11711361488423641,0.1910854793242615,0.294575390764247,0.4475435719528523,0.6507304501589284
AFNGDYKFPMNYHOLW3NA5MZVNH2YQ,0,100,98,99,98,14.123242898014706,2.997356048776462e-14,0.07223103022137345,0.12392939824219946,0.21194959536971578,0.3328488347979836,0.5020956642640294,0.715092263803676
AE6JXZ2HEEC3RLKQ23MI2JSCXSNA,9,497,495,496,495,34.3494160269051,2.2625645718121557e-14,0.054355807838870486,0.0906671575509927,0.13945863456785773,0.20482597139439448,0.29955053618776095,0.42825921304878867
AGRC7GGSEM62JUMADAPRDMWK63TA,3,123,122,122,122,16.583139174440046,2.6775868733938686e-14,0.06285924405527947,0.10524033181911567,0.1674080174573362,0.26790655332604774,0.41805234355929866,0.6189310788877541
AFVAHM7UHYS562TQASNXXH6OJNTQ,3,121,120,120,120,16.58752206305587,2.5223234841989416e-14,0.060647214842858434,0.10343949380675907,0.16773985390258317,0.2675675259125524,0.4180086226260559,0.6205087811656901
AEATS3SIIP2OTQBJ4LHYHQOG3I4Q,5,145,144,144,144,17.408412483333265,1.3188590832207703e-14,0.05801777086418228,0.0951157227004308,0.15734954890059533,0.25222201680725836,0.3912064734601807,0.5829018594733038
AGMD2HXCJJ4AGXVO5KGN7WQOQV6A,3,124,122,123,122,19.44138488723036,4.503686724024507e-14,0.06786301608301049,0.10277165581963141,0.16238516210262663,0.25737277587834156,0.4039917417255845,0.6025955343473155
AHFCHDSPGTU44DGNSEG35DZI5OPA,0,102,101,101,101,15.132609808655507,2.2067715221959337e-14,0.05412409912350591,0.10087387726768442,0.1652585524371993,0.27522886509908057,0.4412714463168218,0.6594196624003046
AHV4U76XGHXA4RBBXSPEENTVH2YQ,1,107,106,106,106,15.864326516217771,2.2068246487303077e-14,0.06167476701877359,0.10250675594466227,0.16647600748318617,0.26640032919125745,0.41996479724565433,0.6351097886006234
AEP2BCSP2ZGM43QEZ6ROUD4LU6SA,1,108,107,107,107,15.320411887831295,3.2017587116259466e-14,0.06275724999587215,0.10673999469957433,0.17180541642135977,0.2812170829685655,0.4383570018401597,0.6494608852414809
AF336LFHKFAT2ARXGUP2B25IUDEQ,0,101,100,100,100,14.985974011026485,2.3332003781277174e-14,0.06259284711430281,0.10502370031269312,0.1813589298108155,0.2991796869567335,0.4647970999192925,0.6757351950203903
AEC6HDXIX3DNXWUVERZB4DGKFN2Q,2,116,83,115,83,23.10757995803373,5.2552877971607034e-14,0.10177874518084702,0.1885146254696344,0.3033237940230812,0.43415720860676493,0.5852053121127738,0.7691420135247853
AECPXFEX6RCWCRBOIJKTR5LFXW6Q,4,132,131,131,131,15.066833362722122,1.0452919300362594e-14,0.05769704676101089,0.09851377688830368,0.16014798760824223,0.2590755531700339,0.40247614538030685,0.5926730589383682
AE6KH7MCDOWZY7BEPTRSGJYRHLPA,0,102,94,101,94,16.707703372741666,2.8207041936804444e-14,0.06252847719311791,0.11465915064578985,0.1949383335864545,0.30393853990634884,0.46462374781284144,0.6803200705828915
AHJSQA5D46FZG52CO4WPJTGRMIBQ,4,131,128,130,128,15.972461390286407,7.942934269001453e-15,0.05949446277166983,0.10379902065468406,0.1754823821555694,0.27555907053510115,0.4261242102547563,0.6200391434661636
AFO33UNM62QYS3SHDST3HB2SXSXQ,8,296,269,295,269,23.562978879970363,1.315076498992635e-14,0.06114395593981233,0.09944616642110274,0.16499738710762782,0.26355653273317337,0.39366888789391963,0.5506523419549381
AEV7Q27IHW3CU2NGA5NMHVHTLIAQ,7,223,221,222,221,24.265496084333638,1.2821900320679895e-14,0.05887155649626245,0.09438685047267444,0.14911071916522547,0.22584420743366995,0.339699874030661,0.49549688274029496
AG3RPMHL2RU5CPZSOAJ5CFNKXUDA,0,105,104,104,104,15.733442962769177,4.2862499551961455e-14,0.05465313551843158,0.1010302805927724,0.16598065162841275,0.27073512112284603,0.4262275948698105,0.6405905886547191
AET3HBH7XFS3TB22INRW6VAXR5CQ,0,104,103,103,103,15.288957907178055,4.098228834909183e-14,0.06923723658714691,0.10997917272652544,0.17941367243022033,0.28589192327651947,0.44006156116650313,0.6501588639125625
AEJUY5D3YNQ3FAOIZP3FBOJMPCCQ,6,186,179,185,179,22.37859771280423,1.2111349360870582e-14,0.06230342576492082,0.09768368957382254,0.1560018777664241,0.24154236018696718,0.37207537938669166,0.5436570810412019
AGYIKU5EKQ3CNUOGBYBAJXALPVZQ,7,230,183,229,183,23.23687049413421,9.725381248250212e-15,0.06932034619877496,0.1277876409711567,0.22355542297492936,0.34293390835643933,0.48592554316918424,0.6485591017907678
AF2ADBMCXOYFWR4FENJGSO5NBRBQ,6,184,165,183,165,20.721552207850202,1.531947221363341e-14,0.05970454062683895,0.09706942533340417,0.14971146097713786,0.2363919156365567,0.37053589700181827,0.5498278896248681
AGK6P7T6FVUJW7W7Q5UJKJWF3NGA,8,307,305,306,305,25.022979268133245,1.3457496249539335e-14,0.059832336233899254,0.09271357162151717,0.1475683133669497,0.2271569399705739,0.3430036774105798,0.49358089124330934
AGH2BA6TQ43WVJL2HXW53TOBIWPA,9,434,432,433,432,33.0892451381464,2.3564501463169328e-14,0.04833137788970247,0.07900645442337233,0.11987246937604523,0.18170127926288454,0.2760081214535992,0.4043194129001541
AFCI3PAVNMM3Q5CD3YYY5XZUYOIA,8,246,245,245,245,23.987670475885643,1.2661418391263567e-14,0.05755391179356619,0.09089820027979023,0.14717553189185129,0.22939359028969014,0.34379455208059756,0.5021054723416185
AFAFPVBZWY74XHOKAX7AYGC77YUQ,1,108,103,107,103,18.111576276275546,3.663846312287382e-14,0.06886145563944542,0.1258268247546546,0.21561155708778337,0.3233064606495606,0.48046475621485196,0.6830327996280208
AFLWUZCVK4MXLWIB6H2PWSQKHJTA,6,166,165,165,165,20.221317989940403,8.572889028982654e-15,0.06517494270837412,0.10088600173020766,0.15714892737666591,0.24363354289276354,0.3754971142023855,0.5484392413386643
AFNCHMAKUAJOGVCKOA4XGLINHPDQ,7,196,195,195,195,23.009823605464433,1.0426277219486326e-14,0.06064299049003436,0.1030376958124109,0.15817981242915763,0.2409726413757486,0.360722121456071,0.530575326503655
AHQYNYYZWPQ6F42O5XVCA54P7ACA,4,133,132,132,132,19.256583073077906,1.3983995781566114e-14,0.06583563412007833,0.10578990127614599,0.1641084656566098,0.25475366214955797,0.3940773956278764,0.5861078752521951
AEPPMFJUVGGQXIB64J6C5DNF7CJA,2,114,104,113,104,17.412592413804223,5.5043827524315943e-14,0.06671366115856477,0.1251440680472455,0.19494059780893752,0.30454743662032463,0.4690835862460339,0.6799795324215966
AGFSGNZ5OXN5SAOTL73LFINSBIAA,5,151,150,150,150,19.873610804312076,1.588499469589492e-14,0.0578386207789835,0.09956932396742625,0.15520972208138326,0.24284960169413813,0.37403505384787056,0.5574684142715184
AGBHFHIPZEFAMWYB754QZ6OQLJUQ,2,119,118,118,118,15.984340030694483,3.270563306028285e-14,0.0698662530902307,0.11203646900710965,0.1788688154654636,0.2831300543349276,0.4397433395197295,0.6444272398264669
AG2BRLCY7NVOZ33KD33PGIIJF4LA,3,121,120,120,120,18.190190160095636,2.2951119876632577e-14,0.07857942404302433,0.12320478025114266,0.19956961309952248,0.312637138097176,0.47060880763017976,0.6678602674789528
AGHE5YHUV2MJNLS7JH7VO3G6MFPA,8,258,249,257,249,23.019172097401523,1.0616404306060584e-14,0.05926619541070293,0.09893961377468546,0.16231781940091244,0.2487357966569416,0.3712404095610663,0.5305652930367144
AF4YK6ETKIRQ36LYVR4YY3ZS4ANQ,9,366,365,365,365,29.06731112887698,2.2014065204357067e-14,0.05321919845252903,0.0914409513671781,0.13827351246021896,0.20926546458071013,0.31288535831454917,0.4512030107841238
AGEBWT6LTQS44RBUSRT5YWGNABGQ,0,100,99,99,99,16.145362013999954,3.161191705244294e-14,0.08505513159739385,0.1319294990432385,0.21196682910334055,0.3259363636510112,0.4878766267397569,0.6951057561274832
AHHBH4VPAVBILY6UAS4LQVX2ZTKA,2,119,118,118,118,17.45544863062234,4.176518885263833e-14,0.05611352840411405,0.08973724378908012,0.15113205140128017,0.24617825048566416,0.3951379536977864,0.5992775325727528
AGDBPYOOBEMKUQXFFB6H4E657YAA,8,264,262,263,262,26.898725414809814,1.2430703680685507e-14,0.07232313161194237,0.10395787579699309,0.1603763434093381,0.24026819240331385,0.3560280909482409,0.5089250800628575
AH53UQYKESG5SJQD63N4KYJXUEHA,2,114,113,113,113,16.086165843143657,2.7716827428673416e-14,0.0600986447781501,0.10373167035863502,0.17436945967436968,0.2786624448878222,0.4326828724015691,0.6403966070264302
AHOCOXJ7KQ7QW6J6SZITGMFK5IHA,8,338,336,337,336,26.308691250679267,1.5325807151144756e-14,0.06946869532767155,0.10420379930392354,0.1646990697817175,0.2504491283450888,0.36684121786237484,0.5105028389653384
AHCFYNLZXWHXARK6SJSQBIY3U5RA,0,100,99,99,99,16.491814124724733,2.0948991083780077e-14,0.06486554505971177,0.10285981371660785,0.17177673210727712,0.2771331040361037,0.4379744725883971,0.6551460689349559
AEW2XCQQH7QTXUXEIEAD4XQINHJQ,0,103,100,102,100,15.438653009773612,2.902896953800294e-14,0.054956699265508065,0.10366910549994257,0.17121967259115414,0.28047156940384904,0.4438901633741731,0.658485652062706
AHV67OZ7EO5D6QX53S4BEXRQ6FHA,9,631,620,630,620,36.578286348513956,2.214973092159898e-14,0.050180202137514666,0.08369219065780226,0.12984051860940146,0.19281425460437132,0.2881944121052535,0.4109599710085709
AFP4XV2TPIF2DYR7MDS3ABENVU4A,1,106,105,105,105,13.616844280380741,4.990546679740824e-14,0.0611618344625816,0.11073542372598551,0.18392509922784353,0.29886557404575337,0.4680496202365161,0.6738400852962083
AF3HOFY5T4LHGCCWXV5TUVVIVKHQ,6,169,168,168,168,19.55864739792574,8.523760847008533e-15,0.060606782661089424,0.09900517181038766,0.16079672551919108,0.25451727078437036,0.39048653837995984,0.5659448236835689
AGE6JTC6BUGXNMZONP632XOJH2NA,1,109,108,108,108,17.24720511810437,2.8138636504830012e-14,0.061488606784705635,0.09891083562701963,0.163341048680199,0.26320672193186667,0.4116531601001542,0.6162696819523299
AHIS5MNAQJU5EVZAMG4FG7DEFJVQ,3,123,122,122,122,17.456954392854097,2.6340704937134287e-14,0.058229949404747294,0.09660273815768328,0.16093969117839915,0.2627148597866529,0.41057965402391716,0.6093533712246199
AHSTHVDE6D2AV6M5NYKF2V2ZZUDA,5,155,153,154,153,16.17586086704291,1.2510017132846867e-14,0.05535485576455446,0.09181147136252811,0.1504739881295723,0.24723631061026474,0.39385526665411824,0.5827017469508659
AFXBZTQQFKBDOGT2NSQVEE5VHKCQ,1,108,97,107,97,17.29673570596354,1.6781680542568414e-14,0.0773330089580895,0.13757815572687068,0.21730246790616414,0.3378521623907761,0.5101467376913489,0.7135572179055417
AEMXI5DX7EYO7YHIWRHZQHLRPJGA,3,124,123,123,123,17.756277650108306,7.02554546480559e-14,0.06360966249138358,0.09955780950545595,0.15900081713119346,0.25389042928726224,0.3957111551956384,0.5902610676732463
AFCXZMRKPFASNFASWKYGQA3KOFSA,3,124,95,123,95,17.43578989083237,2.5549846019899892e-14,0.053547027138742875,0.09938460684903785,0.17562602120771736,0.29704856515641126,0.46838948452090723,0.6894741601473567
AGBCW524EY75I4GQ3NX2SJA5TOQA,4,140,139,139,139,17.92166602693439,1.1566565309083287e-14,0.054275759825095776,0.09331579190324438,0.15615946145114976,0.24951215524541637,0.38961490326800374,0.5762984771101934
AEQKWYUMGE4XQ2LIM43ACOBFGRKA,4,137,128,136,128,17.861616596586302,1.2851259316461003e-14,0.06611542880789284,0.1112217274140016,0.17699846703419903,0.2823348219841836,0.43362633129724043,0.624964723056567
AH3EIX5R7MWRNMAOUAC3M2BIM7NQ,7,190,189,189,189,22.611385818503706,1.7236547017952045e-14,0.054464701093089575,0.09216404147802806,0.14507749809397777,0.2214853800635225,0.33775274074018485,0.5020693984375008
AHA3DNMQOCMQGOK6RYLBYFTW7OWA,0,103,102,102,102,16.559321576691687,2.7533367702311836e-14,0.06392880602369748,0.10750755041562947,0.17486842077874556,0.27888310143003386,0.4381699853258531,0.6506293877419674
AFHZYGTGYN4MY4HW2P3K5U7FMVUA,5,148,147,147,147,19.301184116798527,1.5708161487260114e-14,0.05151799997940808,0.0877126034355057,0.14317946793017727,0.22972552380616937,0.3615160618121575,0.5462200080476225
AHXUNS4RYQXI2O4FLAKVE7FA5TBQ,3,124,123,123,123,18.17993366480718,2.7550972905890082e-14,0.05991867978648807,0.10624055795454924,0.1692135248625816,0.2637477532513274,0.40682168060302604,0.6029353004368879
AGGVWJCNYRITT2IQMXPQBRXA2IPA,8,287,286,286,286,26.50334071419768,1.639080092667853e-14,0.058413470331098595,0.0920836295257479,0.13955136782281843,0.21162474101468362,0.3182649872059655,0.4648332766034956
AGLDJAFXAECQPHKDFOYDLI42RKDA,2,114,56,113,56,18.45039119547374,4.9969937041925236e-14,0.07324925891103587,0.12462579252078931,0.21192298752103766,0.34914182517942305,0.5586851348423206,0.8265059399642327
AE6U2ZCGCBRDU3TT3PVH44ITRLOA,5,147,146,146,146,19.37429135493443,1.454002710822407e-14,0.05812068698741634,0.10061454895274614,0.15771666016477628,0.24712796644729784,0.3904328392761176,0.5830443694435938
AFR7G3N4UVC76GTHQP63TKQLX4TQ,2,114,113,113,113,15.952680639101619,4.321079995703372e-14,0.06039686526770298,0.10122539909264745,0.16882743923234403,0.27227996767602186,0.4268715930769476,0.6288628086978973
AGXHFUENM3G65MN4BGET2DNU4IAQ,9,370,368,369,368,28.116741192214743,1.4245776003104028e-14,0.05878027244942141,0.09300129078093987,0.14555069041655275,0.22024319151863683,0.32443863123484495,0.46598968409381764
AHTCNFRA5SB5IVFQ2SICSGEBUILA,9,376,187,375,187,29.939074388032896,1.7817584245257145e-14,0.05574042745024532,0.09432619050479472,0.14373106445087835,0.22295223620271853,0.34566083204102227,0.516823235103763
AE7VDEI2MEZDY7YGDKQSSZ4CU4LA,2,114,113,113,113,16.58881964047348,2.5699411913637375e-14,0.046997926358017764,0.08878380070295473,0.14706568650614882,0.2419032620751866,0.3936383574311899,0.5998681419982519
AE2662WNZYL2ZMFHDKGGCCHMGMGQ,2,114,113,113,113,17.163349945018364,3.31735292299688e-14,0.0659665518951056,0.10705174936934314,0.17511409575388578,0.27153488397112724,0.4200358646739332,0.6228372319753167
AHEK757U7544PNGSDFCIKFN7NZDQ,9,435,408,434,408,30.69909860847676,1.4158325571938348e-14,0.05520286047864936,0.09197097349980796,0.14650052299668495,0.22386970155408642,0.332682988682187,0.47247241165982645
AGGNEZJKG35QXGBIZADSSC2QNPGA,6,167,164,166,164,19.901274488239803,1.2605166429693285e-14,0.06287383366330994,0.0998545567915925,0.15505656530682604,0.24839733837971953,0.38179650774621887,0.5643460699843996
AFRRE6V4BFGXPS2RFRZNAMSUH2QQ,2,112,111,111,111,16.567206287523213,1.600736850408895e-14,0.05670507823451135,0.10890330043262621,0.17969868919903728,0.28219612091185786,0.4370548826698125,0.6425618253890896
AEYUU6URP6TMM4B4MY2Q4DSPSRZA,0,104,103,103,103,15.395504635361192,4.164816339956035e-14,0.05294864686854796,0.10072040822992342,0.162217867536844,0.26700171659913063,0.4272812794855239,0.6522335244607408
AHDLM7R2LUNV4NASNZDDK3WZ4FEQ,4,133,132,132,132,16.22722911864151,1.0561222515250111e-14,0.0695064845168397,0.11560068098430284,0.1889654766299314,0.30035192422679197,0.4507588419156624,0.6383214931881931
AFZGTA2DJG652ZHZNYSNRPAJG2GQ,0,101,100,100,100,17.071942451039938,2.5064634619767467e-14,0.055449473930087825,0.10197120965679524,0.16516740490328216,0.26709578137521006,0.4204276086002319,0.6393825951493308
AHGAZLFSLXF427HSFBTRKF6J5UOQ,7,191,190,190,190,21.54444840825606,1.6617924829563434e-14,0.05253254405498934,0.09269518537558279,0.14420403796914535,0.2246406796742993,0.34522091052379317,0.5126863278502275
AEHZBUFEOW4TY3K4IYFFR5ZU5B3Q,9,977,968,976,968,46.58204301666393,3.0105217526877517e-14,0.05888013711371703,0.09380050177441779,0.1415930268802297,0.21076941132684235,0.3073313857561641,0.4290708717568605
AHFGCYK6JXYXSTJFMC2FF7R3IXFQ,7,230,228,229,228,24.5374887539968,1.3921776336841741e-14,0.060482215047265586,0.09459390388820635,0.1454837900286245,0.22300536294093298,0.3400394261193731,0.49935023849209725
AGWK5TRRULB7JGEHV6EM7D7JAU4Q,8,271,269,270,269,26.463783288188612,1.8570570874799338e-14,0.05327681746625279,0.0901200957021236,0.13756570258978484,0.20623215731089956,0.31312826771751784,0.46094045123848376
AGI6YCJPJXN632RE2AIFQ7SA55UA,1,109,108,108,108,16.511064330862926,1.995214130961867e-14,0.07002554929663635,0.12089758152561704,0.1849645647479595,0.2852932127852558,0.43770760812857407,0.643222737445826
AFTZWAK3ZHAPCNSOT5GCKQDECBTQ,8,334,332,333,332,24.789205266780048,1.6785801558970665e-14,0.04703553025085841,0.08191346140730658,0.13146538979652683,0.20963818507611243,0.31530933813087336,0.4621767869400518
AE6G64ZJUAFLSNHPZSGGEEKYTFGQ,2,119,118,118,118,17.14062903633245,2.3420661949263707e-14,0.06867776350103205,0.11408528749072354,0.1844504977671734,0.2923280362154669,0.4461727440704441,0.6431393198343243
AFPIOO2UG44UOTC46QKKSHX4SGWQ,3,124,61,123,61,19.848412145016372,4.7693512622539645e-14,0.06993656961180711,0.11976859207144273,0.20523078082112245,0.3481330961486018,0.5507185180852645,0.8039948209573055
AER6II7VS3FHCWLZZTNXHXBZCMEA,5,145,144,144,144,18.42136701323306,1.0326965104860178e-14,0.0708756533432628,0.11311071889966089,0.18345049438897248,0.2873222202316675,0.43468415178890957,0.62104219070369
AGCTA5FTMXTM42RIG3JUZCYJ3XSQ,0,105,14,104,14,21.1230786600412,3.468488286723392e-14,0.14579285455440075,0.2658835659567362,0.4703644595779101,0.7563408795209321,0.9999999999999999,0.9999999999999999
AEDJRZNH4XDXHVSXYQOBNR4X2PAA,2,119,118,118,118,16.746163240472768,1.864321559472472e-14,0.06466671060875334,0.11105006375821434,0.18602128687107847,0.29050740452197066,0.4468221557399286,0.6474732997045618
AFWKPVOLEYTBZNW6FRJ4C4VJ76DA,4,132,131,131,131,17.908991575306924,1.3269649890303236e-14,0.05408384976451423,0.09345846125645921,0.15304215340802668,0.2467445810199393,0.3855009881925014,0.581088829812108
AFLOM6HXIM7CJECSEUDVO4I3JXBA,9,477,432,476,432,35.16292259398828,1.7254729837779804e-14,0.06200448900838228,0.10205305929774115,0.15632913314849545,0.2370970926204191,0.34733171085663594,0.4882083377058971
AET3GRVVMHEXRXTSBFFWSY3HQEMQ,2,112,111,111,111,18.24228051060953,6.919110539239368e-14,0.06649951630755518,0.11255080114329596,0.18434894088871376,0.28555981518662044,0.44008628579511583,0.6472105233023531
AERILPVOZA5OUHF3XWFWFB7EV6KQ,2,115,114,114,114,17.50227368063545,5.647519702999676e-14,0.06836493126045892,0.11219116429675781,0.17489899248623264,0.27786352524257957,0.4321063298748548,0.6405491353476779
AEZ46SSKY4A7ESP3QNEZQRLA2Y5Q,3,121,120,120,120,16.060363547920822,4.325664441001368e-14,0.047584165356379916,0.08681648242949003,0.1457920206207133,0.24408352742739386,0.3920166031361445,0.5955202551388664
AFDDELZUNQV2UKYDUHJ27QW3IBLA,8,303,301,302,301,26.17578285670246,1.544313268052701e-14,0.052479416495285675,0.09051311724842924,0.13900088413358083,0.20960162115153366,0.317257455365192,0.461145819753
AHD74CISOKM7L6YTYKY4GN2CAIWA,0,103,102,102,102,15.357693647250704,2.266986736114543e-14,0.063836732777223,0.10967864602450272,0.17979206765805145,0.2867347128602938,0.4464933112160789,0.6591707772398036
AFAUF3KITTRYFEHRBT7TECXPB4PQ,5,154,153,153,153,18.702250637900562,1.2066929298971324e-14,0.0597600770771649,0.10099238043883535,0.16128593753627565,0.2511506271286075,0.3851473450136705,0.5642367078871361
AFHBDFGDRJW3S3M5Q75Q6KV2URLA,5,146,140,145,140,19.634644757356117,3.922154204632937e-14,0.05755178063170102,0.10200255383072618,0.1618208687222845,0.25479214022918784,0.3914841930416341,0.5791204090194781
AEV53RCOPMQNNAYIDOT6K26HPCGQ,7,196,195,195,195,21.75681617653969,1.0157219791024276e-14,0.06537117982842329,0.10149525832214346,0.1633054315496214,0.2532179448619564,0.38731703568313813,0.5563043015057992
AFRPIQB4EY3I33OXHAWYPDLRKHQQ,5,156,155,155,155,18.37156327383672,1.1526772876513376e-14,0.05621035186445546,0.08995192066525086,0.14905032966336035,0.2382575950978956,0.37134114966544685,0.5504286485215335
AERZA2PMTCZCBSZAR6GATANJB3QA,0,100,99,99,99,16.423032183628642,2.3406802657299416e-14,0.07077822199072677,0.11679760620139164,0.18281686133912767,0.28735402425674617,0.45133404441611336,0.669713946393473
AE3A6XP5TAMJ3GBGD52QK5APNR2Q,4,129,128,128,128,17.45389206963095,1.2575645570761423e-14,0.05387098786933895,0.0935611966334416,0.1501057271633898,0.2418428452432188,0.38360976466467955,0.5819492416016729
AEEX3WVJK5TGMRJ43V7IOI63JOFA,4,134,132,133,132,19.066765834783126,9.905140474235845e-15,0.07617328690194522,0.12061709170268668,0.18792847485347167,0.28768745126864714,0.4326459623661416,0.6285139819759531
AHQQJATBFWW5TORPLQ4LQOGXKIWQ,8,256,241,255,241,22.14784087982281,9.616798228358511e-15,0.06555261051469369,0.10604263822827187,0.17004521768345043,0.2619806832992754,0.38825295206891774,0.5572269613008485
AE4RGAHEK5Y6XTJKQBUVDR6K32ZQ,4,134,133,133,133,18.3540895258351,8.33078830506234e-15,0.0772383143284863,0.11998998917443043,0.19342721233194474,0.3049121071794228,0.4627752906567741,0.6554999811496539
AEB5WZLYV6NTC6TQPWVOCRS4JYBA,4,139,138,138,138,18.3116263098665,1.1640306631658899e-14,0.06899805551005182,0.10779511310726159,0.16807342072876355,0.2651064317498726,0.40553133177161826,0.5964108294585645
AFYUZU3JAPLETO7EEBA6BOU2RJSQ,6,170,169,169,169,19.807884057650238,1.331925716750013e-14,0.05447067483566771,0.08705948612937524,0.1419009513181918,0.23103740599045777,0.36034706642367725,0.5396031850788697
AEKSI575UP7LPD4NUWJFI53IFV3Q,7,220,216,219,216,22.01263711446698,1.707994738029964e-14,0.05210177235026377,0.09466391739763037,0.14776475535047673,0.22866207189836754,0.35020432977806976,0.5161930098768199
AFXYY6I45UYTMLLLUFJZX6YFWAFQ,0,100,99,99,99,16.326282571182738,4.388177399474628e-14,0.06223601167309272,0.11018020768309585,0.17521514172527627,0.2837543408223434,0.44470573855506795,0.6582949929055963
AGARAGBTDWJVZAZH2DJZDDS4CQQQ,3,126,124,125,124,20.593610738935027,4.1425663675446535e-14,0.0640755593959565,0.1059100118722589,0.16416123626505685,0.25083180159505275,0.39290586586165693,0.5886368649450343
AEC4WROC543KSOU7GOBC2DDXND7Q,3,123,122,122,122,16.260861220935595,4.4008511054030424e-14,0.06650427930042825,0.11238894034884057,0.18616483603597953,0.2951395577649471,0.4509929750934615,0.6509652027562289
AH6URM6URQ2EKVJMCPE3XZXRCIUQ,4,132,131,131,131,18.997687014274728,1.085239435316507e-14,0.06360661264216136,0.11043208698979134,0.1747010793867283,0.26559018397140993,0.4022447259969851,0.5922980650988867
AF426CEAYWNEUOCWGK7ZAAD7GYZA,0,100,97,99,97,15.712718247532216,2.1159566796325237e-14,0.07366911486673404,0.12050047782937849,0.19655311529331912,0.312745712227603,0.4753562070293865,0.6838838403335941
AFBR5VDMITJI24U5KZRYEPET3TJQ,9,430,414,429,414,29.530699169553422,1.6950124817790526e-14,0.05458083178311187,0.08552825500054795,0.13516776938786018,0.20472049916905638,0.3089285849051021,0.44643043103669416
AGOL4YVNGWMNV5WJWSA4IRBTSZ4A,7,220,219,219,219,21.560465785465652,1.0991779425383825e-14,0.05777679199738522,0.091244997122369,0.1484664096072966,0.2307288855274009,0.3499060277467193,0.509506709346429
AHWJGIMDAMS4WBLZAGOYMXYDSDLA,9,576,552,575,552,36.5931249124259,2.225325313684189e-14,0.055121041086275004,0.08922475636040303,0.1388984825797457,0.21000084184274864,0.3103782322395624,0.43760294671615807
AE3RLEXEQRD2K7SCXE7HBCOMRDTA,0,104,103,103,103,13.253537142756846,1.8790691445383616e-14,0.05951287180090521,0.10827702164109394,0.19382740016418015,0.31214180890886734,0.4764941095739024,0.6812690603018485
AG4QQGPDZIE3Y3HF3QYWOBWBH2QA,5,149,148,148,148,18.35827702583444,1.6033987089628266e-14,0.05460901807388091,0.09930961916047587,0.15968324901264958,0.2503256874597668,0.3883315720823979,0.5793302393209008
AFNUHCITVPCKVVAAYVQH4JNECFWA,4,141,140,140,140,17.405761815155543,1.5888385464538272e-14,0.05306250218075583,0.09683693097114314,0.15841452729491137,0.25576092712047943,0.39353862220683183,0.5818969441463538
AF2KWXX365N4EN25OGZ2J3AJ46UQ,1,110,109,109,109,16.680803927225288,2.959080566175042e-14,0.05281875847732243,0.10139227148157719,0.16443548031714975,0.26691883341192885,0.41966841947320316,0.6275331405846012
AGHYDPVLKBYDXTPJQCLDQLESK7LQ,0,103,102,102,102,14.884415433532016,2.8841398011637056e-14,0.05721081413669514,0.0967964608541805,0.1674729789751763,0.2777467854253675,0.4354889165410085,0.6500199190857079
AGLBN3MINRB7262SANHMPBSRLVXA,8,283,282,282,282,24.053675923604796,1.3552919052356008e-14,0.04472568207899147,0.07942892824689937,0.12945527038171578,0.20394261185473264,0.30909029526313736,0.4540037513963253
AHNNHOY7YG6U7QQYTUAJKPHF2NHA,1,107,97,106,97,16.488031686880767,1.733168557956804e-14,0.07024580100535027,0.12398511596146013,0.20090510818290336,0.32103985288774284,0.4836685938339408,0.6873087762991718
AHWAVTDTHEKLCOWMFZ2MCLGVYZUA,2,113,112,112,112,15.506269699814275,2.6541742585995468e-14,0.06406861252683868,0.1075752206421709,0.176398209067474,0.28469297591126835,0.4402011345536436,0.6424182852870941
AGKMJKWW2AZPOJGCZGHMNYONC33Q,6,174,108,173,108,24.11828379944013,7.379555475720149e-15,0.10249294016544243,0.1722645845861831,0.291509062711326,0.4506024574827481,0.6204870160474556,0.7792064002761306
AHW4RM32F7UDMQ5ETAMLLHIPSZHQ,8,348,173,347,173,29.55771774799858,1.1318475688474457e-14,0.06587981110761372,0.1024967270809085,0.1592888473289045,0.2552860840776929,0.392002646966892,0.5682351174514422
AFMOMWWWDGAQLHVFQBCQVJPG46CQ,3,126,125,125,125,15.070438095898982,2.745678072875697e-14,0.06289424429602802,0.11363444961121423,0.1793644165066246,0.281149861458371,0.4316141871938966,0.6284638733448255
AFPPPZX2PLMWY75AVRTJSMICZOEA,8,333,332,332,332,25.852785584962565,1.3339431927731237e-14,0.05702657443825173,0.09224773956055077,0.14921956038660894,0.2266595227158499,0.33867053690423,0.4852869853003189
AGKTK5ONWYWZ25UKBIWRGJTLLH2Q,4,137,120,136,120,19.14810465399504,9.763447596509254e-15,0.07533329822270404,0.12633654739115488,0.20726962665454235,0.3163046764658484,0.46551621912703833,0.6560578731397284
AGNVKXHFTQ5WSP7TRRLSTH5APJNA,7,188,175,187,175,20.20959865778143,1.783265567928367e-14,0.050291027288945786,0.09813175322582994,0.16161216788132618,0.25452979150994526,0.3862727208577574,0.5634651120794099
AH64ZXDWRRKT3RN6OI3Q4WNFBKWA,5,155,154,154,154,17.779384182854066,1.333672942951456e-14,0.04955429089616302,0.08765701543925732,0.14836743009048003,0.2349680902482208,0.3732856197424298,0.5567875738842404
AGCJCB57J5PDFKTMK4V6ZYIMIZGA,6,164,163,163,163,20.333529955487002,1.313797940513974e-14,0.059497389754672655,0.1002866158596053,0.15630955115949016,0.2464851863095886,0.378450982691096,0.5563790967899686
AHJ4YK5CHZQ4QJZUNNKZVOMDKTVA,6,161,160,160,160,19.615615707596728,1.0348095709042154e-14,0.06293325861094792,0.10333532399946514,0.16038348329298233,0.24942159899035576,0.38171520687859234,0.5623900232744263
AEDTSN4EJBDRNO3U75QDDYLJTJ4A,8,264,255,263,255,24.734589888990563,1.57420791765255e-14,0.05303836377475828,0.08441521427984985,0.13829969924257632,0.2158346946036612,0.32798704424112235,0.48265641207830207
AHVDFCOEVNZ4WGIXXFLA6RSETHRQ,7,204,193,203,193,22.677930691828546,1.707932924806788e-14,0.05312572619999756,0.09278671535562112,0.14123938337214614,0.22000914974936303,0.3416753812184783,0.5094256268704686
AEIRN72SL3Y2Q5T3BFR7STZDZI5A,6,184,144,183,144,21.520560841000272,1.759797207809999e-14,0.05528769912774188,0.09600933886307922,0.15816240381630325,0.25628484747453406,0.40720675403807916,0.6005149234955621
AF35KUQK45LLCSVCNP7SWL7THESA,1,109,82,108,82,15.911039854580403,4.5381436945860866e-14,0.06344191767639866,0.11603818222755315,0.1991401005155766,0.3317040617030103,0.5150225138445514,0.736666316588822
AHW755HALUYCUV4XZ6VN6JN6STRA,5,143,142,142,142,18.184289200743024,1.092440185903592e-14,0.055633887305586834,0.09760584640455247,0.15608956820338035,0.24963535885996652,0.38888147824209607,0.5801312121008122
AELR4ZISE4URDI56E3XVN7AP422A,1,109,108,108,108,16.926733442140648,2.8973390642061695e-14,0.07325462736457372,0.11213671997990414,0.17355890637151114,0.2736121950372796,0.4220315870733667,0.6258023930462883
AH2IB5VEDFNG2HMMS3WYXO4JYZMQ,8,284,283,283,283,27.941822077434683,1.4738887732070156e-14,0.05803466232973699,0.0935322869407347,0.1437400440639067,0.22449375558121684,0.3382373400435707,0.4915123278770697
AGI53IW32Q3RJYKUFQGA36JMCOKQ,2,116,115,115,115,16.14926577926507,2.2272222844539762e-14,0.07390016680252592,0.12165463999422134,0.20079291285235365,0.3131559770988338,0.4752395939055839,0.6774880323737041
AE3TR2XUR4PAO3IQAZLPQ254OTXQ,0,101,100,100,100,16.44931028603548,2.2086402313035584e-14,0.07162360819983736,0.11917177338353685,0.1883468248401003,0.29388652770704077,0.4550264415930023,0.667244086553175
AHSQMVRKFLYTKXI5UHFXISLOE46Q,8,239,238,238,238,25.35285649547785,1.1907223192835366e-14,0.05501339778701826,0.0893291393381512,0.14116227915549198,0.2173805333182539,0.3285578905975434,0.4807470598923885
AEYVPPWR4CIKWX4BGYKCBCDL2CZQ,9,626,608,625,608,35.78644131007376,2.7345760669553848e-14,0.04968319306131482,0.07756979718093905,0.12884018876128894,0.19969030290811082,0.3000380819564359,0.42882972305589234
AGECX44JOL7NOUX2N3F5WXVXVBRA,4,131,130,130,130,18.941315405074523,1.613748173480121e-14,0.05948588168841256,0.10017778813399375,0.16084541621355147,0.25421318466590387,0.3934821205498516,0.590391248684457
AEWUN4XMRUYX4XWVL5WRLMEMAFOA,5,158,157,157,157,19.01044929725004,1.6115948581222683e-14,0.05605912031773975,0.09163990641554089,0.1471201047607458,0.23743628788069404,0.3702279933844115,0.5515379113849274
AESYTHEUCGQZR4QSELPK5RI6CSLA,3,127,126,126,126,16.096731383205455,4.043803972345411e-14,0.052605141647504496,0.09205153587311221,0.15388111495250556,0.2533163263255047,0.4051043638058022,0.6092557830840957
AEG7ZYNIXB5WKB7YXNU6BBNUAS4A,0,105,102,104,102,17.411118739619045,5.575105575930362e-14,0.049672662554130304,0.08534704509541897,0.1444303070597972,0.2444226074928716,0.3956812774801301,0.607378665334103
AGQNPHVDHICIZIBMSI3ECYO4RTDA,1,111,110,110,110,16.247074421409835,1.943387767175969e-14,0.05843201718494208,0.0967597767023466,0.15990394919546777,0.2593726363630203,0.4190222217695463,0.6299350573425236
AGEQPZPPIJOYSM3X77DQ3IQ5TD4A,0,105,104,104,104,16.82586799653198,2.717436208817806e-14,0.07486245297660306,0.11689829423209616,0.1830882110940011,0.28880938845812393,0.4484944233248051,0.6621402474697531
AFWZ7MZXTZ4GG6AP2LLNEOTBDA7Q,1,107,106,106,106,15.802217127163352,3.4282724846764484e-14,0.06335444535787522,0.11218625016355466,0.18079346500122134,0.29034840362737463,0.4544060772642648,0.67052455906552
AFBYL2QEG462L2MLUCBRDZS7VWTA,7,205,204,204,204,21.79954473312363,1.1885257830918326e-14,0.06555042966839207,0.10794215147900679,0.1672204155633659,0.257370453191267,0.3875247257635966,0.5549537709098108
AGYOOOF3X6KSMLZIWBPMMQGAC5FQ,4,132,131,131,131,17.84894545315817,2.0391073334422168e-14,0.05276754522261777,0.09317520387163786,0.15452015455758492,0.24377905637651137,0.3794815215139186,0.5746034351930119
AFFU7MCUYCZCDWNRLM2S46JEI2EA,6,179,178,178,178,21.24334732211605,1.3964838649765656e-14,0.05365349015668609,0.0920052112374277,0.14258147777954724,0.2191146459960227,0.3403942340220226,0.5093160502368235
AE2J5DDVCHVMRBD7BJ24ETJFQSOA,2,115,114,114,114,16.808708175681375,3.467604438921604e-14,0.06231852204281388,0.11128226796595374,0.17720579600910505,0.277488419022089,0.4276544717513599,0.6326236504296908
AHSEGNS77TLPYIWMD7JKHV4VPTBA,9,465,457,464,457,33.309586489710654,2.233013657187405e-14,0.061094710303976806,0.08976112668417151,0.13788862121619525,0.20667776448322983,0.3091162109266845,0.4376418990623312
AE5INRAIGFDNXPWT5LNVJEEAAHBQ,9,1153,1090,1152,1090,52.61429646942619,2.956282307843452e-14,0.05945897165983249,0.09196762842809394,0.14020621872224032,0.2091583347501701,0.30736920590536376,0.4303113054459615
AEAD7ZP6VV4IJL2Z2HVIRVEBHZJA,4,136,122,135,122,17.673673646839795,1.4243140152843322e-14,0.06718996576317234,0.11531239912562737,0.18186276543917126,0.2878939434824708,0.4462646824014694,0.6436804310826001
AFD3QKEFR4QC5A77SE52O634AH6Q,7,201,199,200,199,21.674446553208956,1.1994327979987376e-14,0.05972419876016122,0.09566927308661718,0.15434353591240854,0.23590349021863197,0.357286147907127,0.5207616803999185
AHXFDISHJCHQZRESFA3SIAR6GVMA,1,107,104,106,104,16.76391989801117,8.556757344238409e-14,0.053557746890423454,0.0985406780615844,0.16136454411608742,0.26429480751797707,0.41799674537652853,0.6332205515491043
AGO22BUOE6AX3PRTYLVVQKPR4R7A,9,874,870,873,870,44.47989993615247,2.968226362512746e-14,0.055171533990579245,0.09098994833862808,0.13650044971287517,0.2031352660414368,0.2953237323714442,0.413224964134021
AHHJ4BPQ5TYIUPESYDW6HDSKNIAA,1,111,110,110,110,17.371119856077627,6.752525141662657e-14,0.06374491744444365,0.10709599853209913,0.17075262519325507,0.27252820045592935,0.42847992970545434,0.6367695275097168
AGZFC4267K7DXCAQPVQEXJHFUEWA,7,188,187,187,187,20.92383396127484,1.0455395425983205e-14,0.0562863013409877,0.0912755864552227,0.1485027661690259,0.23197478599172836,0.3547682275568131,0.5252532270004162
AEGSMK2RONJ4PU4US54TRRMINDIA,6,168,167,167,167,19.675959578687138,1.0028286475735825e-14,0.05960577099050275,0.10129266240991416,0.16066278726614458,0.2535075167422945,0.38576955048407596,0.5660844357736475
AHJYWQZ5PICKUZPXVE4HU7L5PE7A,9,660,652,659,652,39.5831556556619,2.9053095807187474e-14,0.058288390816659895,0.08480917008458323,0.1307670097074405,0.19668687666978232,0.293840356449172,0.4230128199262352
AHCFLUHDCLAHZU6AHAJ4C7MPA4EA,2,116,115,115,115,17.513889357480778,2.7570311614406087e-14,0.059816477910011746,0.10361896810007126,0.16770608631242861,0.2655496718168258,0.4102100353163047,0.6098083928528428
AHVK6E5LV26567B2Z6JNDM336G2A,8,333,332,332,332,25.422393092299647,1.7718894102173087e-14,0.05153771158572124,0.08547147762414561,0.13435376438469548,0.20511159314273836,0.3099650377631642,0.450832479168528
AH27HGQKIHLIJMZEZKPFNGOU35EQ,6,166,89,165,89,25.076923578608564,6.3237623158467566e-15,0.09060215554576313,0.16456633689078165,0.28128142062027933,0.45305361133355054,0.6294093830279118,0.798904768496051
AH5NA6LIKHFQO3CDP6LULJT6VLYA,3,126,125,125,125,17.758445802826486,2.0536109159675684e-14,0.06427628241271471,0.11100404350376031,0.1818753251743122,0.2751069123398653,0.4179896548998957,0.6104803594840698
AFVV7CLXY43P3Z3F7SROBZATZVSQ,5,156,155,155,155,20.533817559554322,1.4878295759507504e-14,0.06104004951541707,0.0983307391557823,0.16027502962596288,0.2498751181080274,0.37820218861355936,0.5586043664439632
AHCMBEGSVFSUHRNRYBQ7L5URHCYA,6,175,174,174,174,19.516266674377025,1.0259836314815215e-14,0.05890451385277931,0.0992262010370568,0.15605356249254534,0.23892995554589547,0.3692391715358111,0.5416827786780902
AHQWSREBML5RH7GZCFX6L57DDMHQ,1,109,95,108,95,15.655440845230792,6.046024137063991e-14,0.05194199449061251,0.09940875410769572,0.17541908773438117,0.2873800533311648,0.44656455333462675,0.664951449193191
AE75RQ5THMDYEJUAYOJZHODWFMMQ,7,220,217,219,217,26.00938367159174,1.4249334095628978e-14,0.0643329658677534,0.0956766225744632,0.15023226197222211,0.22950401798716002,0.34574589538958855,0.5029808191481641
AHF575RNOU3ATD7PN73Y6ML7QD4Q,6,164,81,163,81,21.93648968375356,6.651709728250883e-15,0.08415625646418051,0.13196369346054296,0.2150771277752435,0.3379699508122391,0.5201643763078747,0.7476326279254238
AGYITYRAKLJ2Y6B36QH5XC3MH7EQ,3,120,119,119,119,18.049671208615674,3.2878899823391616e-14,0.055736120726140884,0.09571397020095482,0.15512846588704565,0.24857837345748912,0.39423013727457584,0.6046422845766645
AEILG76DNJ24BKXXDGEOZYMTM6FQ,1,110,109,109,109,15.08188953931193,2.066270823716858e-14,0.059679321104622526,0.09782673584098904,0.17108830704137107,0.2755540687566982,0.42707814177958714,0.6310767910445115
AECOPBDL3PHOESNB2RXKPZSXGBOA,9,1050,997,1049,997,51.10571758433886,3.3344738358662905e-14,0.05805631618767447,0.09382462744876842,0.1390416340882889,0.20353485051940015,0.29265862306047435,0.4093228661377504
AHVBTWB5RQY6XBD4GK6L7N5NFKUA,6,181,174,180,174,20.733498298395187,1.4507358237774395e-14,0.0441334607982748,0.07653100590732083,0.12887251248473436,0.21286040670744888,0.33807104240235114,0.5143783154205367
AGFCGZLKAE6D7XDIRA57POPSG4BA,3,120,119,119,119,18.50644097933342,6.616313045290636e-14,0.05852567659489479,0.09790594784110596,0.15510780905072288,0.24453214705150347,0.3839648727964767,0.5820802699267293
AGBYWW4V2ZDUCJGRQNQWLSCPPOVQ,9,362,361,361,361,27.74076049169596,1.8247835855071578e-14,0.050496033929402204,0.0850499430609407,0.13208258270643514,0.20242126984978576,0.30582728804943327,0.44240258706509933
AG5XM7RKRNHXZU7NZAVS72AWEKQA,7,189,188,188,188,22.628325313003565,1.0494619670635452e-14,0.06495480156510551,0.10343308008416202,0.16206825427578644,0.24771568572358355,0.3739159712026153,0.5411168950814296
AGYIFIF36UAWEBK4TO7X4MGJNAPA,5,146,145,145,145,18.541323087086504,1.3405975920157954e-14,0.06062660317854987,0.10350543046774603,0.16628334543896764,0.25411292045648604,0.388226053681571,0.5741700040696333
AEBP2Q4O2JGI5KXYM25VW4I6MUCA,5,144,143,143,143,17.564595858941573,1.0058935305600595e-14,0.07198262414480146,0.1111218857353158,0.17466620976706868,0.27537787654175017,0.4223246859473742,0.6113237559058523
AGQ3ORY46EQE7VBJEDD3SKUL536Q,1,110,109,109,109,18.404034041876994,2.7311546617896182e-14,0.06231632154665852,0.10546298656513221,0.164550515967788,0.2637127540386251,0.41177610058990427,0.6160263415381435
AH2IJABKXWIZIO2FYJXNFEXNRR6A,8,255,254,254,254,26.01118972107934,1.47337739022588e-14,0.05490436681344431,0.08657236953853414,0.1386898405352903,0.20935231472829471,0.31761672253825934,0.4691884544045277
AHKLYD5GR4BP4K65HR6EGXRNP47A,3,124,123,123,123,17.121291387777735,3.060037807903239e-14,0.059831494832095794,0.1084206727404736,0.17687256683001676,0.27559732082803806,0.42099883709727104,0.6228967477052518
AHLASMY7HPI5ACTI3XRP2DDHUOTA,7,215,214,214,214,22.265732709386942,1.1423008764866211e-14,0.06506503109126441,0.0996300956986092,0.15023199374271506,0.22796218930363846,0.34463260928877576,0.5058763592435216
AH6EUO4QSQBUFNDUGEQEOYO3DBEA,0,102,101,101,101,16.241844483962698,3.810035937426795e-14,0.07431408391775594,0.11528418423670768,0.1838373556547025,0.2868159996135438,0.44380688410625485,0.6547120862027733
AHKB2DDGDMX3ISA753Q2BBM574KQ,6,186,185,185,185,20.774245070544833,1.1418629988341454e-14,0.06350161383403775,0.10155006092232742,0.15895715102322602,0.2445400882141928,0.3703969213087488,0.5415852539632229
AEVEXKKEIOEM5OH3XGSVMUR3VGBQ,8,276,271,275,271,25.468175277679094,1.0985035008104527e-14,0.06354928218981984,0.10413006163088748,0.15603710879355673,0.23798677916562908,0.35807117363478436,0.5152006059309279
AG2TTN372SIFA43IEXZRPCN7B5HQ,3,122,121,121,121,17.311156810547427,2.94092933733714e-14,0.05430157513235422,0.09500804938137153,0.15404690958101744,0.2510893178653952,0.3997981608563723,0.6047180298031151
AGBCUH6OF5SMVV6ED5G66Q4QWI4Q,1,111,110,110,110,19.849986465692044,2.4875693224199753e-14,0.06518758660845732,0.1060396350043988,0.1661345557089759,0.26613086084332777,0.41178749910459084,0.6134573460483401
AG3KFKJCPSYRVYN5PN5NEQJS4V3A,6,163,162,162,162,20.15489241477708,1.2359514841535951e-14,0.05537086493075229,0.09165699353585695,0.15214175910989428,0.23511605491858423,0.36245705648657905,0.5414882099390534
AGSGNSTI2FQVP2FA472PPANKG4DQ,0,101,100,100,100,14.422977371611012,2.2661836281430273e-14,0.05739250956747797,0.11343279966682353,0.18678710742268864,0.2998127745384297,0.4608586540270888,0.6696652275943664
AF7KGUAKKGFQFTGJUCYUC5IKM3XA,3,122,114,121,114,15.089272012021857,2.298976634480941e-14,0.06111061503304362,0.1118512420529996,0.19037277676807024,0.3090688718409532,0.47121855739913426,0.6751178249033908
AFCFX34G3LQLDXEEBCPWSX5RRYYA,1,111,109,110,109,17.970129346474913,2.648036406240342e-14,0.09282209181782786,0.13579731595582153,0.20526588957611225,0.3163646310074414,0.46810919500407455,0.667875926199046
AHJCSM7OYYT5AC3YPOKL3VNKNMNA,4,141,140,140,140,18.739985746466807,1.3871600296210955e-14,0.061483398198941164,0.1012746620561783,0.16281893140075757,0.2578743998757769,0.3961859514505487,0.5865742467501869
AF4IFF3OA55YOWXILYETWH57F7UQ,9,531,524,530,524,34.22059203567577,2.128254410738773e-14,0.05367006684330772,0.08363212702418975,0.13504604544612184,0.20474846774730285,0.3027063778559614,0.4339089288153571
AH43LZPH7256CHBSEDLZL4D3XWSA,2,117,116,116,116,17.393974664751514,6.12854202973392e-14,0.06437218175720044,0.11255347791371904,0.17515601230285632,0.27939433016247905,0.43624191109217714,0.6441220177044941
AEVJRHZZOSWCWC4IVTH2QPPG775A,6,174,173,173,173,19.52594238439198,1.5807267172766474e-14,0.050317930024617194,0.09521815145522457,0.15265008521338397,0.23694110368534804,0.362367012568289,0.5363521948152796
AFRPWBSVEF2BQMQTKA33SMTXJI6Q,4,140,139,139,139,18.147132478147743,1.472141908479839e-14,0.052528857702087546,0.0914871496397929,0.14957409763268523,0.2404740320814235,0.37599109728928237,0.5675547978295944
AFPT7MUXVAM4NE4IKGKSXS6G3AOQ,1,108,107,107,107,16.31829566059718,2.8047977065936275e-14,0.0569491350645746,0.09710018090153147,0.1605895028516636,0.26069834364967887,0.4131225362274319,0.6243785064365148
AHA5MSNKUQADZA6E7UAMRHJ3LOSQ,7,199,198,198,198,19.73725075256821,8.04133723158869e-15,0.05672238331471017,0.09858187517718442,0.16100928397288564,0.2506688650188939,0.3760869810075688,0.5450073907023654
AFOTJXRQDUCKYFT2PPHRCVFKDN7A,2,119,118,118,118,17.78669921414723,3.934972781938262e-14,0.0639526289379815,0.11099015571838308,0.18184159720992235,0.2761695022172678,0.4216782693864364,0.6197928362888868
AES2TITGKXHZZPQ6NQQXHK5RQP3Q,3,125,120,124,120,16.588941259032236,3.270904763607657e-14,0.06253271510158691,0.10115787638854061,0.17039179784205902,0.28136585049383733,0.43171200361129597,0.6300737601116639
AE3KLVXGZPANXE5XLXYKHTVAZ3FQ,7,220,219,219,219,21.769403798883133,1.1285309298344617e-14,0.05708471703183422,0.09695047436658234,0.15251986929699315,0.24003474092957694,0.3633328377764897,0.5291146125059873
AEHY474ZXCBIST6LCUFKNRSXON2Q,5,142,141,141,141,17.904783439621358,1.0778390043688264e-14,0.06897250093605091,0.11501780511281123,0.18041907125134748,0.27579688470739716,0.41980830205733427,0.6087779950290351
AEQXZCNKESE5KNCYCQZROO7GZRKQ,9,393,391,392,391,30.316347496556954,1.3006742914889924e-14,0.06174171769960298,0.09720192034535607,0.1448644003382147,0.21835951103942847,0.3221239847614742,0.45962916938279547
AGDQR7EYHX5Z7Q6OCXXTGHQZV7EA,5,146,145,145,145,20.629908558380993,1.0486058080006989e-14,0.08469884403131543,0.12159564233368239,0.18951134956475793,0.2884128180812445,0.4288233436998206,0.6126645571328806
AE7JBM6K7UPOFSXSCXY2VAWFWD4A,3,120,119,119,119,16.849968999740256,3.341486081947733e-14,0.05554797822312223,0.09215582198023367,0.15804928603415094,0.26154702072245917,0.40801506495744494,0.6104802528960678
AEKBPFBX43IZ5DPNC5JU7NSRZ7FA,7,202,201,201,201,24.06305728905495,1.5747524003778783e-14,0.05484014208011865,0.09257501969076505,0.14018656026306547,0.21429717394281103,0.32572099814716504,0.48638689818544917
AEP4KJDGBH6XPJKFEHPYSAPUNDBQ,8,257,251,256,251,24.045745459548478,1.1392774793704311e-14,0.054036752242167904,0.08950729578564222,0.1460415708542553,0.21894244070638527,0.3323124030475674,0.4883545456848413
AF6J5S76N3E52XNARY66M2ITNNZA,4,139,138,138,138,18.38746213335185,1.4043272972045529e-14,0.060185346936104604,0.1016034575193206,0.16373029373537717,0.2589729223019203,0.40050260069082144,0.5912144904104873
AGCVOYO6WC6M4KYGVG4NC5VNNZPQ,4,133,131,132,131,18.50569040685555,1.1274986502324273e-14,0.06832587298688797,0.11010852093283144,0.17812225255331768,0.2744240211848545,0.418104510173273,0.6117447801919645
AEYRVFKM3PK3OWJQEK3U6RMFZ5ZQ,9,377,364,376,364,28.91690363928257,1.898418048837269e-14,0.05624222459370837,0.08645563855845266,0.13915195490732513,0.21438279609411445,0.31977546314379024,0.45876662028423904
