uid,bucket,n_sents,V_u,x_max,x_4_lam_min_med,x_8_lam_min_med,x_12_lam_min_med,x_16_lam_min_med,x_20_lam_min_med,x_24_lam_min_med,x_28_lam_min_med,x_32_lam_min_med,x_40_lam_min_med,x_48_lam_min_med,x_64_lam_min_med
AFZGTA2DJG652ZHZNYSNRPAJG2GQ,0,101,19,16,0.08524295612269527,0.012966984658383866,0.003104639741494458,0.0007492764505015342,-1.1426383612046154e-17,-8.111746492740632e-18,-1.9322766635223173e-17,-2.1525724418395988e-17,-4.2773409897597484e-17,-4.1593714402929e-17,-4.094652807301149e-17
AEW2XCQQH7QTXUXEIEAD4XQINHJQ,0,103,17,16,0.07072469543369003,0.013165374982447143,0.002089156069285999,4.605508258562997e-05,-2.2237106933224294e-17,-1.7482870389878898e-17,-4.484337924586697e-17,-2.4846762273146894e-17,-4.0816516936861666e-17,-4.7941508935296803e-17,-6.556293695007766e-17
AF336LFHKFAT2ARXGUP2B25IUDEQ,0,101,18,16,0.08586870784373564,0.015829147940752894,0.0019510505532449797,0.0002599844021833318,-1.354990215001682e-17,-3.51116175608389e-17,-3.16606052220783e-17,-3.167471298223377e-17,-4.5210608365163736e-17,-5.1744209872970256e-17,-5.023343983767931e-17
AE3TR2XUR4PAO3IQAZLPQ254OTXQ,0,101,25,24,0.10460750852477473,0.02149037969933853,0.003751926050619285,0.0012598203688197111,0.00042111295397143257,1.2996326550744311e-05,-1.3314429669148978e-17,-3.016189558993109e-17,-2.584780162107332e-17,-3.868034853326254e-17,-4.008418593762211e-17
AG2Q2QBN42KMKP5OY3GPU6MLPANQ,0,100,15,12,0.05978102761123416,0.008417744532303185,0.0006223731118775839,-8.101676693056933e-18,-3.3666855385839067e-17,-2.8783844218253715e-17,-1.9667304950660645e-17,-1.6865754738498776e-17,-3.9964635731782977e-17,-4.131855981359991e-17,-6.474558571548035e-17
AGZ77AU67Q5B24EQDU2ZPPGRICMA,0,100,22,20,0.09974535307874399,0.01634010229751847,0.007672210447730593,0.0009433250300191115,2.611190853815706e-05,-7.511121870203574e-18,-2.491208374085312e-17,-1.9256188290626567e-17,-3.917300345294497e-17,-3.7774243540670627e-17,-4.018630467857299e-17
AHUQHUKMW2VDHUHTAWQVVYYNER4Q,0,104,22,20,0.08491102280804523,0.012677654539959381,0.002833881183366839,0.0007931886802008918,0.00018133881038606258,-8.292556962089401e-18,-1.9103176698961174e-17,-1.1599933092529827e-17,-3.578281706064684e-17,-4.398776366595394e-17,-4.026048787014771e-17
AGEQPZPPIJOYSM3X77DQ3IQ5TD4A,0,105,19,16,0.052915035636194076,0.011924094593559859,0.0020993141297728788,0.00022345814704221686,-8.690544430646664e-18,-1.5154149403261782e-17,-2.6080830208437005e-17,-3.817235395930519e-17,-4.2141925151925937e-17,-4.101802784262455e-17,-4.90166901779215e-17
AE3RLEXEQRD2K7SCXE7HBCOMRDTA,0,104,19,16,0.07973657207790233,0.014253269184945174,0.002653855765948417,0.00016943807016745727,-3.288378040332991e-18,-1.5689310126144624e-17,-2.3589682222744786e-17,-1.937338917897541e-17,-3.6664771107788234e-17,-5.2853832018858535e-17,-5.067411397671016e-17
AGCTA5FTMXTM42RIG3JUZCYJ3XSQ,0,105,8,4,0.030382327724605612,-1.361053178928846e-17,-4.531419256531925e-17,-3.189006657919681e-17,-3.0999475815577344e-17,-6.835095079128347e-17,-3.55162052339423e-17,-3.152443696735755e-17,-6.443412473527925e-17,-7.677508970024609e-17,-6.058305502355143e-17
AHXI6LRWN3FI2RWEFXHXSENYC66A,0,104,20,16,0.07353838220693247,0.013756523462013595,0.0012420521201897553,0.000303115171512943,-4.8204695223272305e-18,-1.602178238113922e-17,-2.801590575813372e-17,-1.9705139861552456e-17,-3.986064437477173e-17,-5.362847653163744e-17,-3.946720427084547e-17
AGGYJDBFHKHKTL7YZ5QA4RYUZDTQ,0,105,19,16,0.08933422559129395,0.016673305241615515,0.0023282410390757435,0.0002792860319026257,-9.331204927429605e-18,-1.3197412090727493e-17,-2.0207839344098624e-17,-4.365237582236454e-17,-4.33812247443682e-17,-3.913859096125882e-17,-3.963185515918698e-17
AGSGNSTI2FQVP2FA472PPANKG4DQ,0,101,19,16,0.03852284907876517,0.012809503134367925,0.004883935940907643,0.0004883774603212254,2.1132929235703516e-18,-1.0211273117355177e-17,-1.7681581336946998e-17,-1.7478070206251747e-17,-4.229965349457891e-17,-4.3132093590892613e-17,-3.833399540362989e-17
AHCFYNLZXWHXARK6SJSQBIY3U5RA,0,100,18,16,0.06537111826564093,0.011394884731411483,0.0022358217912180544,1.1020487798523135e-05,-5.9647227517910675e-18,-1.773073903530096e-17,-2.063983866792325e-17,-2.880787957874271e-17,-5.648032704722653e-17,-4.8851964491411845e-17,-4.710915020792248e-17
AEG7ZYNIXB5WKB7YXNU6BBNUAS4A,0,105,20,16,0.0782276845898337,0.015996134005137407,0.00479362078504393,0.0008424562963137899,-7.316098310177412e-18,-1.557873556425469e-17,-1.8181602155638587e-17,-2.246776417058956e-17,-3.972039383465664e-17,-3.548094436299353e-17,-4.8752940430432996e-17
AGHYDPVLKBYDXTPJQCLDQLESK7LQ,0,103,23,20,0.07713368086288794,0.019226738050280266,0.0032396537319453558,0.0015340284436486766,0.0001398733237516041,-1.3957629108606043e-17,-2.0140770676087787e-17,-2.4579743713437302e-17,-4.3156073284395533e-17,-4.268486102163288e-17,-5.638880458004411e-17
AFNGDYKFPMNYHOLW3NA5MZVNH2YQ,0,100,20,16,0.07827165497571716,0.014535721363395641,0.005089472195530654,0.0008928069856554254,-3.620302077463413e-18,-1.1007946873109574e-17,-1.661094818367528e-17,-2.0176409308625155e-17,-4.075505887178845e-17,-3.9084142488621247e-17,-4.328081689323082e-17
AERZA2PMTCZCBSZAR6GATANJB3QA,0,100,10,8,0.04224703813372607,0.001492608226456273,-1.3519924580505113e-17,-2.1043466108308792e-17,-4.954224468886836e-17,-3.096782842114502e-17,-4.965952224280784e-17,-2.300411429375948e-17,-7.022469318993955e-17,-7.604298761416647e-17,-6.255016122180061e-17
AHFCHDSPGTU44DGNSEG35DZI5OPA,0,102,26,24,0.09297617976220736,0.017282606584880022,0.006506380564647777,0.003703100281036438,0.0009526651426883592,3.361198507716445e-05,-6.87917624447701e-18,-1.5439447981751668e-17,-2.919243412434461e-17,-3.989968312909509e-17,-3.768528805391011e-17
AE6KH7MCDOWZY7BEPTRSGJYRHLPA,0,102,15,12,0.08153459269307041,0.006774311254381033,0.0003666562676404567,-1.3288245472012827e-17,-2.1686782886407492e-17,-1.4449757070315104e-17,-2.3731768107864932e-17,-2.1772366462690622e-17,-4.549809662021203e-17,-4.6961804455884736e-17,-6.43987213259826e-17
AET3HBH7XFS3TB22INRW6VAXR5CQ,0,104,14,12,0.03976635834621482,0.005945691887689694,9.744190461660223e-05,-2.647100839142652e-17,-1.6719601728001404e-17,-1.8355400102597887e-17,-1.8062679229394035e-17,-3.277012432953251e-17,-4.16735938185472e-17,-5.22314144230032e-17,-5.514829747624133e-17
AHA3DNMQOCMQGOK6RYLBYFTW7OWA,0,103,21,20,0.09798407601481625,0.015639246568175343,0.00574312337649442,0.0008888353513044001,5.291853343190651e-05,-2.284992128522862e-17,-2.4006752623870908e-17,-2.7627052127349192e-17,-3.201496597726142e-17,-4.4906803880586285e-17,-4.24962491422221e-17
AG3RPMHL2RU5CPZSOAJ5CFNKXUDA,0,105,21,20,0.07001108350520513,0.015684562663747934,0.003106174785331469,0.0005161659234333648,5.057747250979915e-06,-1.058768474794934e-17,-3.141492196515311e-17,-3.749018258216758e-17,-5.31567274046681e-17,-4.3545296790456054e-17,-5.308680520244174e-17
AGEBWT6LTQS44RBUSRT5YWGNABGQ,0,100,19,16,0.08620527499725163,0.013210758583365756,0.002103935241969227,0.00028740831555132,-9.712407829170039e-18,-1.75477606655435e-17,-2.3701881959653276e-17,-2.9566346516502036e-17,-4.268501145634429e-17,-4.6972440333706036e-17,-4.464400666853325e-17
AFXYY6I45UYTMLLLUFJZX6YFWAFQ,0,100,18,16,0.06160137820582803,0.005968518699642047,0.0022049177110815476,4.957852994757976e-05,-1.0153328191879977e-17,-2.2816221710705227e-17,-2.6592682332622838e-17,-2.819661204640459e-17,-4.552646018271319e-17,-4.7609080510391796e-17,-4.178484190724614e-17
AH6EUO4QSQBUFNDUGEQEOYO3DBEA,0,102,19,16,0.09458150903172478,0.015113394154755114,0.00729194844578175,0.0007106208862924741,-1.506043758014877e-17,-2.1800986750258044e-17,-1.461016523150787e-17,-3.090502287071489e-17,-3.3459233899356467e-17,-4.482086214943317e-17,-3.9761939745151835e-17
AHD74CISOKM7L6YTYKY4GN2CAIWA,0,103,19,16,0.0648656843570783,0.017122162465597255,0.002960926487048395,0.0006462429398894568,-1.5069757442057212e-17,-1.4508070255871644e-17,-1.9716914518543615e-17,-2.0694770962325087e-17,-3.530687197631207e-17,-4.1551590011048227e-17,-5.0279798597805324e-17
AEYUU6URP6TMM4B4MY2Q4DSPSRZA,0,104,22,20,0.07573531137344941,0.014088114429150084,0.006454700961967625,0.0006189165832866159,9.19018045988609e-05,-7.374194534954423e-18,-2.1508460240569077e-17,-2.178659815233264e-17,-4.023875329967348e-17,-4.854716305118412e-17,-4.309100469496596e-17
AEQQFXTK3EE4OM2ZVE6MVDR4RZFQ,0,103,16,12,0.07292848314500651,0.011806258546970715,0.0013701689587508545,-1.1079339228696375e-18,-1.3933686339179762e-17,-1.9070716590994853e-17,-2.1775562571647747e-17,-2.5405175965879162e-17,-3.90340754069863e-17,-3.357610766225541e-17,-3.45551647987725e-17
AF426CEAYWNEUOCWGK7ZAAD7GYZA,0,100,24,20,0.13520364978459817,0.01650552711113863,0.0058068857223008636,0.002681488378850452,0.00026520538565724547,-2.4557936127842893e-19,-2.0796495443323367e-17,-1.537124344441276e-17,-3.220899334183498e-17,-3.3322879940085944e-17,-3.703880530701726e-17
AEILG76DNJ24BKXXDGEOZYMTM6FQ,1,110,22,20,0.08639927772570312,0.016961459620496944,0.004541154268311001,0.0027526345456473232,5.323185614331382e-05,-2.254275014885611e-19,-1.995025213891396e-17,-1.5688717885287298e-17,-3.3944978285438494e-17,-4.057385794233391e-17,-4.6998713903543156e-17
AHVYEGMH66T7GGYPUNFLF5YKWP4Q,1,106,13,12,0.03215515675960568,0.001130707606810475,7.811730237738933e-05,-1.5981705619510105e-17,-2.4048748086102176e-17,-2.3344084442447813e-17,-2.9586838178660266e-17,-4.3914741649375844e-17,-5.081277207187888e-17,-4.630366815102982e-17,-6.139010148658144e-17
AEY4MJXI33M7Z5PXZG7QI76OJFCA,1,111,18,16,0.07941554393215214,0.009227613774308389,0.001121783944924212,0.0001721516338030175,-6.8153470483510194e-18,-1.402624707943149e-17,-3.967610898732572e-17,-1.932693621767772e-17,-5.092192972683951e-17,-4.760048881501673e-17,-4.9178320685715714e-17
AGQ3ORY46EQE7VBJEDD3SKUL536Q,1,110,21,20,0.08997303632747217,0.022539525026773876,0.004970974296929181,0.0010943547771691785,1.4052708546567674e-05,-1.8310015331635414e-17,-1.3472087835891561e-17,-1.594438659269571e-17,-4.638182002468193e-17,-4.173847573109059e-17,-4.299925397564073e-17
AFVIKCEGFX2QTEQGLLM7KAGE5WRA,1,111,23,20,0.09890301931963072,0.019402174362180336,0.003795205101179132,0.0022858786600331357,0.00010061904331523358,-6.114043132531523e-18,-1.5698127778152167e-17,-2.0069171407328727e-17,-4.0086384420366466e-17,-3.854796210241589e-17,-4.447339546227221e-17
AEP2BCSP2ZGM43QEZ6ROUD4LU6SA,1,108,21,20,0.08242567044480259,0.011718730747048841,0.005418285620893467,0.0012781631878700918,2.1648250247107154e-06,-1.1537712949651992e-17,-2.5595581505121524e-17,-2.49078130651227e-17,-3.536721163211037e-17,-4.554163055738622e-17,-4.957742959126467e-17
AFTP4CS3L7FXZ45SXX553REC3MFA,1,109,23,20,0.105227949631209,0.022031066570977732,0.0035043730438523565,0.0018021794243645618,4.4511462733600075e-05,-2.9637359130096864e-18,-1.5088184626846977e-17,-1.4889105011912198e-17,-3.202029499860983e-17,-3.093279169672354e-17,-4.119717077023536e-17
AFAK7NZ77T2ZVYBFTUDUE6SA3O2A,1,110,18,16,0.09808513372857988,0.020453053977996394,0.002746308458157838,0.00015467450209203878,-1.308949041636945e-17,-1.786251221992435e-17,-1.6409316897813566e-17,-3.029740725220562e-17,-4.8334544121754605e-17,-3.5988503748172017e-17,-4.3690290085950967e-17
AGI6YCJPJXN632RE2AIFQ7SA55UA,1,109,22,20,0.0812491245217327,0.025376928041764658,0.004000768921280979,0.0009596613075509216,5.325184348245189e-05,-1.0093313553440973e-17,-2.1253233832723002e-17,-3.0073239732447615e-17,-3.231705379964801e-17,-4.6102374914758344e-17,-4.0791912015882053e-17
AFXBZTQQFKBDOGT2NSQVEE5VHKCQ,1,108,18,16,0.06129661695172257,0.010716844721047345,0.00121105655770569,0.00010788640583266533,-5.6015496388085e-18,-2.4377285121145132e-17,-3.2364943300184616e-17,-2.307492755465916e-17,-7.067890652234532e-17,-4.419971497357022e-17,-4.8702782911287374e-17
AHHJ4BPQ5TYIUPESYDW6HDSKNIAA,1,111,19,16,0.07573969179928307,0.016534003665329186,0.0018606949230819624,0.0004953552568527599,-3.652211761764451e-18,-9.374941894803801e-18,-2.2706141041443935e-17,-1.7207825543799882e-17,-3.9119370372012034e-17,-4.534136219427571e-17,-5.2170156420962714e-17
AFCFX34G3LQLDXEEBCPWSX5RRYYA,1,111,19,16,0.06010163810014686,0.010279477702382156,0.003539947253972409,0.0006429246519477328,-8.830786914192798e-18,-1.9944057670308034e-17,-3.232399615768003e-17,-2.3401486514720888e-17,-4.269251259242998e-17,-4.6283504590340545e-17,-6.174707875372646e-17
AF2KWXX365N4EN25OGZ2J3AJ46UQ,1,110,23,20,0.08236479942693699,0.01855175879803939,0.00628853026590196,0.0007037054278089388,4.135538886541486e-05,-4.2063785084234536e-18,-1.6319168769786867e-17,-1.2328228437143259e-17,-3.073888667853949e-17,-4.133977819749183e-17,-5.594905783887453e-17
AEKNUVZ54GHK35OSOD3TI75BQDGQ,1,108,25,24,0.09563843029148922,0.02011212144427843,0.004202877334202206,0.001987047995000374,0.00045240356299725286,4.5376038335937087e-05,-1.5617071259038317e-17,-1.5326553579889124e-17,-3.9805876052426825e-17,-3.973817370054676e-17,-4.8522649373584464e-17
AHXFDISHJCHQZRESFA3SIAR6GVMA,1,107,25,24,0.10753011709304201,0.015275336758275517,0.007211416039944122,0.0015938489703404412,0.000603766507481249,4.2034736214676846e-06,-1.1213006202657047e-17,-1.8519966839861155e-17,-3.5098065900397896e-17,-3.7405062875113975e-17,-3.765147252005166e-17
AHNNHOY7YG6U7QQYTUAJKPHF2NHA,1,107,17,16,0.053557128063797366,0.013140458971026805,0.0016473672727756357,3.854720145770979e-05,-2.0498259809373222e-17,-2.7292392873492756e-17,-2.5644750081304964e-17,-2.2774866416698873e-17,-5.497197383682826e-17,-5.1969271117025716e-17,-5.0196950920175753e-17
AF35KUQK45LLCSVCNP7SWL7THESA,1,109,22,20,0.06931209303806286,0.010204554773755346,0.007293354704260034,0.0011002312847126089,3.285895222430581e-05,-7.94078180435784e-18,-1.1480626815996623e-17,-2.069416908892656e-17,-3.213446954896824e-17,-4.0979824606672027e-17,-4.0845574216125327e-17
AHV4U76XGHXA4RBBXSPEENTVH2YQ,1,107,22,20,0.10165949802384461,0.01616854339920825,0.004650656483639229,0.0017774469444319294,1.5327142895184317e-05,-7.162701010032284e-18,-1.55990951569405e-17,-1.7431506477937985e-17,-3.216210429779666e-17,-3.512156500755576e-17,-3.327760606612674e-17
AGBCUH6OF5SMVV6ED5G66Q4QWI4Q,1,111,14,12,0.06189615455158201,0.002921520303023654,9.824843406702057e-05,-1.2165184010940266e-17,-1.4211239655223814e-17,-2.350665505846867e-17,-3.030550111094072e-17,-2.8050870390941714e-17,-4.642738236635106e-17,-6.719152223267642e-17,-4.7792640820128e-17
AGQNPHVDHICIZIBMSI3ECYO4RTDA,1,111,18,16,0.07949976754277491,0.01756219716839462,0.0032457018363688975,0.00021996622804114623,-6.488617219512835e-18,-2.4650870019299878e-17,-2.669324735930975e-17,-2.977714491971916e-17,-3.594573816764632e-17,-5.104094863158524e-17,-5.2752656333852096e-17
AFPT7MUXVAM4NE4IKGKSXS6G3AOQ,1,108,23,20,0.10288582297621202,0.01795500673878939,0.004964143845743991,0.0012960424265905316,9.524416413861263e-05,-3.1242025025401092e-18,-1.0064605307781842e-17,-1.3069443734873514e-17,-3.3425390908224145e-17,-3.612267561170715e-17,-4.0941599632284317e-17
AELR4ZISE4URDI56E3XVN7AP422A,1,109,19,16,0.06210516683335008,0.012040491710444003,0.002011968212976055,0.00016597086990554559,-1.0772315994739538e-18,-1.1181366629277368e-17,-2.031789004530132e-17,-1.723586476999269e-17,-3.7520977054790035e-17,-3.919143690572659e-17,-4.3330558567274236e-17
AFAFPVBZWY74XHOKAX7AYGC77YUQ,1,108,21,20,0.07484105952434282,0.013221050624982956,0.003273687973192767,0.0006346309114136633,2.0068141816225814e-05,-9.365550960617963e-18,-2.000281767328751e-17,-2.0286040692960392e-17,-3.5830091679838323e-17,-4.0449526862994876e-17,-4.706079534594753e-17
AGVM37ENJ7TA4BJ4LRWQKQPMH64Q,1,109,22,20,0.09249559237309521,0.01561165835942744,0.004637141730360533,0.0009608498738907957,3.510510853925843e-05,-5.038029482879847e-18,-2.0611342856678277e-17,-2.398259059825314e-17,-3.414534564571716e-17,-3.6148758271437724e-17,-4.009210100323364e-17
AFWZ7MZXTZ4GG6AP2LLNEOTBDA7Q,1,107,25,24,0.08044080005591117,0.018298805783701244,0.00599256590643933,0.0019757530543932176,0.000555757504900184,2.477772656580132e-05,-1.3344481562004984e-17,-1.643553647523894e-17,-4.390669999189141e-17,-3.5335512224915043e-17,-5.875904750277843e-17
AGE6JTC6BUGXNMZONP632XOJH2NA,1,109,22,20,0.09851451568826214,0.01426452887296477,0.005139910890395431,0.0008889524723687994,0.00027887899141305905,-1.1663565494149647e-17,-1.672809858235311e-17,-1.6822944816818046e-17,-3.362030381629705e-17,-3.4936025491452284e-17,-3.586281679752e-17
AH4IDFVWP6NCHZFCONC4EKN63YUQ,1,107,19,16,0.06354872869572248,0.014100404787123513,0.002831895980578835,0.00016964460971496693,-6.003937554105893e-18,-1.7338705136693618e-17,-2.3057368210040326e-17,-2.0335625646807317e-17,-4.2970301417600494e-17,-6.184792514616021e-17,-6.146247183912265e-17
AFP4XV2TPIF2DYR7MDS3ABENVU4A,1,106,22,20,0.06010979970139829,0.016001899637999802,0.005205942555680096,0.0009161398969752267,1.7564662137911215e-05,-1.3688801994316143e-17,-1.917993620704004e-17,-2.5556499665114517e-17,-3.773066643376376e-17,-3.587888617195535e-17,-6.106314197610387e-17
AFIYJLRZHK7C4B5QSZAGSGZVVAJA,1,106,14,12,0.08242486031381777,0.007242020305727184,4.621815999897451e-05,-1.102684735994723e-17,-2.2575220716842307e-17,-2.811947396654695e-17,-2.1275942590156886e-17,-2.419593114674493e-17,-4.838233728374757e-17,-4.764822194705488e-17,-4.81141020815894e-17
AHQWSREBML5RH7GZCFX6L57DDMHQ,1,109,23,20,0.0582718406786877,0.020521890761550043,0.004959906097410459,0.0013924232788710962,0.000277075585534322,-2.742383769981078e-18,-1.4407155698759792e-17,-1.767624208079343e-17,-3.658605970370112e-17,-5.331743309918486e-17,-4.1062001951980627e-17
AE6G64ZJUAFLSNHPZSGGEEKYTFGQ,2,119,19,16,0.078240155240232,0.013069944946056426,0.002439759167970663,0.0007479697880871523,-1.21999932434868e-17,-1.682504845323068e-17,-2.7715287992082535e-17,-2.3325096495263783e-17,-5.236307471279828e-17,-4.992642758031029e-17,-3.998949653309865e-17
AGLDJAFXAECQPHKDFOYDLI42RKDA,2,114,16,12,0.061064431235625306,0.007635580966649011,0.0025545685198929513,1.0108571352715746e-17,-2.1717767186475914e-17,-2.4948551046970767e-17,-2.283034555722975e-17,-2.6062172980243945e-17,-4.70637345216339e-17,-4.679197255835041e-17,-5.19322754833314e-17
AE2662WNZYL2ZMFHDKGGCCHMGMGQ,2,114,19,16,0.058970564122465444,0.017330389534819964,0.0031084981595463287,0.00032256643563252234,-1.2048772100761552e-17,-1.0680113766563364e-17,-8.704192277767502e-18,-3.4148436495181614e-17,-4.873473565069096e-17,-3.838816894562801e-17,-4.8349326501405845e-17
AHHBH4VPAVBILY6UAS4LQVX2ZTKA,2,119,27,24,0.0831425911769127,0.020717285760466234,0.007721943625792327,0.003107402462865392,0.0009349614888607497,0.0005009354057091808,-4.7629787117086986e-18,-1.1435823480787332e-17,-2.807877648711714e-17,-3.292313697673935e-17,-3.522686304871909e-17
AHWAVTDTHEKLCOWMFZ2MCLGVYZUA,2,113,21,20,0.08047939149085291,0.017872837585513734,0.004163249921911509,0.0010463421824575532,4.878245579736403e-06,-7.905635628497373e-18,-1.4121615386396762e-17,-1.2207292508711085e-17,-3.9572472135900066e-17,-3.970044742724673e-17,-3.979443579997062e-17
AET3GRVVMHEXRXTSBFFWSY3HQEMQ,2,112,14,12,0.060552816413420515,0.01041689212252111,0.00027897973036669404,-1.6866793988963072e-17,-2.0004013045326414e-17,-2.4630570837007547e-17,-4.836729159118606e-17,-3.6645195900749797e-17,-4.3579964883224246e-17,-5.3615628653821377e-17,-5.988248944323523e-17
AEUNI3OFLTJG7LZNVHXLKXSOLO7A,2,112,14,12,0.04297974685016153,0.006111459520106259,0.00015406727998515572,-4.4032631622586424e-18,-3.4130125672713156e-17,-3.4345701991654005e-17,-2.3183664205787658e-17,-4.014408056905009e-17,-4.779128954122336e-17,-5.308341400511379e-17,-5.956637544471428e-17
AGQE2TFMRL2MM6S3JAMA4GXWYQLA,2,115,17,16,0.057445829205480366,0.006773371622889514,0.001011733507551459,1.6226061687805837e-05,-1.794424613957442e-17,-2.0272794634704282e-17,-2.233044939885451e-17,-2.4656265158533263e-17,-4.144158860460573e-17,-5.955822769237342e-17,-4.892972690043409e-17
AF4CNAUOROUP6WQEHMP7DWVB3KFQ,2,119,20,16,0.07999852226748362,0.015054300699020043,0.003043186298903417,0.0006327720778407875,-3.236955944556828e-18,-1.786088335551316e-17,-4.9110920105285683e-17,-1.8756761081377277e-17,-4.124685721984482e-17,-4.749895094280875e-17,-3.915035284306704e-17
AGI53IW32Q3RJYKUFQGA36JMCOKQ,2,116,24,20,0.11293678501685242,0.020543496509346025,0.005415058571417781,0.0015463775587360113,0.0004178679029107611,-2.0146641582021673e-18,-9.233929151393726e-18,-1.510870968093615e-17,-3.5787752699167764e-17,-3.860900332841793e-17,-3.5128487564802734e-17
AEYVBSVXB2M76M3HEX4PNF7GWK2A,2,115,20,16,0.07723309972770485,0.011751892090017499,0.0034236188678190738,0.0005514112656579236,-5.590889711863562e-19,-1.1320445274585835e-17,-1.751387081209244e-17,-2.434741298702527e-17,-3.162152186982462e-17,-3.879525163496563e-17,-5.0085006496267044e-17
AERILPVOZA5OUHF3XWFWFB7EV6KQ,2,115,22,20,0.07014201290686133,0.011214193091724015,0.00477995987124084,0.0007906168415400024,7.487977258561648e-05,-8.807691135173687e-18,-1.7858378151088084e-17,-1.1082418437523555e-17,-3.121242809913818e-17,-3.788671652167474e-17,-4.3085614252138866e-17
AG6WVGUFXMF4LIAR7IDGHQV2DI5Q,2,115,22,20,0.08185368308622956,0.02132554542334777,0.005376587064663423,0.0011714082033639705,0.0001394533533313225,-1.199646341124221e-17,-2.2857264011142782e-17,-2.4914853739220717e-17,-3.936324912426635e-17,-3.81236281581365e-17,-4.476122426968814e-17
AH53UQYKESG5SJQD63N4KYJXUEHA,2,114,25,24,0.07299027411647127,0.026829145946854285,0.006734772600603519,0.002409221417652173,0.0006396279915513346,2.239528177559008e-05,-1.928028608461993e-17,-1.526379774825531e-17,-3.849182285577907e-17,-3.932732828341201e-17,-3.573224703003032e-17
AH43LZPH7256CHBSEDLZL4D3XWSA,2,117,22,20,0.08387221750003641,0.023441129433318005,0.00443186296630708,0.0008788367760802212,0.00019573019531097724,-1.4738673970505647e-17,-2.0732732403098497e-17,-1.9435578107655872e-17,-3.6755642644268916e-17,-4.1730830470620815e-17,-3.8384844716077026e-17
AE2J5DDVCHVMRBD7BJ24ETJFQSOA,2,115,24,20,0.12861885783950264,0.013395399019601423,0.006268416206184369,0.002858667967860008,0.00031049671271694086,-1.0926628557118378e-17,-1.0270217160495163e-17,-2.4843969693178936e-17,-3.7581249447878343e-17,-3.585325102254861e-17,-3.464758589717611e-17
AEC6HDXIX3DNXWUVERZB4DGKFN2Q,2,116,17,16,0.07147100535564262,0.007967716645861775,0.0022869718023030825,7.697294609344975e-05,-1.2726786583133618e-17,-1.676351837772107e-17,-2.835231888320023e-17,-2.746933081719676e-17,-4.763097743480535e-17,-5.948951008241037e-17,-6.452631000522675e-17
AGCVRCNB4FGVZI5N2Z7CLE5PUGNA,2,119,21,20,0.1003490436071506,0.01666890094257654,0.004486039562815061,0.0009275844369452271,8.542106460165477e-06,-1.9610416900806837e-17,-2.47644911444527e-17,-2.7193432105496065e-17,-4.0760772705094454e-17,-4.2578393121495855e-17,-4.857495943495598e-17
AE756PEH3Q7CWIDVLOGLUM6KIEPA,2,118,21,20,0.10064533492467713,0.0119052124230435,0.0033365995956106645,0.0005341596320063975,8.695186000069326e-06,-1.5687611413686666e-17,-1.3294187140633082e-17,-2.144988579560432e-17,-4.391743771920429e-17,-4.489707939183191e-17,-4.6911135310964205e-17
AEPPMFJUVGGQXIB64J6C5DNF7CJA,2,114,22,20,0.07998799564092311,0.02412286424148668,0.003639480508520245,0.0008769793003935342,1.3955489961427141e-05,-8.202054892908107e-18,-1.211930989572694e-17,-1.7285420157771535e-17,-4.563950989538606e-17,-6.115615068144427e-17,-3.6331616166454954e-17
AEDJRZNH4XDXHVSXYQOBNR4X2PAA,2,119,18,16,0.07599420369293251,0.007218207280307919,0.0016481907418560622,8.116162847515448e-05,-2.777391207220795e-18,-1.5533836267707782e-17,-1.809980999644815e-17,-2.6646532127952352e-17,-4.564635424671693e-17,-3.619655996676559e-17,-4.519951094126547e-17
AGBHFHIPZEFAMWYB754QZ6OQLJUQ,2,119,20,16,0.07902918940408214,0.015266921622952751,0.0023184415380089326,0.00035384075221351165,5.2859861615570934e-18,-1.3485441568058517e-17,-1.6915652109275393e-17,-2.6228221833467212e-17,-3.805940502036417e-17,-4.18496040875716e-17,-4.292312122150758e-17
AE7VDEI2MEZDY7YGDKQSSZ4CU4LA,2,114,19,16,0.12319659316389679,0.013089152117772495,0.0014209179082244415,0.0001702065907132527,-9.974953709699808e-18,-1.575107026864085e-17,-2.8671915209956205e-17,-3.089631892880409e-17,-3.960533616778586e-17,-3.890387326613056e-17,-4.7822682107562596e-17
AFRRE6V4BFGXPS2RFRZNAMSUH2QQ,2,112,18,16,0.06407822997989421,0.006405552902211643,0.0008528830595835488,0.0002608052933658604,-8.961944215235731e-18,-2.420079135109544e-17,-2.0387790335609816e-17,-2.2737768737580533e-17,-3.7360285585891755e-17,-4.782025043655287e-17,-5.690415165211851e-17
AFOTJXRQDUCKYFT2PPHRCVFKDN7A,2,119,20,16,0.07505118711397976,0.006538539869314819,0.0019525459884776263,0.0002491309237542604,8.318290084709084e-18,-1.859258591839716e-17,-1.7057817497522824e-17,-2.1256490589080192e-17,-4.054836549888035e-17,-4.335459716412269e-17,-4.3120024258518173e-17
AHCFLUHDCLAHZU6AHAJ4C7MPA4EA,2,116,20,16,0.05153982430747675,0.00870254935124628,0.0031519348979753225,0.0002977314113151722,8.465241120280291e-19,-2.3739961303677876e-17,-2.3437316977843856e-17,-1.3357912956121856e-17,-3.750360084942349e-17,-4.4206703817217386e-17,-6.452138446130376e-17
AFR7G3N4UVC76GTHQP63TKQLX4TQ,2,114,23,20,0.08119396639487209,0.01077520875489903,0.0067766100533502,0.0018380981341259595,0.0002540868904131794,-8.924300415519578e-18,-1.9603045064071496e-17,-1.7711406318961442e-17,-3.27015968436572e-17,-3.936372888618646e-17,-4.068180216855745e-17
AFCB2RZXCJKPRGE44SMQQUEGXHNQ,2,117,20,16,0.08552899527790024,0.016149405803711717,0.0026418695176258873,0.0005284479296464746,-7.672365060575004e-18,-1.1928930204280122e-17,-1.5172079014132436e-17,-3.1579356238261687e-17,-4.075644360355479e-17,-4.034807147767821e-17,-3.9102535439532135e-17
AF6QAHEJL6WEQHIO2PWQNPNPJIRQ,2,118,19,16,0.06933054535480632,0.015959148286663064,0.0033340734009044484,0.00019372053852694432,-5.736382012204578e-18,-1.9042191881083615e-17,-3.3362112668668165e-17,-3.0226593697269416e-17,-3.5294098934059674e-17,-4.444682159581165e-17,-6.323485977275227e-17
AF5GRAZOLOUIUPODTWQVJDYF4AZA,2,113,21,20,0.06018769457997631,0.015245252550648904,0.004434924318621718,0.0012193456492574205,3.3988816847820206e-05,-9.44539226399341e-18,-2.4022587547856314e-17,-2.1381148017327585e-17,-4.109577349127207e-17,-4.562021222157204e-17,-4.407496316974083e-17
AEZ46SSKY4A7ESP3QNEZQRLA2Y5Q,3,121,26,24,0.10497505502992387,0.01821271312251332,0.006731490822555866,0.002244087128902754,0.0002760559362971329,8.886580946342776e-05,-2.668309494414204e-18,-1.3596028514290895e-17,-2.967010472382826e-17,-3.7036047097559783e-17,-3.890079510202521e-17
AEC4WROC543KSOU7GOBC2DDXND7Q,3,123,22,20,0.09049257484578481,0.015934766553646118,0.0042631043498149125,0.0006351320207948099,0.00015686140745838916,-1.3035962045750901e-17,-1.6214850777811054e-17,-1.640343436145449e-17,-3.84750653905115e-17,-3.5066033663522215e-17,-5.855945665903575e-17
AFPIOO2UG44UOTC46QKKSHX4SGWQ,3,124,24,20,0.1007320199283358,0.02454899040367949,0.004968523542198913,0.0010861085048712443,0.0005290211144342783,-1.825197189330114e-18,-7.72958107276363e-18,-8.947450242584542e-18,-3.3547222228314214e-17,-3.806259255955736e-17,-4.5712821780610954e-17
AGARAGBTDWJVZAZH2DJZDDS4CQQQ,3,126,17,16,0.05296965075147004,0.015155934332188113,0.0022820775449430095,0.00012558220922292816,-2.052238869476499e-17,-1.9179709393940308e-17,-2.6100970511071795e-17,-2.9243945388601504e-17,-4.404536032188185e-17,-4.618490321355404e-17,-6.362315065313915e-17
AFKX24ALWAPX366KX6DWTOBWLQAA,3,125,26,24,0.06812303623459126,0.017535391823864488,0.006694030575768023,0.002229642166815027,0.0007458423455460682,5.007024476753388e-05,-9.491194682636563e-18,-1.5872822920600657e-17,-4.0643736957613925e-17,-3.251382154535565e-17,-3.374919285590542e-17
AFM3KHXL5LZH6SKJSF2BMJYF3SQQ,3,126,19,16,0.07624475264094377,0.01490128102619636,0.0025495823904901375,0.00018888080961788315,-7.67777355202869e-18,-1.5210841033032604e-17,-2.2880118477186845e-17,-1.9988716512454343e-17,-4.2210497699247945e-17,-3.9657215735986797e-17,-5.1801902061065634e-17
AHRSEQIU4DBPAPKJDIYAWCYBYPSQ,3,127,22,20,0.08861155082543468,0.016425600543550443,0.005663076386788623,0.0004245889693478869,0.00011036800044620943,-1.1004903127304576e-17,-2.374194304353775e-17,-1.2766841002799076e-17,-3.1741839340274165e-17,-3.692324225222346e-17,-4.6922084257665964e-17
AGFCGZLKAE6D7XDIRA57POPSG4BA,3,120,25,24,0.1050335308944221,0.00989301615600257,0.007700365041882696,0.0016778723054969493,0.00019999461069577736,2.263465677563552e-05,-4.279814245418684e-18,-1.9194936633192694e-17,-4.091183460127309e-17,-3.6627033965867215e-17,-3.793440760888812e-17
AFXQNAXCDTJ2SQDCNSM5ZGBKQJ7A,3,128,21,20,0.10155038713774021,0.012516634317230792,0.0037429377032971644,0.0009398521564299628,3.1008654304079696e-06,-1.8544274423282702e-17,-1.195476219104222e-17,-2.1670080152681493e-17,-3.9880677810988446e-17,-3.6850041012353627e-17,-4.8020477499175864e-17
AHIS5MNAQJU5EVZAMG4FG7DEFJVQ,3,123,20,16,0.11519770573025574,0.014206563585184559,0.004283094135946977,0.0005597101492628798,-4.80281577693564e-18,-1.3800749116632002e-17,-2.0253946847139852e-17,-3.3844874307524464e-17,-4.130696840027553e-17,-5.4325077785233835e-17,-4.035726140562647e-17
AHXUNS4RYQXI2O4FLAKVE7FA5TBQ,3,124,21,20,0.08921189001989875,0.020061268795604256,0.003161737748455467,0.0006922030829762969,3.5630065282390675e-05,-1.2657732544168971e-17,-2.3244601218685294e-17,-1.8582734328880232e-17,-3.006651325851817e-17,-4.957579618946771e-17,-4.73338064059016e-17
AGYITYRAKLJ2Y6B36QH5XC3MH7EQ,3,120,21,20,0.0708937147852536,0.016792885693413816,0.003382183290519943,0.0012420035576991757,8.666432068336171e-05,-1.314234855781205e-17,-1.3740368604653593e-17,-1.8057756166477923e-17,-3.395810818677154e-17,-3.854637631275748e-17,-4.288107871692708e-17
AFU7OPCX5SYLPSLCFPGBVX7ZDS4Q,3,120,27,24,0.06792596575576326,0.021814862878995946,0.0035039158575182836,0.002853085216885241,0.000541331752134876,0.0002744036821336015,-9.1477143184799e-18,-1.699808298251902e-17,-3.892385924598131e-17,-3.379978092887654e-17,-5.080789094456533e-17
AHKLYD5GR4BP4K65HR6EGXRNP47A,3,124,21,20,0.06777401509857202,0.007820306121123829,0.0029933559486019267,0.0006134131362376134,1.9655134699643818e-05,-1.7539898154864694e-17,-1.786435285290764e-17,-3.0289710578424726e-17,-3.42711120154346e-17,-4.9921511419522885e-17,-4.4727436804206995e-17
AE7JBM6K7UPOFSXSCXY2VAWFWD4A,3,120,18,16,0.07093904805826552,0.00671445804256007,0.003569387568121322,0.00020550363982028727,-9.628142526453784e-18,-3.350819835752854e-17,-1.8899595297902232e-17,-2.907090933064793e-17,-3.979040562139264e-17,-4.7629534954650063e-17,-4.8856511492977084e-17
AFMOMWWWDGAQLHVFQBCQVJPG46CQ,3,126,24,20,0.07328756492449463,0.016945333550976525,0.004671134071339055,0.002215842708540838,0.0003412087900616814,-3.979786734839786e-18,-1.7035811194708768e-17,-1.7243401272992718e-17,-4.060747743167497e-17,-3.9196891475132034e-17,-3.609092520464568e-17
AEMXI5DX7EYO7YHIWRHZQHLRPJGA,3,124,23,20,0.07110550191718223,0.016384510552907853,0.004539174408816489,0.0005379456347998189,0.00013532622864330376,-1.8453892607899502e-17,-1.5515241317450283e-17,-1.2043477587672722e-17,-3.1847158604637115e-17,-3.813173761488343e-17,-4.582953579327399e-17
AF7KGUAKKGFQFTGJUCYUC5IKM3XA,3,122,24,20,0.08476735875807374,0.01776144064921552,0.005322814831694493,0.0015101106162830663,0.0002622599979230589,-1.650873361507677e-18,-1.4653209601639796e-17,-1.1572177488348443e-17,-3.668789401073293e-17,-3.9671886961008024e-17,-5.2530588078656584e-17
AG2BRLCY7NVOZ33KD33PGIIJF4LA,3,121,20,16,0.0910967866967197,0.013399370686793876,0.0036015204436358516,0.00045735588983534153,1.0194474021426801e-18,-1.9533590536098242e-17,-2.7103659797022265e-17,-2.2674340573798667e-17,-5.089926944839093e-17,-4.749077282775005e-17,-4.9830157407610574e-17
AF63GHTZBFUQTJPVNLMYMBCRQRJA,3,123,23,20,0.08353617670921772,0.020849521627148402,0.0055363910685271266,0.0004760770346378862,0.0002954459246349672,-1.8863013385961342e-18,-1.6393697544001992e-17,-2.7844384201652684e-17,-4.295588881930824e-17,-3.569394867742105e-17,-4.012610661196095e-17
AH5NA6LIKHFQO3CDP6LULJT6VLYA,3,126,24,20,0.09181322913539824,0.018043664358810125,0.004946029459878896,0.0023895890249826636,0.00019290925048984442,5.1133880011775395e-18,-1.5467160820850615e-17,-1.9712831018897182e-17,-3.1661954940420564e-17,-3.597046276349792e-17,-3.3067238801353605e-17
AFCXZMRKPFASNFASWKYGQA3KOFSA,3,124,13,12,0.03666504817240403,0.003562235365165252,4.3898345437280355e-05,-1.0805230275116154e-17,-2.6908825728388213e-17,-3.4437675261138546e-17,-3.667468757653927e-17,-2.7604352713299117e-17,-5.516682998558602e-17,-7.321603773282948e-17,-5.827131777569411e-17
AFVAHM7UHYS562TQASNXXH6OJNTQ,3,121,23,20,0.09502295140118869,0.01584612898461376,0.004734165695295387,0.0016226065302600869,0.00016258117654070382,-4.578051707788896e-18,-3.1436116887060255e-17,-3.0040544365814224e-17,-3.831475991185947e-17,-3.767384114821998e-17,-5.38073670878322e-17
AGMD2HXCJJ4AGXVO5KGN7WQOQV6A,3,124,21,20,0.05074240871244057,0.011853284995027871,0.003780398882738503,0.0005494620688101283,1.8515461443159285e-06,-1.232682266134371e-17,-1.8265729705129507e-17,-2.7289335879478983e-17,-3.839140635397524e-17,-4.325919438860108e-17,-3.697054755852222e-17
AGRC7GGSEM62JUMADAPRDMWK63TA,3,123,20,16,0.057379242470812636,0.009381829655906776,0.0025133141371462197,0.0004737435213234858,6.4800948684308555e-18,-1.4113720195364132e-17,-4.592457492667626e-17,-2.0768987363041877e-17,-4.87916615938859e-17,-4.3944295076410364e-17,-4.6710000180313566e-17
AEHXKS3UWSNEK2WDJQQH54O7ZAZQ,3,124,21,20,0.08786215198800071,0.015047223081039243,0.0027533943813045476,0.0008043765435975543,2.577883475016873e-05,-7.068993082647956e-18,-1.8237330165588448e-17,-2.1458432523788794e-17,-3.6203838071280545e-17,-3.937542604253892e-17,-3.97661388196165e-17
AHT6AM6BNIZUHFJB5V2M6XM72G7Q,3,120,24,20,0.11030068612406559,0.01563213426619966,0.00440776446507617,0.0018744451964866284,0.0002313399724737245,-1.0475845168956512e-18,-1.5116668185362292e-17,-1.8896612623825508e-17,-3.400250580990971e-17,-4.306391398113477e-17,-3.917025274498762e-17
AES2TITGKXHZZPQ6NQQXHK5RQP3Q,3,125,23,20,0.08558508781949571,0.02659470154428253,0.006082005330911865,0.0011143813856336559,0.00022459720096065834,9.134250872776134e-18,-7.215191347199344e-18,-2.145982307498359e-17,-3.765956976212429e-17,-4.2358075096207456e-17,-4.772008889752707e-17
AG2TTN372SIFA43IEXZRPCN7B5HQ,3,122,19,16,0.05930270648421257,0.011233565547925888,0.0030238462552242226,0.0003516559750319447,-1.2636868965215305e-17,-1.6768918188381122e-17,-1.950240294969717e-17,-1.6329798728062303e-17,-4.287287788267484e-17,-5.710853574878662e-17,-6.044006263432136e-17
AESYTHEUCGQZR4QSELPK5RI6CSLA,3,127,17,16,0.06566695048412532,0.011951757967748888,0.0015498361691321963,1.3810604290447427e-05,-1.4969924648187216e-17,-2.3926582022845088e-17,-3.261732413747664e-17,-1.6435177228219414e-17,-4.5138599345008875e-17,-4.5739984920610124e-17,-4.687596519529711e-17
AECPXFEX6RCWCRBOIJKTR5LFXW6Q,4,132,36,32,0.11495599819985138,0.03956453804282221,0.014157252402733739,0.006632472546373894,0.0026598920220704484,0.0013321282202084148,0.00032660796992532346,9.124394505076988e-05,-1.4087253891696687e-17,-1.6464088442917343e-17,-2.5197441831122237e-17
AEB5WZLYV6NTC6TQPWVOCRS4JYBA,4,139,25,24,0.10067099980474047,0.014263404110543979,0.004872819838244638,0.0016879273840254797,0.000289629226572572,3.639317662731153e-05,-8.859570381166007e-18,-1.8302675563696308e-17,-2.5143354991049002e-17,-3.998265538729743e-17,-3.239023494781075e-17
AEAD7ZP6VV4IJL2Z2HVIRVEBHZJA,4,136,26,24,0.09488547755736546,0.01873438692740696,0.00846181196668855,0.001564797440482926,0.0005748558584216485,0.00011792482106056538,-6.3029194528918324e-18,-1.5754733866098707e-17,-3.3975517603300164e-17,-3.3688752941181544e-17,-3.677934701651173e-17
AGYOOOF3X6KSMLZIWBPMMQGAC5FQ,4,132,25,24,0.0858623786680277,0.020990126768252793,0.006401856859758294,0.0017830887861580227,0.0004536378993930991,2.036496448526495e-05,-1.3514864394989622e-17,-1.8026674498491122e-17,-3.116081205370385e-17,-3.5434052206188695e-17,-4.56260260990567e-17
AEEX3WVJK5TGMRJ43V7IOI63JOFA,4,134,23,20,0.11238457282827251,0.02316731758653322,0.005863477231159331,0.0024838602659708327,0.00020470790904712047,-1.1379892757079822e-17,-1.0367034131409865e-17,-1.2506753610544699e-17,-3.7406568415463586e-17,-3.69579379475353e-17,-3.660454369628396e-17
AFNUHCITVPCKVVAAYVQH4JNECFWA,4,141,23,20,0.08059742535481777,0.009933436631174585,0.006290674018141758,0.0014947885834341807,0.00021850880985853802,-1.1182193885861155e-17,-1.3005475989083741e-17,-2.354352875863919e-17,-3.729659227140255e-17,-3.438452053238315e-17,-4.609428096218979e-17
AE3A6XP5TAMJ3GBGD52QK5APNR2Q,4,129,26,24,0.09062693160419587,0.02035716112613445,0.009461265600770253,0.0025098228915528147,0.0010844702725524035,0.00013215075908980557,-9.309897392765404e-18,-1.7826971784453394e-17,-2.6063946286384342e-17,-3.6916205597326565e-17,-3.3670939192884783e-17
AHJSQA5D46FZG52CO4WPJTGRMIBQ,4,131,21,20,0.09117471857058523,0.01570060065612447,0.0027535510029958144,0.0013436027829785966,2.127209935932119e-05,-1.4612896981763425e-17,-2.356536379378381e-17,-1.8989758576988538e-17,-3.801929722186941e-17,-4.5783716458453466e-17,-3.8439811952492394e-17
AGBCW524EY75I4GQ3NX2SJA5TOQA,4,140,20,16,0.07204956080020503,0.01521054751998147,0.0030639329918001087,0.00034374067588205034,-1.877632914395068e-18,-8.040250559516402e-18,-2.518459991524133e-17,-3.781154007209027e-17,-4.632656993443284e-17,-4.074134973891554e-17,-4.3324609503494893e-17
AHC2NI7LIVUJYCFAIXBPANTPTPQQ,4,137,20,16,0.0938282538978556,0.012425891255436545,0.003322801592528891,0.0005878775559879449,-3.5129419050334155e-18,-1.7631912595498648e-17,-2.4487605337857457e-17,-1.792820079666874e-17,-5.0826143490917256e-17,-4.368690361690836e-17,-5.637968658317355e-17
AGKTK5ONWYWZ25UKBIWRGJTLLH2Q,4,137,16,4,0.07444352775302307,0.01168009599943279,0.0009677970507134648,-2.846717262682868e-18,-1.0202173952559167e-17,-2.815491545957252e-17,-2.201631726551135e-17,-2.3287720414816146e-17,-3.9770660341232614e-17,-4.877818516852651e-17,-6.727814009835512e-17
AFWKPVOLEYTBZNW6FRJ4C4VJ76DA,4,132,20,16,0.07100797501047733,0.011227571119382218,0.002258387159900222,0.00045612472620890006,4.220768667451438e-18,-2.27824157911204e-17,-1.750492614865393e-17,-2.8161171472478074e-17,-4.320040528592472e-17,-4.313985378491494e-17,-4.1251130330566035e-17
AF6VJYLVYJCQIXUEIBSVKZGRUGVA,4,130,15,12,0.062352342985421305,0.0034968332974578795,0.0003685047865449414,-1.226396835578817e-17,-2.107323906954705e-17,-3.0828275484530425e-17,-3.491691757876548e-17,-2.656637705821049e-17,-3.943945403445652e-17,-6.40347791922724e-17,-6.044343469201956e-17
AHMGXQ4SWFPAMMIL7HMV2B5JXRRA,4,135,20,16,0.06854615533820033,0.007430261075970871,0.002158204556663442,0.00028373521108015744,-1.1705731170546505e-18,-9.359576978502272e-18,-3.308109104378651e-17,-1.9187359862126214e-17,-5.2581934084512004e-17,-4.289452207495977e-17,-4.5526071501537904e-17
AGZS56ZTPGFUCMXBRIJ3OAGH3KZQ,4,131,19,16,0.06725473924694512,0.011761269492974243,0.002472363397406819,0.00018917489387719827,-1.3093027970486339e-17,-1.0563619607993836e-17,-2.2150363856956204e-17,-2.2312845896224244e-17,-5.044484548736028e-17,-4.3883765526354753e-17,-4.759124585921775e-17
AFG4FX7JY6KEFFNXB2YGSIZ7HWHQ,4,131,18,16,0.061228794498665036,0.01157302658491448,0.0017620465922556876,0.00014863360260877493,-1.529588932413511e-17,-1.8859812963858433e-17,-2.5636907853894303e-17,-1.497014935477315e-17,-3.934494201917427e-17,-4.6972770603178366e-17,-5.009103929016284e-17
AHJCSM7OYYT5AC3YPOKL3VNKNMNA,4,141,25,24,0.08926063227364453,0.013851935714369844,0.0054274508387205395,0.001255206805254229,0.00027504783550100817,2.3799529155014738e-05,-1.138397970543883e-17,-1.9043832219633898e-17,-2.681032601684015e-17,-3.608192264722354e-17,-4.109493692416272e-17
AEQKWYUMGE4XQ2LIM43ACOBFGRKA,4,137,15,12,0.06473386839437763,0.005363041986037374,0.0008395437614544166,-5.3070684515597196e-18,-2.784645709107929e-17,-2.925021216415701e-17,-1.8081177373992154e-17,-3.199485561176017e-17,-4.276210797446927e-17,-5.583955263018805e-17,-5.332897713071866e-17
AHY5FPL6HYSJSWRQ4555NGCOHSYA,4,132,18,16,0.05783562853676081,0.00792501623272397,0.002586255113117932,1.1535463411315227e-05,-9.859325611007823e-18,-2.0957028723686005e-17,-3.075891582742549e-17,-2.0738536300141316e-17,-4.043071649385927e-17,-4.017836534585988e-17,-5.601400561660368e-17
AHDPI35VZ3SH2VZVGOYJS52LPVAQ,4,133,20,16,0.08603719351189465,0.014225538421416934,0.0016084576425466188,0.0007990326774879194,-4.73826804466235e-18,-1.2458474466933846e-17,-1.701365532572829e-17,-1.708501059828653e-17,-4.67488310814052e-17,-4.4242189508065266e-17,-4.5406837316041246e-17
AGCVOYO6WC6M4KYGVG4NC5VNNZPQ,4,133,21,20,0.07744193771927951,0.016905736961355156,0.004441700522084314,0.0010887007432419664,3.250750232782128e-05,-1.303397534627359e-17,-2.1585284652070557e-17,-1.7820087455077125e-17,-3.47956177486283e-17,-4.111596518181404e-17,-4.1295864181066015e-17
AH7HCMRSHZCML7WGBJP3YPNTPLSA,4,130,24,20,0.08913389623285743,0.016128638823367066,0.004838041211523867,0.0014186164657976604,0.00025471435551260136,-5.3186921518352625e-18,-2.1082092133369213e-17,-1.7048094802833984e-17,-2.3448494960013476e-17,-3.951879046328314e-17,-5.155582161132187e-17
AF6J5S76N3E52XNARY66M2ITNNZA,4,139,22,20,0.07384889923482928,0.016049265160835994,0.004930302828372036,0.0017216969110858446,0.00015111954715948204,-1.2037534663952922e-17,-8.33362304496589e-18,-2.2125944921057122e-17,-3.350676339010873e-17,-4.7193448629101715e-17,-3.5031639237044134e-17
AE4RGAHEK5Y6XTJKQBUVDR6K32ZQ,4,134,18,16,0.07303701325213899,0.01309648150758099,0.0013652571854263138,0.00022924014133729096,-1.0095262883380696e-17,-1.9493381392802465e-17,-1.793527504709296e-17,-3.6279276360498917e-17,-5.080052515196656e-17,-4.253098795203175e-17,-5.354122501655278e-17
AH6URM6URQ2EKVJMCPE3XZXRCIUQ,4,132,22,20,0.08320303334485658,0.013086842726500063,0.005755375325558346,0.0013573266810278043,5.748188193301379e-05,-1.6241045025953074e-17,-1.8723806855785297e-17,-1.706831740307932e-17,-4.544726227972019e-17,-3.827510740204146e-17,-4.1471645481208885e-17
AFRPWBSVEF2BQMQTKA33SMTXJI6Q,4,140,22,20,0.09956756717634992,0.01760768034473336,0.003540488444659034,0.0012397641626029363,3.3571856887219676e-05,-1.941505379086323e-17,-1.872502377459242e-17,-1.7921564095099352e-17,-4.454070992161566e-17,-4.374993141819095e-17,-5.153099316243924e-17
AHDLM7R2LUNV4NASNZDDK3WZ4FEQ,4,133,25,24,0.0816130941051843,0.017802290542842766,0.00814876136320623,0.0011005605063084821,0.000499989974702981,1.027711719394593e-05,-1.1006278036420953e-17,-1.7749065856744846e-17,-3.66464703317387e-17,-4.040102156101946e-17,-4.057777386526026e-17
AHQYNYYZWPQ6F42O5XVCA54P7ACA,4,133,24,20,0.07770501802203211,0.011888967631086924,0.0045428490499811545,0.001764022529942335,0.00041161286853873226,3.804185310176086e-18,-1.9762856283736826e-17,-1.8023679169331345e-17,-4.088964126367227e-17,-4.444407090741052e-17,-4.309424299401972e-17
AGECX44JOL7NOUX2N3F5WXVXVBRA,4,131,23,20,0.09760227589354031,0.015452058802205662,0.007292028799257265,0.001240102583404729,0.0001343987593602198,-4.086476383843884e-18,-1.7765632659920897e-17,-2.2252278542474486e-17,-3.763787067483357e-17,-4.104340768243201e-17,-4.2225096718168196e-17
AF7YPDDSITOLXXOX6JM7HYLUXK4Q,4,138,25,24,0.06470470683867739,0.01790650328994195,0.005523271524471805,0.002372908894654621,0.0005090863746359904,2.204226811455429e-06,-1.893384582107887e-17,-1.8023571138186602e-17,-3.0350845651145505e-17,-3.23517660879691e-17,-4.731348863282551e-17
AERGQ6U7YCR6JZ54FFKYPUM7PFDQ,5,146,24,20,0.08552749450602463,0.01605757072694344,0.003919113239900051,0.0017172818753587987,0.00017779383487576724,2.16081577865558e-18,-8.400616912145837e-18,-2.7600368854699292e-17,-2.8076952024036926e-17,-3.2070691723754825e-17,-3.764545335467216e-17
AH64ZXDWRRKT3RN6OI3Q4WNFBKWA,5,155,19,16,0.06604123097983357,0.009511876001494031,0.002622896986119666,0.00028899963012202066,-1.1931164653104548e-17,-3.3893790747747363e-17,-1.6987792417296026e-17,-1.4834489079130748e-17,-3.972558761927148e-17,-4.2637321331120955e-17,-4.777523938110265e-17
AEHW3XPN4OAJTCRSJFMQM3GB2MSA,5,145,23,20,0.09274496205800628,0.013857678553025573,0.006208012919009317,0.0015608150810932071,0.00025613237419193336,3.048708905993338e-19,-1.201382182046949e-17,-1.762965277171114e-17,-3.736449499723052e-17,-4.3241321878098717e-17,-5.073682292254732e-17
AFBOXU6QKQGVJP6M4THIHE66BMCA,5,143,22,20,0.07656179529666185,0.016296579121244215,0.0024864159150027646,0.001097732413990625,0.00011133616830065827,-1.0162871653232864e-17,-1.5803880731649924e-17,-3.346536890969785e-17,-4.0442994165538855e-17,-3.923527161758316e-17,-4.238137649046779e-17
AGKLWN6DDVBZBLGPZQMUJ4JPQZGQ,5,152,19,16,0.07334655224673207,0.014747580619014706,0.001701771276637527,0.0006901330340540111,-8.982642128658069e-18,-8.405607583714786e-18,-2.0730566384023212e-17,-2.1827553640600894e-17,-4.001175217853955e-17,-4.903382739661801e-17,-5.1008240664380095e-17
AHSTHVDE6D2AV6M5NYKF2V2ZZUDA,5,155,28,24,0.10493131373102717,0.02446318217219327,0.00840578693308938,0.0013821415293320653,0.0007704419432052685,7.086400683498544e-05,3.922165514540609e-19,-4.47906200559487e-18,-2.937615870286996e-17,-3.499378583592639e-17,-3.214607086511733e-17
AER6II7VS3FHCWLZZTNXHXBZCMEA,5,145,21,20,0.07814625327461805,0.01585672830503862,0.003973850412556448,0.0007413232580920665,9.179752642277926e-06,-6.604646508339952e-18,-2.17271004233871e-17,-2.871868933774994e-17,-4.009870122895033e-17,-4.1265326082401435e-17,-4.5884001773565726e-17
AGDQR7EYHX5Z7Q6OCXXTGHQZV7EA,5,146,24,20,0.06198311081440499,0.019583181775787384,0.006771738871884827,0.0017622522014899694,0.0001761708009146552,-3.4611244947364015e-18,-1.0613530623638778e-17,-1.5448796932890115e-17,-3.4053609061185736e-17,-4.562409377779058e-17,-4.440359784995461e-17
AE6U2ZCGCBRDU3TT3PVH44ITRLOA,5,147,25,24,0.10134094552160335,0.014495620750631532,0.005057145132396652,0.001900618762102295,0.00045239985153391074,9.930617056180894e-05,-1.2048791093793756e-17,-2.787784845108016e-17,-3.53496495987425e-17,-3.683043672828295e-17,-4.076090226660958e-17
AGFSGNZ5OXN5SAOTL73LFINSBIAA,5,151,21,20,0.07256986703472085,0.01087473524212414,0.0029366678742619957,0.0005565352816254474,2.1240447326721132e-05,-9.344349529619102e-18,-2.1204291017544356e-17,-2.174018264020616e-17,-3.9564248685104606e-17,-5.1643123793089257e-17,-5.2216621960469836e-17
AGH5UEOJXJR5CMN33VMPDCEFBQAQ,5,153,30,28,0.109266881063364,0.032733956882768415,0.006927794843564598,0.002844013420818564,0.0008451045125266547,0.0004427665927037972,4.591593766549991e-05,-1.3009683936323206e-17,-2.895083978400097e-17,-3.819383245851492e-17,-3.2136147422151835e-17
AGYIFIF36UAWEBK4TO7X4MGJNAPA,5,146,20,16,0.0641512903240752,0.015286542527287195,0.002174132536237757,0.0005034666323659675,-3.049263477327324e-18,-6.91476509140696e-18,-2.0412893435862644e-17,-3.2660510297504886e-17,-3.4702270672824766e-17,-4.74292838056301e-17,-5.738333228436461e-17
AEBP2Q4O2JGI5KXYM25VW4I6MUCA,5,144,27,24,0.10655715191329584,0.018608823837577,0.006977401524014632,0.0027928701737826144,0.0006825148826458391,0.00011975426764050566,1.488901568763524e-18,-1.4723231460376606e-17,-2.9246221271906695e-17,-3.212012601743243e-17,-4.3813684224962446e-17
AFWVQJYN5QXGDXIGEQDKTJIAOFQQ,5,144,20,16,0.053975499248359704,0.009889057390284894,0.0038266849989596822,0.00048679516300737614,-6.232283437913893e-18,-1.8339086009877758e-17,-1.839036657182412e-17,-2.4452391017869136e-17,-5.1305132440405186e-17,-4.664863966521541e-17,-4.375945963811251e-17
AFHBDFGDRJW3S3M5Q75Q6KV2URLA,5,146,24,20,0.09359756858648337,0.020981605254865324,0.0050718807478349805,0.0012196788052831603,0.0002147713944450956,4.726756448864478e-18,-8.838656383918931e-18,-1.1855286397560287e-17,-3.7672196140637547e-17,-3.65997979093319e-17,-4.3294269781127447e-17
AFAUF3KITTRYFEHRBT7TECXPB4PQ,5,154,19,16,0.07249049872263902,0.011752019086839748,0.0030824229208602466,0.00021735703474285315,-5.903952318305778e-18,-1.9739293322024962e-17,-2.7794515850765574e-17,-2.0288092299788677e-17,-4.471267821233712e-17,-4.26267435497291e-17,-3.925826079473067e-17
AEBVIJZLUXIBEZ25ZQLG4SPFVMVQ,5,153,20,16,0.07323918895806308,0.010348605733877511,0.003209949653773198,0.0007021339462756357,2.878873862547737e-18,-1.5791496138381154e-17,-1.9709940168916766e-17,-2.7630654157677422e-17,-4.2390012349993176e-17,-4.3796456704076147e-17,-5.0491805278052814e-17
AEATS3SIIP2OTQBJ4LHYHQOG3I4Q,5,145,25,24,0.08135896389159004,0.01921681481662727,0.004675018050580881,0.0019360355266271009,0.000319049445230201,4.798209627426262e-05,-5.033798360690632e-18,-1.233617609085583e-17,-3.951012552485219e-17,-3.0173442863087735e-17,-6.557831581008322e-17
AG4QQGPDZIE3Y3HF3QYWOBWBH2QA,5,149,23,20,0.05727526747096397,0.017809464895220627,0.006327762647981885,0.0011372613405545163,9.494531373511926e-05,7.338415984413528e-18,-2.5054519844370712e-17,-1.898893305058713e-17,-4.060488333195776e-17,-3.819646636671325e-17,-4.939372259999084e-17
AFRPIQB4EY3I33OXHAWYPDLRKHQQ,5,156,25,24,0.07817455519534589,0.010087565030135246,0.0049511153400564716,0.0018458808338260694,0.00027834574016138085,3.3654668789057083e-06,-1.4089079347705272e-17,-1.770221148831653e-17,-3.689815811750843e-17,-3.5929471557019606e-17,-4.154143536046623e-17
AFHZYGTGYN4MY4HW2P3K5U7FMVUA,5,148,20,16,0.08500472442159772,0.008259468178902735,0.0031211616355969985,0.00025875992511291906,-5.499518574495184e-19,-2.1969617540242113e-17,-2.2103250158413197e-17,-2.152882206816739e-17,-3.405896744185645e-17,-4.0040608170446315e-17,-5.2242586779201054e-17
AHWQ7NF7NNOI53VYRHMNOLHHT4YA,5,149,23,20,0.07222449332644455,0.020054397284021388,0.0044782790650308,0.0015647791875754837,0.00023904179590777242,-8.884445488240864e-18,-1.770605777520377e-17,-1.905440974853024e-17,-3.9311079099120816e-17,-4.400753089673577e-17,-3.838033846659441e-17
AG4F2ZYQNVQG7M6GYNFPTV72IR6Q,5,157,30,28,0.08752837584370711,0.022632185836703112,0.006928849152955338,0.0019273692082996251,0.0016488855207077734,0.00033087684086163663,3.854511168038576e-05,-1.0276483881399386e-17,-2.6788842783689834e-17,-3.1539452575846847e-17,-4.5964870091445407e-17
AFVV7CLXY43P3Z3F7SROBZATZVSQ,5,156,20,16,0.08503563152009354,0.01078276105128773,0.0018255654676641723,0.0003910257655251293,3.072559076587429e-18,-2.0952085523525347e-17,-1.678818290754272e-17,-2.326482302837296e-17,-3.972198520199531e-17,-4.153815450414204e-17,-4.8344712123830287e-17
AH254KLJJLFZUUSWU6STN7PMKS7A,5,159,25,24,0.09734287631385821,0.022703261284401106,0.005426746296923212,0.0016678400790063267,0.0003691735392440038,8.703994332843549e-07,-1.5894875488264876e-17,-2.0376619546324983e-17,-2.9598337095065606e-17,-4.142131779773426e-17,-3.899830149562658e-17
AFMKYJEEGTOYLGNBX6B7FZIKC3RA,5,148,25,24,0.09352092169876666,0.017301415071248962,0.006693351358549482,0.0023166627220968777,0.0006181651601091498,6.506013815271951e-06,-8.401420389660029e-18,-2.9639343441216947e-17,-4.159113094399755e-17,-3.3004562599199004e-17,-3.6973797599320725e-17
AHMAGO6RME5BNQIVWP56IIWELOJA,5,148,24,20,0.07697307036516954,0.020009585853675696,0.0057809497434402075,0.001164552529317367,0.0002827196059238805,4.595514508651499e-18,-1.6622410803861185e-17,-1.901725710928429e-17,-3.6131266450833153e-17,-3.30951067221266e-17,-4.413395067901228e-17
AEWUN4XMRUYX4XWVL5WRLMEMAFOA,5,158,31,28,0.0906760817942226,0.01757863086750348,0.007578027175359557,0.002269531050150759,0.0015587182597928814,0.0005036382186504943,5.038155606631906e-05,-1.4010006157465153e-17,-2.1656655383041062e-17,-3.3880232141814923e-17,-3.309293121862583e-17
AEHY474ZXCBIST6LCUFKNRSXON2Q,5,142,24,20,0.08761037083820837,0.01646055978120064,0.004002964862042915,0.0014706629008930155,0.00021647469471562886,-1.4755861970783036e-18,-9.687832661471898e-18,-1.6378096375399713e-17,-4.531415654185837e-17,-4.225711659048357e-17,-4.2656373447055644e-17
AHW755HALUYCUV4XZ6VN6JN6STRA,5,143,28,24,0.09001106411049176,0.013986576267022321,0.006499704781704752,0.0036025477150174886,0.0011253358590303196,0.00022983801987032357,9.970917216852309e-19,-1.471270604363554e-17,-3.18516003420312e-17,-3.514546777413403e-17,-4.0036514450424943e-17
AFFU7MCUYCZCDWNRLM2S46JEI2EA,6,179,22,20,0.06413255766078403,0.012015145714512917,0.0039266813964701245,0.0015074174778663635,0.00011854075104599315,-1.0186115737385967e-17,-1.5511117073175326e-17,-1.3851981900828425e-17,-3.320422694432672e-17,-3.959113510820364e-17,-5.74258435711246e-17
AG6WNZI5AD2JASG4KJ6XKCEB5YBA,6,168,25,24,0.08164829250066666,0.021746651821666442,0.003411689775035284,0.0021508441840766735,0.0005274278605143906,8.922814123881882e-06,-1.2994096919155598e-17,-1.2974777660181383e-17,-3.085345644029467e-17,-4.11154421167965e-17,-3.731514318685592e-17
AH27HGQKIHLIJMZEZKPFNGOU35EQ,6,166,18,16,0.09339002785677211,0.01059939739245555,0.0023128981361292267,0.00022848937175831788,-1.2070370456926763e-17,-2.16466514480406e-17,-1.7474795420084138e-17,-2.6331886545405095e-17,-4.5215033630166345e-17,-4.1086168019122805e-17,-4.029628469953675e-17
AFGRAUIXGHWO224SV5YN3TNEUMJA,6,164,18,16,0.05709113672672329,0.010014086833661789,0.0005459636859384286,5.522364178466431e-05,-4.7118885850112486e-18,-1.6915611253497298e-17,-1.5963917235340176e-17,-3.3954481590303676e-17,-4.287511368066771e-17,-6.035484249294332e-17,-5.527462731626689e-17
AFAI3A7XWPRB2BRZWPRJJO5FP45Q,6,165,25,24,0.06300872038658506,0.01671244750009885,0.0031052639042232814,0.00193208638261497,0.0004605505721868114,3.845162638934645e-05,-5.78248597450293e-18,-1.5002165108878208e-17,-3.7185098614458266e-17,-3.8120629555475476e-17,-4.2289548708459546e-17
AGKMJKWW2AZPOJGCZGHMNYONC33Q,6,174,16,12,0.06088103998374364,0.007640854635828904,0.0009328321971430349,6.976964424449605e-18,-2.5179540190584265e-17,-2.699362185175125e-17,-2.416176238530199e-17,-2.7426411474800957e-17,-6.75335617657851e-17,-7.920160614669207e-17,-4.406102799846894e-17
AG3KFKJCPSYRVYN5PN5NEQJS4V3A,6,163,31,28,0.08273294150497405,0.019646516202247947,0.009146304291573005,0.0022965934441438246,0.001369441012725819,0.00042270154827772513,0.00010394592603841683,-1.1274189035184782e-17,-2.6448531556899777e-17,-3.0885303953442626e-17,-4.267098134282925e-17
AGGNEZJKG35QXGBIZADSSC2QNPGA,6,167,24,20,0.06770781036846757,0.01404994067712796,0.00491430731625239,0.002016089948926876,0.0002516957035387391,-3.3192779598391438e-18,-6.509451323626476e-18,-1.7698551675767168e-17,-3.632138263339638e-17,-4.864945281148816e-17,-4.431397329543785e-17
AHCMBEGSVFSUHRNRYBQ7L5URHCYA,6,175,24,20,0.11416447669618057,0.0226299472245235,0.006024968350347631,0.001800978249235207,0.0006135402013069185,-3.0405307626992548e-18,-2.677804323253317e-17,-1.6084106575064993e-17,-3.3816968984602424e-17,-4.0493057783661474e-17,-3.614580082899797e-17
AEJUY5D3YNQ3FAOIZP3FBOJMPCCQ,6,186,27,24,0.08946531720612773,0.01982026186725657,0.005138610487433029,0.0027629857994602492,0.0007530614183237964,0.0001068307659335406,-6.4736253560123835e-18,-1.3659117320929855e-17,-2.4151293621450453e-17,-3.623176193691505e-17,-3.693867472198708e-17
AHF575RNOU3ATD7PN73Y6ML7QD4Q,6,164,17,16,0.06489893362391184,0.004760742393117296,0.0011365572050254674,5.0063839413690505e-05,-5.9783975649602505e-18,-2.8445469407403825e-17,-1.5357983524897802e-17,-2.1607484509092227e-17,-4.854297369669994e-17,-4.565974330521871e-17,-6.421596205776287e-17
AFLWUZCVK4MXLWIB6H2PWSQKHJTA,6,166,24,20,0.07588698842829429,0.015821221480665507,0.005499921554949888,0.0018706821169171156,0.00015281414970239748,4.759184914032993e-18,-1.493057532150044e-17,-1.9773128324769536e-17,-3.8966993285447406e-17,-3.583296700667075e-17,-3.3005642504647513e-17
AF6XCN7EPYNIO24FJRNV3KOFI3QA,6,170,28,24,0.0795266549362304,0.023851294014429137,0.00634860512062097,0.003120582452772215,0.0006103643240015778,0.0001353682527201884,3.1424922343134458e-18,-1.3808773435145472e-17,-3.237508032155025e-17,-3.819862092007805e-17,-4.6850010821439164e-17
AHY33GMV66E2L2OGPPLIZ3IDCUYA,6,179,31,28,0.08147950310746485,0.020811175304644648,0.008078922866761484,0.0034159496065609765,0.0010076482250384973,0.0002076224275024305,5.5435867944703604e-05,-1.1243258376971742e-18,-2.434745963155762e-17,-2.809173573986437e-17,-3.308564179815064e-17
AEIRN72SL3Y2Q5T3BFR7STZDZI5A,6,184,22,20,0.06243501651224185,0.009880537712949845,0.0034198509979556863,0.0008551191014117154,1.989002736247317e-05,-6.969577611576432e-18,-2.516892092264702e-17,-1.6119436653849468e-17,-4.619497144510358e-17,-4.5324837799891556e-17,-4.3211375907196613e-17
AFWAQN3ITXKIYH3ZEARLO7PJLINQ,6,168,23,20,0.09465958951037301,0.01220658701736572,0.003677114962416025,0.0013765134995643773,0.00016232239257279584,-2.0951720264190288e-18,-1.8491181227602673e-17,-2.3112492713848906e-17,-3.438344372596058e-17,-4.877646237520381e-17,-4.0851317804430407e-17
AF2ADBMCXOYFWR4FENJGSO5NBRBQ,6,184,29,28,0.10554484151598494,0.018129027059899203,0.007911472020905804,0.004334393552869779,0.0007383460000228705,0.0004845802580815447,2.8387628948764196e-06,-1.466625493234325e-17,-3.3066071744939035e-17,-3.727737457130592e-17,-3.3629679231803133e-17
AF4GIVSP5XNFHPDX2IOFMUQ3EAIQ,6,186,36,32,0.10376234211176714,0.031064129387345783,0.01097104322298636,0.004918287003548692,0.002767858729496814,0.0008133969305817968,0.0002994215610751264,0.000157028027034217,-1.2559834292831696e-17,-2.403209323053447e-17,-2.436607478535907e-17
AFO7DHIAAH6SJFY27S7ANI2NIZ6Q,6,181,27,24,0.08629625040338307,0.020119554352720906,0.004375724079177238,0.0025900073500063478,0.0006308879789019046,8.137705212655239e-05,-6.233200985016803e-20,-1.0047128617270526e-17,-3.287755437695031e-17,-4.216728565209147e-17,-3.3611385516557173e-17
AHID5S4JG4RV2QIELUKZX4VYTJ3Q,6,170,23,20,0.08081628882993239,0.013592264049985675,0.0050201288051277835,0.0014948056358936655,0.00011328953127022877,-5.788007208242082e-18,-1.5433908869679716e-17,-1.7423254203105515e-17,-3.803578781746406e-17,-3.7492038422488695e-17,-4.5592806106317366e-17
AF3HOFY5T4LHGCCWXV5TUVVIVKHQ,6,169,30,28,0.09437717417754513,0.022996571771787128,0.00972268555022959,0.003148681837083525,0.00143793418936355,0.000460278649409647,2.700873930262969e-05,-1.0422929577600451e-17,-2.8063830753092276e-17,-3.833396316419606e-17,-5.1073682740795483e-17
AHB5KUPK5G3TCAYG5FVU6FZTZNXA,6,170,32,28,0.10157475690358311,0.025909978304986047,0.011309691230253872,0.0032192451872544514,0.0012077050480328278,0.0003793006485856862,0.00011434021184263056,4.641515939426788e-18,-2.6101567439574817e-17,-2.6768314551610562e-17,-4.080481108641946e-17
AFBICRUSD4PB7Q7X4WMX7SHEZZKA,6,164,20,16,0.07110606504305923,0.01608957971200129,0.003134664352799231,0.00015379130657866877,5.2468920899832375e-20,-8.121058905359973e-18,-1.8872300640498486e-17,-3.325983219250096e-17,-4.153015108375631e-17,-3.631912865543023e-17,-5.3987109627183023e-17
AFYUZU3JAPLETO7EEBA6BOU2RJSQ,6,170,26,24,0.09535874381974341,0.02294986799883036,0.005109500069552494,0.0021006415496771023,0.0004300718885045516,1.4327578174511164e-05,-6.333836323867725e-18,-1.0519763685773526e-17,-2.8038375243635344e-17,-3.5732715023111105e-17,-4.002282297458116e-17
AEVJRHZZOSWCWC4IVTH2QPPG775A,6,174,27,24,0.08256022504755614,0.018283872739965734,0.005057035646318024,0.0021312485812756067,0.0005772555882948132,9.181042053294696e-05,-6.5270175858218426e-18,-9.070877793714069e-18,-3.54027711077e-17,-4.2087464516210925e-17,-3.6331069801073656e-17
AHJ4YK5CHZQ4QJZUNNKZVOMDKTVA,6,161,31,28,0.10030759661406265,0.026331150812740577,0.007771793497368797,0.003928615577659171,0.0020695157228158797,0.0002585792853344061,0.00012693126097140475,-5.878065600007047e-18,-3.458380976488945e-17,-3.176267989773934e-17,-3.767356012660481e-17
AGCJCB57J5PDFKTMK4V6ZYIMIZGA,6,164,28,24,0.07064190294606663,0.017615913458519133,0.005234054815630749,0.0024340119111282785,0.0006130954815726087,0.00011602924615193141,3.766915524189358e-18,-2.4188594591182572e-17,-3.8645937076483353e-17,-3.6881548036293947e-17,-4.9144477239039e-17
AHKB2DDGDMX3ISA753Q2BBM574KQ,6,186,30,28,0.11806117285010857,0.023575131216233332,0.00880064794802223,0.003141675638284009,0.001143210236641357,0.0003807817109356421,1.7618579298843412e-05,-1.2538253969024148e-17,-2.0778737664317096e-17,-3.045602299505184e-17,-3.936551196282859e-17
AEGSMK2RONJ4PU4US54TRRMINDIA,6,168,29,28,0.09615568087382778,0.02511828291724889,0.007869834085498404,0.00264974587458168,0.0010402297924674215,0.00013885953249312747,4.133497173965729e-06,-9.000045950192081e-18,-2.787086140255007e-17,-2.8638632648052005e-17,-3.3947238261009074e-17
AHVBTWB5RQY6XBD4GK6L7N5NFKUA,6,181,24,20,0.060131576879626794,0.013306800906366373,0.003429989799618527,0.0017822568137331066,0.00035614940741274833,-2.3523031388155645e-18,-1.2104115716240818e-17,-1.9985636325848205e-17,-4.542479245953785e-17,-3.8687467342797697e-17,-4.776776424990321e-17
AE2QK2SWUQAGG54GHQDJUREN3DRA,7,207,32,28,0.09560801221979778,0.018225368084644006,0.006051609006116413,0.0033395909566468675,0.0011787951086458417,0.0004654958635068524,0.00014832966904504592,-3.872941714077468e-18,-1.802151119889497e-17,-2.7642465470609635e-17,-4.385097293850735e-17
AHFGCYK6JXYXSTJFMC2FF7R3IXFQ,7,230,34,32,0.0970292423771178,0.023101838061241945,0.009701245014321923,0.006107263315045716,0.002073286940889593,0.0012396336917515154,0.00016165820394018323,8.280626331854194e-06,-2.251677654893692e-17,-2.4959729182047108e-17,-2.531795913487454e-17
AGOL4YVNGWMNV5WJWSA4IRBTSZ4A,7,220,35,32,0.08186467215187342,0.01984093531554779,0.009836824659124804,0.0037383091700146295,0.0016140607475539322,0.0005606277180431171,0.00021165806192022547,3.47948487429032e-05,-1.519447149855514e-17,-2.6573762081693387e-17,-2.6899848884755044e-17
AGZMKHWSCB3UXDGFUPFRZSL4EAWQ,7,236,23,20,0.05889442164082807,0.011641661460401817,0.00441828707450575,0.001471889477412012,5.106308801555791e-05,-6.305153665045693e-18,-1.2772260303883353e-17,-3.2768997837382136e-17,-3.767351195401126e-17,-4.3152565250980685e-17,-4.7880309438697e-17
AG43PBRTELK3SL3WWPB6CEKFXVPA,7,233,29,28,0.07903452300394549,0.017484033929556095,0.006229856049426961,0.0028846146252040424,0.00037561789287336353,0.0002054388752474095,5.006218930800921e-07,-5.946309752873439e-18,-2.5683315947415605e-17,-3.741363514160634e-17,-4.0410067387938944e-17
AG5XM7RKRNHXZU7NZAVS72AWEKQA,7,189,31,28,0.11584127050799507,0.024106161293049627,0.0076381863468375985,0.0023367394456813954,0.0008366905792515345,0.0004126285719864975,2.917938804099708e-05,-6.964898037904568e-18,-3.123893757350228e-17,-3.885036132399555e-17,-3.187392361888449e-17
AHA5MSNKUQADZA6E7UAMRHJ3LOSQ,7,199,29,28,0.09662979926879059,0.01356730954591438,0.006880682961982274,0.0030570258010120836,0.00092619476371878,0.00027486385577855585,4.986296023576532e-06,-1.093998339806829e-17,-3.078630270263054e-17,-3.3219637874768733e-17,-3.70641126778182e-17
AE75RQ5THMDYEJUAYOJZHODWFMMQ,7,220,22,20,0.07284042362397904,0.009426807612304747,0.0038454603940956426,0.0008545307854840227,5.918623302478327e-05,-5.7574681683305194e-18,-1.6017945524993502e-17,-1.4566898374969112e-17,-4.0736448024806156e-17,-3.701603653655971e-17,-5.025537967228861e-17
AFD3QKEFR4QC5A77SE52O634AH6Q,7,201,35,32,0.09550886016253224,0.026442454525307725,0.010949015243401944,0.004853081111784913,0.00159271323682389,0.0011227237156298106,0.00025066449741970417,8.798776826666842e-05,-2.186997145990949e-17,-2.804712233711578e-17,-3.011034564586495e-17
AEBDUTDUTBCJ5DRNRYF5OE5MTPPA,7,216,26,24,0.08723512781004737,0.016232480195137004,0.005078351484832056,0.002522433156090484,0.00042556966120879956,1.22202295877621e-05,-7.785048840395707e-18,-1.4073343721764356e-17,-3.070989547243162e-17,-3.827943317996336e-17,-4.7652156800002354e-17
AEV7Q27IHW3CU2NGA5NMHVHTLIAQ,7,223,25,24,0.08739666839851877,0.011711979274232454,0.0038956712786256623,0.0012090337353880382,5.842784246773597e-05,3.3563635051750193e-06,-9.635914201950126e-18,-2.8374029987329977e-17,-3.5160140391757016e-17,-3.795674665700219e-17,-4.2810665798651424e-17
AEKBPFBX43IZ5DPNC5JU7NSRZ7FA,7,202,29,28,0.09493322187942056,0.01935688002909056,0.00620602099974773,0.0031228267644295483,0.000731583924222093,0.00018871522371881913,8.884424550737154e-06,-1.6838108968373925e-17,-2.590180583232658e-17,-2.742343514156219e-17,-3.969382637521006e-17
AE4DQHMACKSMM65GRIU77B25OC4Q,7,190,30,28,0.09427593492451082,0.016414877821412887,0.007277287732934409,0.0033973771877243808,0.000902266742843189,0.0003645217574734195,6.89982224513329e-05,-5.1350365879113864e-18,-2.4860046859952265e-17,-3.2942044970238645e-17,-3.793619846078316e-17
AHUWQT5AKAF6WGOBNGDXSH5QLBXQ,7,192,21,20,0.07985846919900909,0.013616152693729339,0.003487863530298135,0.0006447361887338288,6.690853857381738e-05,-8.2121186019388e-18,-2.63257001698477e-17,-1.7749281354193477e-17,-3.6964932373808177e-17,-3.664196178512836e-17,-4.7515723815686456e-17
AEC26YK5DEVHDZ6CSRFPRNWERT3Q,7,230,30,28,0.07913068333578227,0.017469165401836503,0.005781318949877811,0.001971807195508567,0.0010048805386003103,0.0004177056673797106,2.6230403619760096e-05,-2.8338720250200947e-18,-2.480675757714988e-17,-4.087551548292074e-17,-3.535693154422155e-17
AFNCHMAKUAJOGVCKOA4XGLINHPDQ,7,196,24,20,0.07006469732348473,0.008961692953302933,0.003210683891480417,0.0007328224351311028,5.6140405876436275e-05,3.266638734142085e-18,-1.9745033320408915e-17,-1.6890844248288195e-17,-3.8543621264873715e-17,-4.6188732275918746e-17,-5.431546077362402e-17
AEV53RCOPMQNNAYIDOT6K26HPCGQ,7,196,29,28,0.08693323250597652,0.022864251856238995,0.00670878463749448,0.002672113334871375,0.0010673658374437955,0.00020507814070766934,1.335417202192596e-06,-9.630222750351366e-18,-2.7691728163251307e-17,-3.1301513273949964e-17,-4.089707351105483e-17
AHVDFCOEVNZ4WGIXXFLA6RSETHRQ,7,204,26,24,0.09011466036120953,0.013754118205585518,0.005393098914794447,0.0021781090906606514,0.0002385449484596416,4.0767299072098397e-05,-9.010817757731392e-18,-1.501005958801966e-17,-3.301934306221366e-17,-4.0461574272892626e-17,-4.3670214132805226e-17
AGYIKU5EKQ3CNUOGBYBAJXALPVZQ,7,230,30,28,0.08593707838220008,0.019103124830512453,0.007805357727318001,0.0027409621422745537,0.0010996951139340939,0.0001565426539210362,3.4161717237245365e-05,-1.0779274470058372e-17,-2.889161168637792e-17,-3.282127871085386e-17,-3.6290581622785016e-17
AHS4PZFYYBOPFTPEMD2NEQZ4LMIA,7,204,28,24,0.08247501278195896,0.01830340484783391,0.007377015690939068,0.0025129664593130296,0.000361352762274219,0.0002036525972967833,-3.3224586191073244e-18,-9.642459168573601e-18,-3.138794823442422e-17,-4.324472117351681e-17,-4.041313042042168e-17
AHGAZLFSLXF427HSFBTRKF6J5UOQ,7,191,30,28,0.06628018240748895,0.019199439398209853,0.008039582916405786,0.002906005439073568,0.0011273454028529225,0.0004324126111123597,4.3488795763205304e-05,-4.0219296720145066e-18,-2.580830237743033e-17,-3.136348827827389e-17,-3.8692126389358466e-17
AGWUPUBODLPBDOKF7WR3NZLSQIXQ,7,208,31,28,0.08768957289492543,0.02347402463607744,0.006774100710346077,0.003247495099425436,0.0012608489531940967,0.0005057410072089268,4.851781839516688e-05,-1.6217011341704403e-17,-2.3320496089635917e-17,-3.544108368529165e-17,-4.563244841699151e-17
AE3KLVXGZPANXE5XLXYKHTVAZ3FQ,7,220,32,28,0.10992043177251308,0.0233707050477364,0.00708223412035971,0.0038333758202537837,0.0007555856849242555,0.0005366890575507207,0.0001436503469951474,-4.054014774185043e-18,-2.6354254972105127e-17,-3.0441320080110666e-17,-2.796323647375092e-17
AH3EIX5R7MWRNMAOUAC3M2BIM7NQ,7,190,27,24,0.08231701433387324,0.020174944692535477,0.00623324921335901,0.0022130836031509725,0.0013481137980399793,8.264540986522771e-05,-2.517505235504105e-18,-8.638242740131884e-18,-3.1210091848806565e-17,-2.890829895423641e-17,-4.1877243575025695e-17
AGZFC4267K7DXCAQPVQEXJHFUEWA,7,188,24,20,0.0670202589073815,0.013198029946678826,0.003997945177832743,0.0012719955685457337,0.00026531419394608543,-2.4939292884923294e-18,-1.4192591321443143e-17,-3.767377247217192e-17,-2.939785416243267e-17,-3.694617921747864e-17,-4.88375210120609e-17
AHLASMY7HPI5ACTI3XRP2DDHUOTA,7,215,29,28,0.10533835793911923,0.033416049337331166,0.006915036238209875,0.001969587523476349,0.0007536277623816404,0.0005994879629518374,9.724276119929034e-06,-6.937928970631461e-18,-2.290275431785178e-17,-3.9837663773030134e-17,-4.860230955844823e-17
AEKSI575UP7LPD4NUWJFI53IFV3Q,7,220,24,20,0.08006072565429904,0.01338505061845663,0.0046992389677998824,0.0015080597666564388,0.00015128155566920002,-3.689832660276319e-18,-9.498628964044443e-18,-1.4687163117764963e-17,-3.165138653052829e-17,-4.5755400057083324e-17,-4.653509148469358e-17
AGNVKXHFTQ5WSP7TRRLSTH5APJNA,7,188,27,24,0.07159641503407146,0.020728206002299084,0.005443194332425983,0.0026752322404427673,0.0003512439078460771,4.949146839769187e-05,-1.0442772500612232e-18,-9.725136639524154e-18,-2.838361617825192e-17,-3.033632272170274e-17,-3.827821895232045e-17
AHU5CEFMHIARA3FUDNNHQJTVKEDA,7,198,29,28,0.08813038815613325,0.02092880820286769,0.008939422760528315,0.0030159344375821854,0.0008542857763292745,0.0003110098582003044,6.58886379125296e-06,-1.5141395580357708e-17,-2.863442452198002e-17,-4.057088584735641e-17,-3.8100330868151276e-17
AFBYL2QEG462L2MLUCBRDZS7VWTA,7,205,28,24,0.08472930341802418,0.019569719957199947,0.005678357671491689,0.0028057198892508625,0.0006000033167855909,0.00014593428798993788,3.278561641945727e-18,-7.185907828545803e-18,-2.9518573711395515e-17,-3.7267146180966655e-17,-3.757404310851701e-17
AEDTSN4EJBDRNO3U75QDDYLJTJ4A,8,264,30,28,0.09078389994744901,0.02100463550475773,0.005317554691861848,0.002663740630231671,0.001135194520096222,0.0002643927402520388,2.8727421097567763e-05,-6.4096439374858666e-18,-2.3235781179217426e-17,-3.337755446279262e-17,-5.02704373737276e-17
AH2IB5VEDFNG2HMMS3WYXO4JYZMQ,8,284,26,24,0.08851918697585551,0.011986821353459602,0.0034708221101466216,0.0011771012164431536,0.0006678685877811282,1.72795253180967e-05,-1.359038565400303e-17,-1.3134325162104877e-17,-3.8468989406932574e-17,-4.885465361451499e-17,-3.7787525295965366e-17
AHQQJATBFWW5TORPLQ4LQOGXKIWQ,8,256,23,20,0.053660378368995544,0.010677963831915091,0.0044368319637558455,0.0012327604524787423,0.0004421536896597469,-1.8466614161425796e-18,-1.0581312156533329e-17,-3.532663204567439e-17,-2.9296756572072434e-17,-4.001944184767743e-17,-4.657968787395891e-17
AGLBN3MINRB7262SANHMPBSRLVXA,8,283,40,32,0.09719239814795187,0.018569039713808525,0.010643675081046683,0.00541754526303403,0.001898641387347071,0.0017156519925536952,0.0002804762679027661,8.301437191925086e-05,7.77862988461432e-18,-2.0280919980408693e-17,-2.3976409998575046e-17
AH2IJABKXWIZIO2FYJXNFEXNRR6A,8,255,28,24,0.10140918919206363,0.018691721471758634,0.007940821187950385,0.002381098359474004,0.0006740502484526576,0.0002577236939772024,-4.1170504528774475e-19,-7.805212920585962e-18,-2.5168652199415325e-17,-3.8212282680159066e-17,-3.273127189186868e-17
AGADKXWLAJJ4FGWIDIWAPJL5A6HA,8,315,32,28,0.06568002783479004,0.016066983501272218,0.007568846994871276,0.0028799232240580663,0.0011776514864028159,0.0005594359667395655,6.647543984777341e-05,6.408904238067887e-18,-2.2597730493168254e-17,-3.2998266408447247e-17,-3.2007291336412744e-17
AGDU4N5YF4PWUEJSUPMJUGYYJLSQ,8,273,31,28,0.09657560582008475,0.013869203170259,0.006668475792371712,0.003240510229507309,0.0009790829845549953,0.0002371869418282734,0.00010929232602489988,-2.335399028283633e-18,-2.1818195055055223e-17,-2.4518155494465542e-17,-3.578346602633609e-17
AFTZWAK3ZHAPCNSOT5GCKQDECBTQ,8,334,41,40,0.13221210693386384,0.032422863173345494,0.012405853652213358,0.005368474491159328,0.0026493919179207933,0.0012775004013087438,0.00046445569807127403,0.0002539531052434743,2.4195093592194815e-06,-1.982638529209343e-17,-2.851147529226627e-17
AEVEXKKEIOEM5OH3XGSVMUR3VGBQ,8,276,35,32,0.08388784981734322,0.019068300803185927,0.008196073221713502,0.003801721987288435,0.0013092079862378474,0.0007060679714374138,0.0003048815168282912,2.3328029765952172e-05,-2.1975172793208325e-17,-2.6752333064477845e-17,-3.5557842389249154e-17
AHDY5AR2HZ2ERNZYAHL4XNP6F4JQ,8,249,36,32,0.1194395602302606,0.024263759947914333,0.011322845861277072,0.0059441493952433425,0.0018242770589962606,0.0009209458140408493,0.00042228877937755635,3.925206688121045e-05,-1.908170627027026e-17,-2.6917365796858875e-17,-2.6128162476782893e-17
AHVK6E5LV26567B2Z6JNDM336G2A,8,333,37,32,0.10322430123906187,0.018329651875460127,0.01035380896353287,0.005457753612453754,0.001439128535228779,0.0013594735492284894,0.00025773075478530204,5.0816894713441996e-05,-1.4235414716234623e-17,-2.6729196865590074e-17,-2.9808665654038954e-17
AHSQMVRKFLYTKXI5UHFXISLOE46Q,8,239,28,24,0.08653694518288503,0.016876999050587645,0.007800887148350727,0.0022505059849921203,0.00045568617801541823,0.00018556835395436364,-2.076534768723176e-18,-1.063139762535247e-17,-2.7317309224235508e-17,-3.7518548603579836e-17,-4.339391099991455e-17
AGHE5YHUV2MJNLS7JH7VO3G6MFPA,8,258,25,24,0.0683977306581976,0.013191219940943378,0.004705984235977672,0.0010949141072188401,0.00025371033743631574,2.9376775186986028e-05,-1.4523585638059594e-17,-2.006887443825468e-17,-3.0972395633176963e-17,-4.056578463934458e-17,-4.880843879027332e-17
AFCI3PAVNMM3Q5CD3YYY5XZUYOIA,8,246,29,28,0.09129676625556947,0.016985449898444333,0.004583783725602186,0.0020607905848574705,0.00031823194500206454,0.00020386779060743273,1.0938873369107604e-05,-1.2138186284204496e-17,-2.7256094793206214e-17,-4.276987202594554e-17,-5.525824547678114e-17
AGK6P7T6FVUJW7W7Q5UJKJWF3NGA,8,307,30,28,0.07722403204026722,0.011050259991849538,0.005291836586308469,0.0028814057238861104,0.0003603627535432494,0.0002137836137511357,1.8478321886637944e-05,-6.0203146765719344e-18,-3.27139253899212e-17,-3.473343161875658e-17,-3.6592422967511256e-17
AHS5FPE6RHE4ITJ4SAVI67YVRNOQ,8,243,27,24,0.10069453769785987,0.02294371859405608,0.00597713208679599,0.002231185555869264,0.0003910708948214818,6.887535245278874e-05,-3.7206616097458354e-18,-1.1081421506496066e-17,-3.344953296613094e-17,-3.4020635263362137e-17,-3.646484131933524e-17
AGDBPYOOBEMKUQXFFB6H4E657YAA,8,264,33,32,0.08147895968281166,0.022503984758413306,0.006142187311273016,0.002580975392584377,0.0018832808571925023,0.0004608745899525417,0.00015218703454263882,2.4283119635069446e-06,-2.8003814669338927e-17,-2.6131034280034768e-17,-3.398184147780676e-17
AGWK5TRRULB7JGEHV6EM7D7JAU4Q,8,271,27,24,0.08297584888074735,0.016235072538504647,0.005947508784536475,0.0014440864250544392,0.0005450914059226956,9.998883065270357e-05,-7.027205452961499e-18,-1.3713037091325435e-17,-3.51628892559415e-17,-3.5734404923960125e-17,-5.039210593413124e-17
AHW4RM32F7UDMQ5ETAMLLHIPSZHQ,8,348,27,24,0.058174418493879686,0.01636327273241062,0.005236153604325945,0.0008700671916453144,0.0004669216370715469,0.00013717315288025686,-7.237339385840702e-18,-8.228487521394217e-18,-3.611028926766066e-17,-3.8182535983583773e-17,-3.6222871975228766e-17
AFPPPZX2PLMWY75AVRTJSMICZOEA,8,333,41,40,0.09113991032162716,0.02217332446920154,0.011678828811487024,0.00543336441338178,0.002120323640248193,0.0014888877565148013,0.0003271435140414732,0.00019322460681993437,1.491160940567822e-06,-1.73067754921008e-17,-2.784810958499554e-17
AGGVWJCNYRITT2IQMXPQBRXA2IPA,8,287,33,32,0.06838666293538181,0.018815288524226932,0.006327469620537205,0.002957530092807847,0.0009250637380124907,0.0001576866781450694,7.015105312991515e-05,9.851892862070251e-06,-2.12613379092523e-17,-2.828135137979982e-17,-3.838572987492533e-17
AEP4KJDGBH6XPJKFEHPYSAPUNDBQ,8,257,35,32,0.1074566874461728,0.028115507912373182,0.007620320190844616,0.004081047475844542,0.0014234293338422795,0.0007602749057483966,0.00037041844637198003,3.897982291160914e-05,-2.5127039803056855e-17,-2.1813822590047883e-17,-3.1589021442060516e-17
AERDCAMJOVIBWC7P3ZRCGDXSHBXQ,8,324,34,32,0.06932705707608207,0.018534359006726675,0.007133146401448779,0.003099679045776807,0.0014787790533858283,0.0005229979231668369,0.00014343623763920385,4.925126977317953e-06,-1.8525461907574975e-17,-2.8819290439505716e-17,-3.484268869712273e-17
AFFDJZ6EHOAFLE7WS4GZMLMIWMRA,8,243,33,32,0.08264791600311802,0.016276153559769836,0.009012884389762834,0.0026343000456327884,0.0015481855733867642,0.0005522670266978676,0.00011409759936023695,9.137828754208635e-06,-2.73954366485156e-17,-2.4112082825275596e-17,-4.1890611501631975e-17
AFDDELZUNQV2UKYDUHJ27QW3IBLA,8,303,39,32,0.09912467916453797,0.02389003707938031,0.01157339392356829,0.005685932608307684,0.002291093155188743,0.0011628829585467813,0.0004721577542412743,8.065679050389284e-05,-7.362258343093459e-18,-1.8166317461266275e-17,-2.7611638520805984e-17
AENEBO2ESDZSB3GSHROPTRBAN2VA,8,298,32,28,0.08305124897112288,0.02062186169098605,0.008778520509677241,0.003176239093716253,0.0009892766567454383,0.00043253864740015985,5.45240152874867e-05,3.4157437551874673e-18,-2.527438531935464e-17,-3.561351524254487e-17,-2.881450283469577e-17
AHOCOXJ7KQ7QW6J6SZITGMFK5IHA,8,338,35,32,0.07797936738596363,0.013751517105814542,0.007163482696071985,0.003847484111371969,0.001105292548674297,0.0005729837648913578,9.876753989695363e-05,1.4891019339980767e-05,-2.0391714031823818e-17,-2.4765816448633898e-17,-3.5868224486248e-17
AEQ2P7WFOZXT2WM3WSFJPDWLXQAQ,8,345,41,40,0.09174307479331553,0.022106397578259083,0.010076849972860158,0.004513703469677246,0.0024618216744230564,0.0011076421645246088,0.0006719509559776547,0.00015681704494918387,4.9200116577882435e-06,-1.854211548327346e-17,-2.486209956564952e-17
AFO33UNM62QYS3SHDST3HB2SXSXQ,8,296,41,40,0.09391143860644766,0.021278381394019576,0.010852734709725528,0.006229316152790175,0.003281384287276069,0.0013684484092036375,0.0005825534779095406,0.00035993308193933276,1.7955116739477402e-06,-1.5190458949546314e-17,-2.1955560493069403e-17
AHKOEEKH4SLCLEMAR5YCS4FKMS6A,8,294,30,28,0.0793920564043543,0.014663300413156957,0.006684095606444215,0.0031374979661994962,0.0008622620895841868,0.0002676851891348788,2.8429614697343528e-05,-3.286332541747075e-18,-2.6550477862931084e-17,-3.055064647575339e-17,-3.9743204019830423e-17
AF4IFF3OA55YOWXILYETWH57F7UQ,9,531,43,40,0.088723339296629,0.017059262573905783,0.007226971094453959,0.004707532083373372,0.0019725884443815836,0.0011529122908517648,0.0004997843914911971,0.00021445685025963643,2.358956348401401e-05,-1.5915587965059725e-17,-2.3516313350786282e-17
AFR6N2JHAAWJLI5EJFQDENFMVVAQ,9,356,39,32,0.09215355355150895,0.021134599189815646,0.010148178473216536,0.005278337267748342,0.0019291372345481771,0.0011621624342370996,0.0003953781902638571,7.343749833751589e-05,-1.065548233490814e-17,-2.1492815620211014e-17,-2.836717076473701e-17
AEYVPPWR4CIKWX4BGYKCBCDL2CZQ,9,626,40,32,0.07983036315526253,0.015527284579641781,0.006129504510416708,0.003478773587558901,0.001393924603618507,0.0007039394485408372,0.000446947024412113,6.278403340907397e-05,1.7479989480059058e-18,-2.1222418223530837e-17,-2.957838151682899e-17
AE6JXZ2HEEC3RLKQ23MI2JSCXSNA,9,497,47,40,0.09361577451445786,0.021005112353517836,0.012190938094911938,0.00526326912725031,0.002713938570583381,0.0010811020568778633,0.000711399283553791,0.0004507041891730143,7.717028918697194e-05,-1.757659874013164e-17,-2.794074880030746e-17
AEHZBUFEOW4TY3K4IYFFR5ZU5B3Q,9,977,57,48,0.11028686586640964,0.02664668582281211,0.011204617757914124,0.006157350198465612,0.0038623026349761764,0.0023532205070783915,0.0014852016896796767,0.0005878802917620175,0.0001802163066041457,6.208239253508425e-05,-1.1330311474071839e-17
AF4YK6ETKIRQ36LYVR4YY3ZS4ANQ,9,366,35,32,0.09307284491120064,0.017213067455065525,0.007648805348968582,0.0028046718777602654,0.0008973537782329873,0.0006136444815789947,0.00019031016825449664,2.2851058512722366e-05,-2.8200513957339665e-17,-2.3678405010845504e-17,-3.305909339484742e-17
AFKZESU3PTCQ2UVDBDSFVFTXBFNQ_1,9,1177,52,48,0.09496016945239404,0.019335134270562947,0.009763085936921056,0.003751172109964432,0.0018595628382611583,0.0013407631238423006,0.0007489108104697129,0.000530704859325619,9.346176630018405e-05,1.7965626525238463e-05,-1.950335326437184e-17
AHWJGIMDAMS4WBLZAGOYMXYDSDLA,9,576,45,40,0.08671316359226212,0.020908044283373384,0.009300694633590352,0.0040933799678280385,0.0018867160347576521,0.0012902612415909482,0.000745716218488588,0.0002574742217503085,3.693772772791755e-05,-1.0378644260868477e-17,-2.2995005442750143e-17
AFLOM6HXIM7CJECSEUDVO4I3JXBA,9,477,36,32,0.09225694514401879,0.01541435696435674,0.0070696012775810875,0.003656572998092536,0.0012412564461699801,0.0007382524365778978,0.0003202981859858645,9.287060392599765e-05,-1.7614580404727293e-17,-2.4885624608696744e-17,-4.7892345339923397e-17
AGH2BA6TQ43WVJL2HXW53TOBIWPA,9,434,37,32,0.08160495298718809,0.017187319305706012,0.006288899167639127,0.00356242542180216,0.0011183341640022117,0.0006499997655446465,0.00014563890759151617,7.55123046342593e-05,-9.512083851272743e-18,-2.2067489032938725e-17,-3.05600100831129e-17
AHJYWQZ5PICKUZPXVE4HU7L5PE7A,9,660,54,48,0.09312781405148891,0.02040690357112905,0.00821164063607285,0.005122957205442058,0.0027831016115157704,0.002086829349113099,0.0008503936548913497,0.0007162966695153356,0.00012106752468493908,4.4170100602055704e-05,-1.7555010486604653e-17
AEYRVFKM3PK3OWJQEK3U6RMFZ5ZQ,9,377,35,32,0.08568914557966914,0.01740127648233931,0.007505264017124416,0.003397767940055742,0.0013462255106033527,0.000680324866230093,0.00018962330134026018,2.5535078123723638e-05,-1.678028440057416e-17,-2.4204929604800523e-17,-3.5100548423733804e-17
AEDVEEUD4NZX7NYETDDN5N3HBJEA,9,1486,77,64,0.09334795529724026,0.02764316393368141,0.012937492820802891,0.007052717749363543,0.004002524751330179,0.0029448049809244073,0.001965958033180339,0.0012503443802774606,0.0004763896747211328,0.00028013250161549913,2.2344875567474194e-05
AHEK757U7544PNGSDFCIKFN7NZDQ,9,435,36,32,0.09019032633134474,0.018300058854891374,0.00968986929640961,0.0042004440465130384,0.0012816161666024174,0.0009239769788484545,0.00022482220256176742,7.086600850750695e-05,-1.1620575007321411e-17,-2.752230048948313e-17,-2.5912435896239713e-17
AGO22BUOE6AX3PRTYLVVQKPR4R7A,9,874,43,40,0.08292374854724317,0.011117246041205382,0.008436829963670288,0.004250948109254389,0.002159333120661122,0.0011476884333311327,0.00048721275037517833,0.00020579425113454486,1.5976555470850646e-05,-1.4898456581693355e-17,-2.9916527325300205e-17
AFBR5VDMITJI24U5KZRYEPET3TJQ,9,430,50,48,0.10438216093470351,0.02564638920283395,0.012307807185749985,0.006509649033344396,0.0038627120036132685,0.0031025690905635466,0.0008351044061530322,0.0005135333679799824,0.00015732499372795143,4.618349743625981e-06,-2.4099692737520687e-17
AHTCNFRA5SB5IVFQ2SICSGEBUILA,9,376,37,32,0.09086612289300476,0.0264490679278696,0.00969935416863797,0.004037070857210222,0.0019375932233327202,0.0010082046015998307,0.0004403446307865335,7.843972959090982e-05,-4.8880007956142846e-18,-2.735945693272167e-17,-3.318006959651593e-17
AGEECCQF4MDXAP7RJDDPHK4U54FQ,9,398,40,32,0.09320597942130315,0.025196625078864412,0.009111481090474655,0.004311974379673295,0.0019566112028049265,0.000968922106709143,0.0005032952779344692,0.00015582100945826262,9.341976904020936e-19,-1.7279529630694535e-17,-2.501864988276828e-17
AEQXZCNKESE5KNCYCQZROO7GZRKQ,9,393,41,40,0.09161590889370666,0.02106198451880318,0.010671236823047039,0.00549298524113918,0.002144007857921973,0.001175408925721106,0.0006727686985016278,0.0002178713787000976,2.337310025767067e-06,-1.7890879920429824e-17,-2.6894016399643347e-17
AF5QVEMAHL2ZN7BTEQ2QXX6HJSMA,9,839,63,48,0.10820932361158705,0.023244952043947904,0.011025217560564205,0.006834027598754492,0.0033638565210012982,0.002484471044276434,0.001525748911356317,0.000694093995308785,0.000333352049035272,9.677378440558407e-05,-2.123094867159878e-18
AHSEGNS77TLPYIWMD7JKHV4VPTBA,9,465,45,40,0.0886728580658862,0.022339475006054158,0.012607831682951678,0.005509571323186842,0.002678656167199354,0.0019022242172454665,0.0009684764486421236,0.00039769742168837934,4.2914423139823686e-05,-7.717507301491249e-18,-1.9561497356283612e-17
AGF6TCJ5DIUYHXKWWLFKAY2HUIXQ,9,740,42,40,0.09641354299957045,0.017586501302574067,0.008260939495359129,0.004003764818931196,0.000980975572034555,0.0007976031491202023,0.00047395598072832513,0.00015542489638719012,3.4316769300237886e-06,-1.5406019940342347e-17,-2.7221426802026407e-17
AECOPBDL3PHOESNB2RXKPZSXGBOA,9,1050,58,48,0.09386300033433413,0.02116996160998791,0.009183244774385152,0.0045767567736612206,0.0022189993659656516,0.0018472585060425111,0.0011442710850021502,0.0005951968069254602,0.0001730390520562469,7.06790220537992e-05,-1.550660368295228e-17
AGBYWW4V2ZDUCJGRQNQWLSCPPOVQ,9,362,47,40,0.09418898928053332,0.025959698104209523,0.012563701503449197,0.005894212470824126,0.0036835137724687385,0.0017139449013083927,0.001256001978420208,0.00041134730871644033,7.698079416557552e-05,-5.532077400981504e-18,-2.5788757393334368e-17
AE5INRAIGFDNXPWT5LNVJEEAAHBQ,9,1153,48,40,0.09137527241555339,0.0213578836937262,0.008492308783397696,0.004381872976247085,0.001677502419694997,0.000995082598779432,0.0006525741463560331,0.000320946176665265,4.232992159553785e-05,1.2588898071154758e-18,-1.9424742383903852e-17
AG6M2OKNHLTZENAACVZFQL36XT2A,9,392,40,32,0.08616528711163376,0.021094537723714248,0.007453053860188939,0.004308951750707629,0.002055389290311867,0.0010991913469099869,0.0003947903176077431,0.00013602149940382022,-4.0355001315958786e-18,-2.2822763168396698e-17,-3.423300616900201e-17
AGXHFUENM3G65MN4BGET2DNU4IAQ,9,370,27,24,0.07361228431023126,0.009678777503366135,0.0028866434423836566,0.001829894756239478,0.0003973500192929537,0.00012464140524220285,-5.894780460087373e-18,-1.4853627214203586e-17,-3.518694715879036e-17,-3.838631202222537e-17,-3.896045249324093e-17
AHV67OZ7EO5D6QX53S4BEXRQ6FHA,9,631,48,40,0.07854666985340042,0.015782380049430014,0.01044908779719207,0.005857903818826355,0.002519561321295126,0.0015285675917587763,0.0008940579502856474,0.00046445709795142154,6.125281253822881e-05,-4.063950369441346e-18,-2.2668011626291558e-17
AGMCZMRV6MJ5SCCUIEILXUKJ66WA,9,758,53,48,0.09918261409071756,0.023328355525949366,0.010185927180280538,0.004845736760086032,0.0017954442566277893,0.0011398445164568008,0.0010223705130685892,0.00033564520224854026,0.00013674497721765017,1.5020891205813145e-05,-2.5179123777304406e-17
AEIIRIHLIYKQGI7ZOCIJTRDF5NPQ_2_2_2_1,9,623,43,40,0.08533717778740103,0.015129880298146223,0.0082234998353814,0.004257721047590615,0.0020381777026541328,0.0008309941184640008,0.00048462188324182833,0.00014505972482988552,1.3663921379946128e-05,-1.1867051119203417e-17,-3.118627694218998e-17
