min_doc_freq,uid,n_sents_user,rank_Y_c,rank_deficient,E_top16,E_top32
2,AHY6GBYQX3XLNDQN6X2FOV3UGKVA,109,98,True,0.44823354110105823,0.6659543533101661
2,AG5LC5HSFYGJSK3AQGHEFHKX6ZWQ,2739,91,True,0.546082478165809,0.7586290304282028
2,AGTGHYRTZXKX4AIL42A3FKWR7SOQ,358,98,True,0.5037816272785087,0.7134570306701912
2,AHIS5MNAQJU5EVZAMG4FG7DEFJVQ,123,99,False,0.44351791833048193,0.6627218239116728
2,AHOHXQZCEU3KDM3TPKZRNCJ3ITVA_2_1,1024,99,False,0.44183634100442515,0.6641611125505055
2,AELBFSL7STN2GUP3BAWKSOXJWYUQ,108,53,True,0.6001198814918705,0.8506740314889009
2,AGKYAPJAIV6AKVK7MUVYNQB2RRNA,1039,95,True,0.4740633813250428,0.684319089638418
2,AFK5U2KC2ZRRBIUBHW4E3YO3F33Q,102,99,False,0.4259908831766997,0.6431623888905884
2,AELZDJ42ZTKWK3733KORAERLI2CQ,277,99,False,0.4641700483716103,0.6770955497016129
2,AHTPJH2GRKY3ATUF377HTJLNGI7A,112,99,False,0.48210836242567634,0.696143230365275
2,AHAVVDFUPNWTGLACNX7FXDKNSAKQ,130,96,True,0.42874889277931355,0.6552933093458766
2,AFWX42STP4GA3B3ORU66C65YZJ7A,135,99,False,0.4565156981624,0.6669757938766115
2,AGEBWT6LTQS44RBUSRT5YWGNABGQ,100,99,False,0.4878766267397569,0.6951057561274832
2,AFWICO7S6CSLJETX6O4DTDQIWUGQ,111,99,False,0.42691507946865065,0.6475823260129048
2,AGMUZHMOOWUY5UEIOBDMCOFVEVWA,126,99,False,0.4508256283138637,0.6675465396106489
2,AEVVEYZF4MQDPC2BY2HBBNGZRYHA,382,93,True,0.54480123507708,0.7439704405417606
2,AF6M3QM4HCJWGINCDUKAAH5IQ5XQ,104,70,True,0.6255290294746222,0.8227652277089064
2,AHXEK642UJNWCB3LIGZZAKTONXQQ,130,99,False,0.4245874680684176,0.6396850007408874
2,AGKCPEL4BVM2GGWLPE6I7NQRGCVQ,117,99,False,0.46810550895577313,0.6783054883887495
2,AH2SMIKK7I7T5U4AVBUQBIWP5V3Q,571,99,False,0.46668663190348536,0.6793520706710304
2,AGNG4NHSBORIRTXIYJTSXQ4WE75A,149,99,False,0.4676922159388043,0.6811887073835847
2,AGSPAJOHXDUYYHNJMRB2CTU7LBAQ,332,99,False,0.4349702962159047,0.647203066577804
2,AEEYDDE6RPPR5KIY2U2ZJBC5NS4A,230,99,False,0.4682509104658136,0.6771421200868387
2,AHSCNOTMQI2WQ4YUTXSOBJ3OFG7Q,348,91,True,0.4589539972398171,0.6744328175650962
2,AHEE76NDKZZRDPTCUKAVHI4OF6ZA,128,93,True,0.4508318682623681,0.6670168928931584
2,AGYGB42MVBQ4X2XNEX45VHJD7GOA,159,99,False,0.4654759691084621,0.6811532767524252
2,AFMTB6XAI3YBCJVTOGKOFJU3LUOQ,565,95,True,0.5268678151335349,0.7349801770107638
2,AHE2JHVJEQAFTJVE5RWEYBYJQUBQ,107,99,False,0.4590704573076658,0.6653329919560591
2,AF6UTAVRR3K743WXQGBER7HSAAPQ,228,99,False,0.44967742166733216,0.6641273784663798
2,AESXPFPYKPBWD4SLCAZRXX22GEZA,103,97,True,0.44647735904547436,0.6569831695984573
2,AEJY24XTMIMXD5G7KDKFUTUJSGYQ,104,98,True,0.4630731548488475,0.6740406445194147
2,AHGDVTFSAAIENYAIAZWJG427I3EA,838,99,False,0.4567880581355726,0.6682473843486071
2,AEXP2IBYPZQKMOVKNYX53XVBX5BA,1095,99,False,0.42660843573221247,0.6461047486163992
2,AFJQ4OBA4ZV7PHBJQNERUVN7UZOA,235,99,False,0.45617462544035414,0.6632198797622111
2,AF6BAP7PONMFFA5LTZZY7SN6ANDA,903,99,False,0.4011577286312473,0.6173110336737124
2,AF53ZKFWQ3BC2EXJ6FP5WIIN2MCA,116,99,False,0.4593170840672152,0.667968862309044
2,AF6R73E4HU27CLJXSTF6BBCEENRA,102,99,False,0.4379519949116907,0.6526121175683258
2,AGH3O5QKKBVBNPHPAP6DQ63HBYKQ,122,99,False,0.43550610788396255,0.6582579910381751
2,AEEX3WVJK5TGMRJ43V7IOI63JOFA,134,99,False,0.47001376204347217,0.6844809409624023
2,AESVJJ7VSHXGXUARIQSRC5UM3XVA,138,92,True,0.47553007239832534,0.6927940023659896
2,AFFDJZ6EHOAFLE7WS4GZMLMIWMRA,243,99,False,0.4317704056760766,0.6490854073332716
2,AFRANYYHRL3ZMJ4F5GAGDECQ5GNQ,164,69,True,0.5937748767080353,0.8087440398432683
2,AH736FR3FOS2Y64G5QQQ6JPPKAUA,177,99,False,0.4100902294176363,0.6253862281252351
2,AGH2BA6TQ43WVJL2HXW53TOBIWPA,434,99,False,0.4027881663786234,0.6206162643423602
2,AGU7C7CZA56W7C3PML6C6TD2SRFA,145,99,False,0.4531187028057291,0.666927184165134
2,AE4PDGC7A45A4KDP6EMY47BGECNA,147,99,False,0.4315193681809137,0.6500883093317585
2,AGXO3CPYK7TUTKH4BTVJD2DX43HQ,218,79,True,0.5151544839865501,0.7416550477670065
2,AHWLCORU3EXTEQERFU5MOBF63CTA,102,99,False,0.44323491908856866,0.6605753243828324
2,AERLC2UDULN7N5FQATSWDM2U4JTA,104,99,False,0.43106587009148867,0.6458034392058537
2,AGLNOSRFRMEFOJA5DIGMB2PTCOUQ,161,99,False,0.47495262335263255,0.6850479114635569
2,AHAVFW4GL3ZT2A6PDDDJSJJ5GY5A,129,99,False,0.44712392929790845,0.6601171669355193
2,AFBOBB3SZOCXMTKKE23BWHDCJCGQ,111,99,False,0.4483545465849188,0.6599050233393328
2,AHKIOQRM2H4FEMS5PI7J5RMPJKQA,217,99,False,0.4524502425600238,0.6664511633771746
2,AF4DRNWYQUORJOPAVYG7FNYK236A,124,99,False,0.48324797317249335,0.6931495146544432
2,AHMVNNNXFUDT7MLQ4F7HNC66LTDQ,121,99,False,0.44028024464463034,0.6557769037077756
2,AFXQNE3PUIC6FOZ7WFZZ757LE74Q,175,99,False,0.44911730949511847,0.6674472118035627
2,AFYYHK3HLOWUENSICGSRAAEW7P4A,116,99,False,0.44618473025235106,0.6652156429302425
2,AE5HNX5HIVHJH734GBQBRKUMGYTQ,238,99,False,0.4209688284938907,0.6375188139000414
2,AEC4YXC4GCBMXC2KGNFZ4EYPRT5A,131,99,False,0.4687771950643162,0.6800128643235135
2,AGVQDS3VL7L4TVNVITE7AJOANDTA,177,95,True,0.5117577211169411,0.7203716515693195
2,AGGPU5K56BKAGOFDVYZ7MZT5CCLQ,177,99,False,0.441638066738409,0.6556119661202933
2,AGE75E7SSHUQMNWXOCMOELFIFO3Q,101,99,False,0.42150793569199685,0.6459628817914775
2,AGXBLKRDWSQC22LUPEBX5SIOQVWA,112,99,False,0.459960197454106,0.6749852996983582
2,AFLSHORZNVM6GIFFISRTSRNYTOMA,413,99,False,0.43473217231784517,0.6473755758986854
2,AHG5KKQMMZJA46LDH73IZ4QUHYXA,114,99,False,0.4475213292910653,0.656448116278981
2,AEK3Q3YE25YBBW4NBUGXY3LP3JEA,115,99,False,0.4732703574850647,0.6823552406895609
2,AFVTHPT46GLPZLSL64FJFXT2535A,105,83,True,0.5240007941002124,0.7468118582817419
2,AGVBR47VU2BE4EVWFAXOO26SOWSA,207,90,True,0.4918455249744283,0.7095205946631093
2,AH7RZZ47LJVL4ASHAYKVR5DZCTGQ,215,99,False,0.44757303373562096,0.6628709854230764
2,AE7QX327FYG2YS4OL27GBQABRRDQ,404,98,True,0.45989451918596236,0.6716653654590751
2,AGFEBWDIGOPA2I5RFLYVRSTBXG7Q,235,99,False,0.4522487797436024,0.6712389876285455
2,AHDNIUCTSZAY4XEMCN3QKD6NHY4Q,214,93,True,0.5132653450721046,0.7181443835645998
2,AETFLSAWXIVQSX4A7T52JGEH5Q2Q,104,99,False,0.4299406837850608,0.6512704083871466
2,AF4E3NZ5US36XUBBPFET6A66OG3A,141,95,True,0.5090537726350148,0.7122679198717814
2,AHQMCHVUHJFWMNDCPM5VNJRY7LDA,167,99,False,0.4497227224937263,0.6614755732607476
2,AGUQ2BPQ2A4H2QKDVJWK6X6MVBLA,152,99,False,0.4703305141064516,0.6753321793401307
2,AFVP6OSQJHBZCGMJFIRKZANPJ6EQ,136,99,False,0.4447894372819006,0.6619784516284996
2,AGKEOE2JIWVWT6UZEVBCKLACJSYA,106,97,True,0.447954033932694,0.6656467783531319
2,AHBXTSYI3ZKDKTL7IRBFGNSNR5YQ,473,98,True,0.46177256529728333,0.6871809595174319
2,AFR6N2JHAAWJLI5EJFQDENFMVVAQ,356,99,False,0.4370570893223411,0.6584588630401842
2,AEC2DODDROD5WJYCPVYLTZSQY5HA,105,99,False,0.45670758620435636,0.6724599167694875
2,AH3SKZJFV5YLTSKRJLMWP5BVEKNA,246,90,True,0.555323241154229,0.75496935281978
2,AGPM5O2RFTK3SWT5WTNXPVF62WJQ,129,99,False,0.4153217650137397,0.633143364998505
2,AHRXKSDZJOYVZC4CXU75S5TKFOWQ,123,99,False,0.45969369943740973,0.6730283517841044
2,AEOSCZNS3P5OOCDISARS5TVRFVYA,101,99,False,0.45340601242179385,0.6677451670018395
2,AEH6WQXNWZQA3ZL4T4LMXZ4OGW4A,140,99,False,0.44036389430926115,0.660321882124896
2,AFDM5JSC54MIFFQ36LONQJMWI3XQ,113,99,False,0.4252178765515146,0.6404819143236246
2,AHESUURQOOLW6WCO5JVH34XXQ4VQ,141,93,True,0.47210141256426646,0.6878145311744186
2,AHC4UURWTZDM66EK3QASG2PNSFPQ,228,99,False,0.4577241466587385,0.6709774570797218
2,AEAYK5TRLFC5J5MMW2VZ5UOVYJUA,346,99,False,0.44607202921865213,0.6629876245001841
2,AH4FRDTACKPAOGZSRJWE5O7BSA3Q,147,99,False,0.4633857131611018,0.6792091811631007
2,AGFVNGZJ4XEFX2ULJNDCWJYRHQVA,212,98,True,0.4788850227239711,0.692493339713591
2,AF35KUQK45LLCSVCNP7SWL7THESA,109,73,True,0.5461630004689189,0.7731493725550375
2,AGTPYYIF2KZYACAGPMFRIBTACMSQ,100,99,False,0.44882204539943843,0.6601770772363191
2,AERA2QF2GEAJIAHJVKPK5DQHB7AA,104,89,True,0.49996456725441574,0.7213167998086157
2,AHFT6NAJRZVRAUKTORFBSQNEVZ7A,109,99,False,0.4525693739257073,0.6720934540187096
2,AG2VTFCAKUE6KZH72G523COQVUOA,186,92,True,0.48082363259801414,0.6954106769424294
2,AGOTQJS3QBTH2PNPRLVQSQ4ZVPSA,297,98,True,0.4659210367059707,0.6788508831358003
2,AE4YA7ZSIYTFM2JSMNXZMBJ4A2VA,187,99,False,0.4256174023015381,0.6471828221546939
2,AEN6VLVSAZEINQOVKNFAL6IG65OA,112,92,True,0.5295176246882969,0.7424059175253493
5,AHY6GBYQX3XLNDQN6X2FOV3UGKVA,109,98,True,0.44839603545786916,0.6660889400927255
5,AG5LC5HSFYGJSK3AQGHEFHKX6ZWQ,2739,91,True,0.5459636079430883,0.7585236336453632
5,AGTGHYRTZXKX4AIL42A3FKWR7SOQ,358,98,True,0.5037816272785086,0.713457030670191
5,AHIS5MNAQJU5EVZAMG4FG7DEFJVQ,123,99,False,0.44351791833048215,0.6627218239116731
5,AHOHXQZCEU3KDM3TPKZRNCJ3ITVA_2_1,1024,99,False,0.4416275738313947,0.6639522372938935
5,AELBFSL7STN2GUP3BAWKSOXJWYUQ,108,53,True,0.6001198814918705,0.8506740314889009
5,AGKYAPJAIV6AKVK7MUVYNQB2RRNA,1039,95,True,0.4742495393992051,0.684536374948756
5,AFK5U2KC2ZRRBIUBHW4E3YO3F33Q,102,99,False,0.42613802608576784,0.6433708492169806
5,AELZDJ42ZTKWK3733KORAERLI2CQ,277,99,False,0.46427094455991064,0.6772060066307644
5,AHTPJH2GRKY3ATUF377HTJLNGI7A,112,99,False,0.4821083624256765,0.6961432303652753
5,AHAVVDFUPNWTGLACNX7FXDKNSAKQ,130,96,True,0.4287868689990458,0.6553361538274591
5,AFWX42STP4GA3B3ORU66C65YZJ7A,135,99,False,0.45651569816240045,0.6669757938766121
5,AGEBWT6LTQS44RBUSRT5YWGNABGQ,100,99,False,0.48801480944301656,0.69525345696611
5,AFWICO7S6CSLJETX6O4DTDQIWUGQ,111,99,False,0.4272283466014469,0.6479563686560823
5,AGMUZHMOOWUY5UEIOBDMCOFVEVWA,126,99,False,0.4511003792134232,0.667907184577798
5,AEVVEYZF4MQDPC2BY2HBBNGZRYHA,382,93,True,0.54480123507708,0.7439704405417608
5,AF6M3QM4HCJWGINCDUKAAH5IQ5XQ,104,70,True,0.6253951426882988,0.822659812287815
5,AHXEK642UJNWCB3LIGZZAKTONXQQ,130,99,False,0.42475000040984107,0.6398101032126985
5,AGKCPEL4BVM2GGWLPE6I7NQRGCVQ,117,99,False,0.4681055089557732,0.6783054883887494
5,AH2SMIKK7I7T5U4AVBUQBIWP5V3Q,571,99,False,0.46665325544290975,0.6792922170769421
5,AGNG4NHSBORIRTXIYJTSXQ4WE75A,149,99,False,0.46774102314356614,0.6811888922283279
5,AGSPAJOHXDUYYHNJMRB2CTU7LBAQ,332,99,False,0.43503984364248266,0.647260369149873
5,AEEYDDE6RPPR5KIY2U2ZJBC5NS4A,230,99,False,0.46873416898039655,0.6773186468541931
5,AHSCNOTMQI2WQ4YUTXSOBJ3OFG7Q,348,91,True,0.4589809407884534,0.6744081484175866
5,AHEE76NDKZZRDPTCUKAVHI4OF6ZA,128,93,True,0.45093403049798425,0.6670894993671529
5,AGYGB42MVBQ4X2XNEX45VHJD7GOA,159,99,False,0.46561869109018605,0.6812917943389323
5,AFMTB6XAI3YBCJVTOGKOFJU3LUOQ,565,95,True,0.526867815133535,0.7349801770107638
5,AHE2JHVJEQAFTJVE5RWEYBYJQUBQ,107,99,False,0.4590704573076659,0.6653329919560592
5,AF6UTAVRR3K743WXQGBER7HSAAPQ,228,99,False,0.44978249940042503,0.6640376098257214
5,AESXPFPYKPBWD4SLCAZRXX22GEZA,103,97,True,0.4464626873134494,0.6570341121932628
5,AEJY24XTMIMXD5G7KDKFUTUJSGYQ,104,98,True,0.46296931082456005,0.6739710867290224
5,AHGDVTFSAAIENYAIAZWJG427I3EA,838,99,False,0.45687052888478724,0.6683281550803855
5,AEXP2IBYPZQKMOVKNYX53XVBX5BA,1095,99,False,0.4270108879146165,0.6464008693437585
5,AFJQ4OBA4ZV7PHBJQNERUVN7UZOA,235,99,False,0.4563264730584954,0.6633997918010331
5,AF6BAP7PONMFFA5LTZZY7SN6ANDA,903,99,False,0.40126182198870247,0.6174073670603769
5,AF53ZKFWQ3BC2EXJ6FP5WIIN2MCA,116,99,False,0.4593285190905364,0.6679453777588032
5,AF6R73E4HU27CLJXSTF6BBCEENRA,102,99,False,0.43795199491169057,0.6526121175683255
5,AGH3O5QKKBVBNPHPAP6DQ63HBYKQ,122,99,False,0.4355061078839628,0.6582579910381753
5,AEEX3WVJK5TGMRJ43V7IOI63JOFA,134,99,False,0.47001376204347245,0.6844809409624026
5,AESVJJ7VSHXGXUARIQSRC5UM3XVA,138,92,True,0.47553007239832573,0.6927940023659899
5,AFFDJZ6EHOAFLE7WS4GZMLMIWMRA,243,99,False,0.431962533596149,0.6493585567312917
5,AFRANYYHRL3ZMJ4F5GAGDECQ5GNQ,164,69,True,0.5933256282832795,0.8085267902268447
5,AH736FR3FOS2Y64G5QQQ6JPPKAUA,177,99,False,0.4101766763721672,0.625465923914
5,AGH2BA6TQ43WVJL2HXW53TOBIWPA,434,99,False,0.40291453952665607,0.6206969516698235
5,AGU7C7CZA56W7C3PML6C6TD2SRFA,145,99,False,0.4532241153173454,0.6670706504977834
5,AE4PDGC7A45A4KDP6EMY47BGECNA,147,99,False,0.4315714222534276,0.6501413049023511
5,AGXO3CPYK7TUTKH4BTVJD2DX43HQ,218,79,True,0.5154187994630072,0.7418338819991113
5,AHWLCORU3EXTEQERFU5MOBF63CTA,102,99,False,0.44329450297414874,0.6605719258198136
5,AERLC2UDULN7N5FQATSWDM2U4JTA,104,99,False,0.4311215325316443,0.6458618802801906
5,AGLNOSRFRMEFOJA5DIGMB2PTCOUQ,161,99,False,0.4749526233526326,0.6850479114635568
5,AHAVFW4GL3ZT2A6PDDDJSJJ5GY5A,129,99,False,0.44707052001875797,0.66006763007533
5,AFBOBB3SZOCXMTKKE23BWHDCJCGQ,111,99,False,0.4486031485166504,0.6601797639833753
5,AHKIOQRM2H4FEMS5PI7J5RMPJKQA,217,99,False,0.4525456283404679,0.6665801251182668
5,AF4DRNWYQUORJOPAVYG7FNYK236A,124,99,False,0.4832479731724936,0.693149514654443
5,AHMVNNNXFUDT7MLQ4F7HNC66LTDQ,121,99,False,0.4403178064891041,0.6557941598340021
5,AFXQNE3PUIC6FOZ7WFZZ757LE74Q,175,99,False,0.4490410336673955,0.6673598754591636
5,AFYYHK3HLOWUENSICGSRAAEW7P4A,116,99,False,0.4462552254891814,0.6652831697890569
5,AE5HNX5HIVHJH734GBQBRKUMGYTQ,238,99,False,0.42102323248185763,0.6376506765651155
5,AEC4YXC4GCBMXC2KGNFZ4EYPRT5A,131,99,False,0.4689045007444499,0.680192265931729
5,AGVQDS3VL7L4TVNVITE7AJOANDTA,177,95,True,0.511801705154853,0.7203347041623199
5,AGGPU5K56BKAGOFDVYZ7MZT5CCLQ,177,99,False,0.4420053166161407,0.6557812569521073
5,AGE75E7SSHUQMNWXOCMOELFIFO3Q,101,99,False,0.42149103625010853,0.645847686280748
5,AGXBLKRDWSQC22LUPEBX5SIOQVWA,112,99,False,0.4600556188321941,0.6750954822166362
5,AFLSHORZNVM6GIFFISRTSRNYTOMA,413,99,False,0.4347321723178453,0.6473755758986852
5,AHG5KKQMMZJA46LDH73IZ4QUHYXA,114,99,False,0.4479564330049268,0.6569166613852805
5,AEK3Q3YE25YBBW4NBUGXY3LP3JEA,115,99,False,0.47366509722202194,0.6828785126704302
5,AFVTHPT46GLPZLSL64FJFXT2535A,105,83,True,0.5239909683736037,0.7467733555004991
5,AGVBR47VU2BE4EVWFAXOO26SOWSA,207,90,True,0.4921467689625367,0.7098543546936229
5,AH7RZZ47LJVL4ASHAYKVR5DZCTGQ,215,99,False,0.44757303373562074,0.6628709854230763
5,AE7QX327FYG2YS4OL27GBQABRRDQ,404,98,True,0.4598945191859626,0.6716653654590753
5,AGFEBWDIGOPA2I5RFLYVRSTBXG7Q,235,99,False,0.4522487797436019,0.6712389876285452
5,AHDNIUCTSZAY4XEMCN3QKD6NHY4Q,214,93,True,0.5132897492466015,0.7181239293042759
5,AETFLSAWXIVQSX4A7T52JGEH5Q2Q,104,99,False,0.4302040770772517,0.6515578096344647
5,AF4E3NZ5US36XUBBPFET6A66OG3A,141,95,True,0.5090537726350151,0.7122679198717817
5,AHQMCHVUHJFWMNDCPM5VNJRY7LDA,167,99,False,0.4497207480671913,0.661464105602796
5,AGUQ2BPQ2A4H2QKDVJWK6X6MVBLA,152,99,False,0.47023817247570604,0.6752739765169841
5,AFVP6OSQJHBZCGMJFIRKZANPJ6EQ,136,99,False,0.4448159087855915,0.6620180412407127
5,AGKEOE2JIWVWT6UZEVBCKLACJSYA,106,97,True,0.44815545741370694,0.665796283638114
5,AHBXTSYI3ZKDKTL7IRBFGNSNR5YQ,473,98,True,0.46140653481769583,0.6868790291480155
5,AFR6N2JHAAWJLI5EJFQDENFMVVAQ,356,99,False,0.43710671541405144,0.6585116153774341
5,AEC2DODDROD5WJYCPVYLTZSQY5HA,105,99,False,0.4564626824471581,0.6722931685584244
5,AH3SKZJFV5YLTSKRJLMWP5BVEKNA,246,90,True,0.5555554767433744,0.7552558154704087
5,AGPM5O2RFTK3SWT5WTNXPVF62WJQ,129,99,False,0.41533060277482675,0.6332006723565152
5,AHRXKSDZJOYVZC4CXU75S5TKFOWQ,123,99,False,0.45980000153391254,0.6731529428908454
5,AEOSCZNS3P5OOCDISARS5TVRFVYA,101,99,False,0.45342939058382536,0.6677596165547258
5,AEH6WQXNWZQA3ZL4T4LMXZ4OGW4A,140,99,False,0.44034207451524315,0.6603372742325141
5,AFDM5JSC54MIFFQ36LONQJMWI3XQ,113,99,False,0.4253791553228158,0.6406926665457227
5,AHESUURQOOLW6WCO5JVH34XXQ4VQ,141,93,True,0.47208866560840496,0.6877964730235704
5,AHC4UURWTZDM66EK3QASG2PNSFPQ,228,99,False,0.45772414665873834,0.6709774570797219
5,AEAYK5TRLFC5J5MMW2VZ5UOVYJUA,346,99,False,0.4462866094348322,0.6631908716664939
5,AH4FRDTACKPAOGZSRJWE5O7BSA3Q,147,99,False,0.46335745778567644,0.6791431676467234
5,AGFVNGZJ4XEFX2ULJNDCWJYRHQVA,212,98,True,0.47888502272397115,0.6924933397135913
5,AF35KUQK45LLCSVCNP7SWL7THESA,109,73,True,0.5460169353766443,0.7730170499135625
5,AGTPYYIF2KZYACAGPMFRIBTACMSQ,100,99,False,0.44891627439127846,0.6602058604171093
5,AERA2QF2GEAJIAHJVKPK5DQHB7AA,104,89,True,0.4999645672544158,0.7213167998086158
5,AHFT6NAJRZVRAUKTORFBSQNEVZ7A,109,99,False,0.4527868381234947,0.6723915889281621
5,AG2VTFCAKUE6KZH72G523COQVUOA,186,92,True,0.48082363259801375,0.6954106769424292
5,AGOTQJS3QBTH2PNPRLVQSQ4ZVPSA,297,98,True,0.46604841885549925,0.6790269943081657
5,AE4YA7ZSIYTFM2JSMNXZMBJ4A2VA,187,99,False,0.4257200440981298,0.6472577017062299
5,AEN6VLVSAZEINQOVKNFAL6IG65OA,112,92,True,0.5294337944682436,0.7423433243630606
10,AHY6GBYQX3XLNDQN6X2FOV3UGKVA,109,98,True,0.4484994561773436,0.6662002463727517
10,AG5LC5HSFYGJSK3AQGHEFHKX6ZWQ,2739,91,True,0.5458969787358572,0.7584714778444213
10,AGTGHYRTZXKX4AIL42A3FKWR7SOQ,358,98,True,0.5037816272785088,0.7134570306701912
10,AHIS5MNAQJU5EVZAMG4FG7DEFJVQ,123,99,False,0.443517918330482,0.6627218239116729
10,AHOHXQZCEU3KDM3TPKZRNCJ3ITVA_2_1,1024,99,False,0.44150902775189554,0.6638251209937098
10,AELBFSL7STN2GUP3BAWKSOXJWYUQ,108,53,True,0.6001198814918705,0.850674031488901
10,AGKYAPJAIV6AKVK7MUVYNQB2RRNA,1039,95,True,0.47447465286252494,0.6847640035271184
10,AFK5U2KC2ZRRBIUBHW4E3YO3F33Q,102,99,False,0.42633784828933463,0.6436136817112461
10,AELZDJ42ZTKWK3733KORAERLI2CQ,277,99,False,0.4641903277085791,0.6771429624815529
10,AHTPJH2GRKY3ATUF377HTJLNGI7A,112,99,False,0.48210836242567634,0.696143230365275
10,AHAVVDFUPNWTGLACNX7FXDKNSAKQ,130,96,True,0.428863173783407,0.6553504903579007
10,AFWX42STP4GA3B3ORU66C65YZJ7A,135,99,False,0.45660882450975643,0.6670941706515716
10,AGEBWT6LTQS44RBUSRT5YWGNABGQ,100,99,False,0.48801480944301673,0.6952534569661101
10,AFWICO7S6CSLJETX6O4DTDQIWUGQ,111,99,False,0.4273499360807962,0.648042926523873
10,AGMUZHMOOWUY5UEIOBDMCOFVEVWA,126,99,False,0.4513418112066974,0.668154795813531
10,AEVVEYZF4MQDPC2BY2HBBNGZRYHA,382,93,True,0.5449258837345785,0.7440771519847814
10,AF6M3QM4HCJWGINCDUKAAH5IQ5XQ,104,70,True,0.625305138036654,0.8225849618853326
10,AHXEK642UJNWCB3LIGZZAKTONXQQ,130,99,False,0.42484606118121304,0.6399173099361746
10,AGKCPEL4BVM2GGWLPE6I7NQRGCVQ,117,99,False,0.4682247964865166,0.6784103422592078
10,AH2SMIKK7I7T5U4AVBUQBIWP5V3Q,571,99,False,0.46665325544290975,0.6792922170769421
10,AGNG4NHSBORIRTXIYJTSXQ4WE75A,149,99,False,0.46775459908833783,0.6812548778481257
10,AGSPAJOHXDUYYHNJMRB2CTU7LBAQ,332,99,False,0.4351104010468576,0.6473224423985338
10,AEEYDDE6RPPR5KIY2U2ZJBC5NS4A,230,99,False,0.46900023391506823,0.6774761329635917
10,AHSCNOTMQI2WQ4YUTXSOBJ3OFG7Q,348,91,True,0.4591440749674879,0.6744350649472018
10,AHEE76NDKZZRDPTCUKAVHI4OF6ZA,128,93,True,0.451030306580977,0.6671518748277883
10,AGYGB42MVBQ4X2XNEX45VHJD7GOA,159,99,False,0.46583145563141864,0.6813338724230616
10,AFMTB6XAI3YBCJVTOGKOFJU3LUOQ,565,95,True,0.526867815133535,0.7349801770107639
10,AHE2JHVJEQAFTJVE5RWEYBYJQUBQ,107,99,False,0.45907045730766594,0.6653329919560592
10,AF6UTAVRR3K743WXQGBER7HSAAPQ,228,99,False,0.44986163606064944,0.6641185065142108
10,AESXPFPYKPBWD4SLCAZRXX22GEZA,103,97,True,0.44644220554315583,0.6570295774065514
10,AEJY24XTMIMXD5G7KDKFUTUJSGYQ,104,98,True,0.4632913900039836,0.6743814895990488
10,AHGDVTFSAAIENYAIAZWJG427I3EA,838,99,False,0.45691342693822073,0.6683207318281665
10,AEXP2IBYPZQKMOVKNYX53XVBX5BA,1095,99,False,0.42766741654790114,0.6465324358624857
10,AFJQ4OBA4ZV7PHBJQNERUVN7UZOA,235,99,False,0.4563264730584952,0.6633997918010328
10,AF6BAP7PONMFFA5LTZZY7SN6ANDA,903,99,False,0.40125693320655287,0.6172440801435599
10,AF53ZKFWQ3BC2EXJ6FP5WIIN2MCA,116,99,False,0.45932851909053657,0.6679453777588034
10,AF6R73E4HU27CLJXSTF6BBCEENRA,102,99,False,0.43794219061322087,0.6525672232719236
10,AGH3O5QKKBVBNPHPAP6DQ63HBYKQ,122,99,False,0.4357133568279465,0.6583259405763332
10,AEEX3WVJK5TGMRJ43V7IOI63JOFA,134,99,False,0.4700137620434725,0.6844809409624026
10,AESVJJ7VSHXGXUARIQSRC5UM3XVA,138,92,True,0.4755300723983254,0.6927940023659898
10,AFFDJZ6EHOAFLE7WS4GZMLMIWMRA,243,99,False,0.4320924036744518,0.6494363361199772
10,AFRANYYHRL3ZMJ4F5GAGDECQ5GNQ,164,69,True,0.5931100368227495,0.8085152784873239
10,AH736FR3FOS2Y64G5QQQ6JPPKAUA,177,99,False,0.41024774219402255,0.6255111792739434
10,AGH2BA6TQ43WVJL2HXW53TOBIWPA,434,99,False,0.40295269208880574,0.6207022810008187
10,AGU7C7CZA56W7C3PML6C6TD2SRFA,145,99,False,0.4531260189086057,0.6669990973890607
10,AE4PDGC7A45A4KDP6EMY47BGECNA,147,99,False,0.43169526310768463,0.6502715283680406
10,AGXO3CPYK7TUTKH4BTVJD2DX43HQ,218,79,True,0.5158408379005442,0.7421971987577138
10,AHWLCORU3EXTEQERFU5MOBF63CTA,102,99,False,0.4434305709264329,0.6606592981224829
10,AERLC2UDULN7N5FQATSWDM2U4JTA,104,99,False,0.4312079118857553,0.6459120459476317
10,AGLNOSRFRMEFOJA5DIGMB2PTCOUQ,161,99,False,0.4750663144522493,0.6852012074768357
10,AHAVFW4GL3ZT2A6PDDDJSJJ5GY5A,129,99,False,0.44722496066497314,0.6601778043064591
10,AFBOBB3SZOCXMTKKE23BWHDCJCGQ,111,99,False,0.44870591101189305,0.6602369851653146
10,AHKIOQRM2H4FEMS5PI7J5RMPJKQA,217,99,False,0.4525456283404677,0.6665801251182668
10,AF4DRNWYQUORJOPAVYG7FNYK236A,124,99,False,0.48324797317249374,0.6931495146544432
10,AHMVNNNXFUDT7MLQ4F7HNC66LTDQ,121,99,False,0.4402783859691556,0.6557302497548816
10,AFXQNE3PUIC6FOZ7WFZZ757LE74Q,175,99,False,0.4491001776974572,0.6674104627585573
10,AFYYHK3HLOWUENSICGSRAAEW7P4A,116,99,False,0.44627970423772634,0.6652768533153858
10,AE5HNX5HIVHJH734GBQBRKUMGYTQ,238,99,False,0.4212979361151775,0.6379228518737733
10,AEC4YXC4GCBMXC2KGNFZ4EYPRT5A,131,99,False,0.46880373503953515,0.6801237899585897
10,AGVQDS3VL7L4TVNVITE7AJOANDTA,177,95,True,0.5119647313303467,0.720526617683557
10,AGGPU5K56BKAGOFDVYZ7MZT5CCLQ,177,99,False,0.4423106895762574,0.6558673340176608
10,AGE75E7SSHUQMNWXOCMOELFIFO3Q,101,99,False,0.42155179737061327,0.6458978344248998
10,AGXBLKRDWSQC22LUPEBX5SIOQVWA,112,99,False,0.4601039164696542,0.6750644274299029
10,AFLSHORZNVM6GIFFISRTSRNYTOMA,413,99,False,0.43473217231784506,0.6473755758986852
10,AHG5KKQMMZJA46LDH73IZ4QUHYXA,114,99,False,0.4480465557299623,0.6570103570999601
10,AEK3Q3YE25YBBW4NBUGXY3LP3JEA,115,99,False,0.47384520711720485,0.6831054635716959
10,AFVTHPT46GLPZLSL64FJFXT2535A,105,83,True,0.524017720972878,0.7468727537355448
10,AGVBR47VU2BE4EVWFAXOO26SOWSA,207,90,True,0.49197543573119723,0.7097439158988423
10,AH7RZZ47LJVL4ASHAYKVR5DZCTGQ,215,99,False,0.44757303373562063,0.6628709854230762
10,AE7QX327FYG2YS4OL27GBQABRRDQ,404,98,True,0.4599327023175493,0.6716611574156446
10,AGFEBWDIGOPA2I5RFLYVRSTBXG7Q,235,99,False,0.452338275472535,0.6711565746895231
10,AHDNIUCTSZAY4XEMCN3QKD6NHY4Q,214,93,True,0.5132897492466018,0.7181239293042762
10,AETFLSAWXIVQSX4A7T52JGEH5Q2Q,104,99,False,0.4303968108470176,0.6518001846970936
10,AF4E3NZ5US36XUBBPFET6A66OG3A,141,95,True,0.5090537726350147,0.7122679198717814
10,AHQMCHVUHJFWMNDCPM5VNJRY7LDA,167,99,False,0.4498813194236287,0.6616403416705906
10,AGUQ2BPQ2A4H2QKDVJWK6X6MVBLA,152,99,False,0.47023817247570565,0.6752739765169836
10,AFVP6OSQJHBZCGMJFIRKZANPJ6EQ,136,99,False,0.44481590878559174,0.6620180412407127
10,AGKEOE2JIWVWT6UZEVBCKLACJSYA,106,97,True,0.44877240235346966,0.6662017028620644
10,AHBXTSYI3ZKDKTL7IRBFGNSNR5YQ,473,98,True,0.4612987669627162,0.6866683354758221
10,AFR6N2JHAAWJLI5EJFQDENFMVVAQ,356,99,False,0.4371513573569171,0.6585294210920839
10,AEC2DODDROD5WJYCPVYLTZSQY5HA,105,99,False,0.45655839972739,0.6723921647036898
10,AH3SKZJFV5YLTSKRJLMWP5BVEKNA,246,90,True,0.5557889983126819,0.7555501582947246
10,AGPM5O2RFTK3SWT5WTNXPVF62WJQ,129,99,False,0.41537527488195736,0.6331717370662564
10,AHRXKSDZJOYVZC4CXU75S5TKFOWQ,123,99,False,0.4598890779145907,0.6731732808167876
10,AEOSCZNS3P5OOCDISARS5TVRFVYA,101,99,False,0.45351054008022135,0.667873082439303
10,AEH6WQXNWZQA3ZL4T4LMXZ4OGW4A,140,99,False,0.44075568814705945,0.6608705658532652
10,AFDM5JSC54MIFFQ36LONQJMWI3XQ,113,99,False,0.4253765690871923,0.640658987467738
10,AHESUURQOOLW6WCO5JVH34XXQ4VQ,141,93,True,0.4722109845450555,0.6877662131981074
10,AHC4UURWTZDM66EK3QASG2PNSFPQ,228,99,False,0.4578202809753827,0.6711137735341618
10,AEAYK5TRLFC5J5MMW2VZ5UOVYJUA,346,99,False,0.4464138504101101,0.6633176025829124
10,AH4FRDTACKPAOGZSRJWE5O7BSA3Q,147,99,False,0.4631597735670536,0.6788540788606345
10,AGFVNGZJ4XEFX2ULJNDCWJYRHQVA,212,98,True,0.4788850227239714,0.6924933397135912
10,AF35KUQK45LLCSVCNP7SWL7THESA,109,73,True,0.5461489575020756,0.7731984026047769
10,AGTPYYIF2KZYACAGPMFRIBTACMSQ,100,99,False,0.44897886733639764,0.6601419029620479
10,AERA2QF2GEAJIAHJVKPK5DQHB7AA,104,89,True,0.500018301909569,0.7212577222528783
10,AHFT6NAJRZVRAUKTORFBSQNEVZ7A,109,99,False,0.45300923935386667,0.672650150771329
10,AG2VTFCAKUE6KZH72G523COQVUOA,186,92,True,0.4806248235018042,0.6952440810995676
10,AGOTQJS3QBTH2PNPRLVQSQ4ZVPSA,297,98,True,0.4661765412127728,0.6792062604102538
10,AE4YA7ZSIYTFM2JSMNXZMBJ4A2VA,187,99,False,0.425687058100008,0.6472038564367545
10,AEN6VLVSAZEINQOVKNFAL6IG65OA,112,92,True,0.5294337944682433,0.7423433243630606
20,AHY6GBYQX3XLNDQN6X2FOV3UGKVA,109,98,True,0.44873029158485594,0.6665301318148756
20,AG5LC5HSFYGJSK3AQGHEFHKX6ZWQ,2739,91,True,0.5461090216829965,0.7583429697120441
20,AGTGHYRTZXKX4AIL42A3FKWR7SOQ,358,98,True,0.5038720176330441,0.7135143811959116
20,AHIS5MNAQJU5EVZAMG4FG7DEFJVQ,123,99,False,0.44359144657370553,0.662844195307001
20,AHOHXQZCEU3KDM3TPKZRNCJ3ITVA_2_1,1024,99,False,0.44166184647550927,0.6639345646549485
20,AELBFSL7STN2GUP3BAWKSOXJWYUQ,108,53,True,0.6001198814918703,0.8506740314889008
20,AGKYAPJAIV6AKVK7MUVYNQB2RRNA,1039,95,True,0.47456442153748096,0.6848739958131904
20,AFK5U2KC2ZRRBIUBHW4E3YO3F33Q,102,99,False,0.426557302491136,0.6438072290520888
20,AELZDJ42ZTKWK3733KORAERLI2CQ,277,99,False,0.46436167663998923,0.6772452083604015
20,AHTPJH2GRKY3ATUF377HTJLNGI7A,112,99,False,0.4823169739801667,0.696216514170627
20,AHAVVDFUPNWTGLACNX7FXDKNSAKQ,130,96,True,0.42910045912701983,0.6556029948629569
20,AFWX42STP4GA3B3ORU66C65YZJ7A,135,99,False,0.45662720473940277,0.6670399316133744
20,AGEBWT6LTQS44RBUSRT5YWGNABGQ,100,99,False,0.4882562178026245,0.6954710783516198
20,AFWICO7S6CSLJETX6O4DTDQIWUGQ,111,99,False,0.42748111291172547,0.648184184890488
20,AGMUZHMOOWUY5UEIOBDMCOFVEVWA,126,99,False,0.4515180152431074,0.6683729892188641
20,AEVVEYZF4MQDPC2BY2HBBNGZRYHA,382,93,True,0.5450547851653913,0.7442508852901005
20,AF6M3QM4HCJWGINCDUKAAH5IQ5XQ,104,70,True,0.6252811666515915,0.8224887768127612
20,AHXEK642UJNWCB3LIGZZAKTONXQQ,130,99,False,0.4249665036763912,0.6400213138158675
20,AGKCPEL4BVM2GGWLPE6I7NQRGCVQ,117,99,False,0.46870967509670886,0.6788826210187473
20,AH2SMIKK7I7T5U4AVBUQBIWP5V3Q,571,99,False,0.4669220854084212,0.6796074398109904
20,AGNG4NHSBORIRTXIYJTSXQ4WE75A,149,99,False,0.46781978299659516,0.6812344522783088
20,AGSPAJOHXDUYYHNJMRB2CTU7LBAQ,332,99,False,0.4351557590535456,0.6473419343519888
20,AEEYDDE6RPPR5KIY2U2ZJBC5NS4A,230,99,False,0.4689898108355618,0.6774229364266019
20,AHSCNOTMQI2WQ4YUTXSOBJ3OFG7Q,348,91,True,0.45947154925708994,0.674691158158374
20,AHEE76NDKZZRDPTCUKAVHI4OF6ZA,128,93,True,0.45126658994907953,0.6673257551617522
20,AGYGB42MVBQ4X2XNEX45VHJD7GOA,159,99,False,0.4660915282965331,0.6814971027343156
20,AFMTB6XAI3YBCJVTOGKOFJU3LUOQ,565,95,True,0.5271967924731922,0.7352949134678916
20,AHE2JHVJEQAFTJVE5RWEYBYJQUBQ,107,99,False,0.45921873362534527,0.665481065453496
20,AF6UTAVRR3K743WXQGBER7HSAAPQ,228,99,False,0.4500325922918135,0.6643241638052274
20,AESXPFPYKPBWD4SLCAZRXX22GEZA,103,97,True,0.44632241920704013,0.6569590111027929
20,AEJY24XTMIMXD5G7KDKFUTUJSGYQ,104,98,True,0.4633704518139689,0.6744851410248176
20,AHGDVTFSAAIENYAIAZWJG427I3EA,838,99,False,0.45693570259251387,0.6684949389168303
20,AEXP2IBYPZQKMOVKNYX53XVBX5BA,1095,99,False,0.42811685462366533,0.6468398485333381
20,AFJQ4OBA4ZV7PHBJQNERUVN7UZOA,235,99,False,0.45655520191962695,0.6636224871389759
20,AF6BAP7PONMFFA5LTZZY7SN6ANDA,903,99,False,0.4016733569712513,0.6175496879919281
20,AF53ZKFWQ3BC2EXJ6FP5WIIN2MCA,116,99,False,0.4595521833969755,0.6681304390092703
20,AF6R73E4HU27CLJXSTF6BBCEENRA,102,99,False,0.4380945621428177,0.6527795648215203
20,AGH3O5QKKBVBNPHPAP6DQ63HBYKQ,122,99,False,0.4358212157205665,0.6582398570693108
20,AEEX3WVJK5TGMRJ43V7IOI63JOFA,134,99,False,0.4702818351569966,0.6847510418419435
20,AESVJJ7VSHXGXUARIQSRC5UM3XVA,138,92,True,0.47561591295979205,0.6927994111947312
20,AFFDJZ6EHOAFLE7WS4GZMLMIWMRA,243,99,False,0.4323477611947116,0.6496773570858045
20,AFRANYYHRL3ZMJ4F5GAGDECQ5GNQ,164,69,True,0.593330880079611,0.8087047848578348
20,AH736FR3FOS2Y64G5QQQ6JPPKAUA,177,99,False,0.4104522103864617,0.6255321912565692
20,AGH2BA6TQ43WVJL2HXW53TOBIWPA,434,99,False,0.4031525852622953,0.6209374596909653
20,AGU7C7CZA56W7C3PML6C6TD2SRFA,145,99,False,0.4530118595816453,0.6669821898376235
20,AE4PDGC7A45A4KDP6EMY47BGECNA,147,99,False,0.431699738985832,0.6501984771832856
20,AGXO3CPYK7TUTKH4BTVJD2DX43HQ,218,79,True,0.5155739834946628,0.741975830367861
20,AHWLCORU3EXTEQERFU5MOBF63CTA,102,99,False,0.44345634510922693,0.6606049283193567
20,AERLC2UDULN7N5FQATSWDM2U4JTA,104,99,False,0.43162375052474666,0.6465004829767973
20,AGLNOSRFRMEFOJA5DIGMB2PTCOUQ,161,99,False,0.47524158905377906,0.6853756375514808
20,AHAVFW4GL3ZT2A6PDDDJSJJ5GY5A,129,99,False,0.4473218199588449,0.6602937156180037
20,AFBOBB3SZOCXMTKKE23BWHDCJCGQ,111,99,False,0.4491865226304103,0.6607772556142115
20,AHKIOQRM2H4FEMS5PI7J5RMPJKQA,217,99,False,0.45282026297086836,0.6668538658551731
20,AF4DRNWYQUORJOPAVYG7FNYK236A,124,99,False,0.4834313197698634,0.6932883285120179
20,AHMVNNNXFUDT7MLQ4F7HNC66LTDQ,121,99,False,0.4402247950979123,0.6556796228140521
20,AFXQNE3PUIC6FOZ7WFZZ757LE74Q,175,99,False,0.4487606019294068,0.6671048450081821
20,AFYYHK3HLOWUENSICGSRAAEW7P4A,116,99,False,0.4459548132668398,0.66491842150452
20,AE5HNX5HIVHJH734GBQBRKUMGYTQ,238,99,False,0.42173194142647874,0.6382975418573129
20,AEC4YXC4GCBMXC2KGNFZ4EYPRT5A,131,99,False,0.4689101547922931,0.6802498177781874
20,AGVQDS3VL7L4TVNVITE7AJOANDTA,177,95,True,0.5119647313303467,0.7205266176835573
20,AGGPU5K56BKAGOFDVYZ7MZT5CCLQ,177,99,False,0.4428676895324301,0.6563428566241448
20,AGE75E7SSHUQMNWXOCMOELFIFO3Q,101,99,False,0.4217150808921748,0.6459617300769576
20,AGXBLKRDWSQC22LUPEBX5SIOQVWA,112,99,False,0.46011538432264504,0.6749849905627032
20,AFLSHORZNVM6GIFFISRTSRNYTOMA,413,99,False,0.4348374889910474,0.6474331834390661
20,AHG5KKQMMZJA46LDH73IZ4QUHYXA,114,99,False,0.448387377650053,0.6574389187888585
20,AEK3Q3YE25YBBW4NBUGXY3LP3JEA,115,99,False,0.47424647216460986,0.6835197558528963
20,AFVTHPT46GLPZLSL64FJFXT2535A,105,83,True,0.5241229050447891,0.7470130689096712
20,AGVBR47VU2BE4EVWFAXOO26SOWSA,207,90,True,0.49226808479330914,0.7100421373529958
20,AH7RZZ47LJVL4ASHAYKVR5DZCTGQ,215,99,False,0.44757303373562074,0.6628709854230763
20,AE7QX327FYG2YS4OL27GBQABRRDQ,404,98,True,0.45999971466946465,0.6716612874250839
20,AGFEBWDIGOPA2I5RFLYVRSTBXG7Q,235,99,False,0.45244467569798846,0.6711735108120321
20,AHDNIUCTSZAY4XEMCN3QKD6NHY4Q,214,93,True,0.5136166527786438,0.7184736719398223
20,AETFLSAWXIVQSX4A7T52JGEH5Q2Q,104,99,False,0.4306565526518421,0.6521040009882453
20,AF4E3NZ5US36XUBBPFET6A66OG3A,141,95,True,0.5090537726350148,0.7122679198717815
20,AHQMCHVUHJFWMNDCPM5VNJRY7LDA,167,99,False,0.45015045168765766,0.661879078014339
20,AGUQ2BPQ2A4H2QKDVJWK6X6MVBLA,152,99,False,0.4704275103410491,0.6753502569249002
20,AFVP6OSQJHBZCGMJFIRKZANPJ6EQ,136,99,False,0.4450149051461376,0.6622990056361832
20,AGKEOE2JIWVWT6UZEVBCKLACJSYA,106,97,True,0.4495014034535088,0.6670597432716318
20,AHBXTSYI3ZKDKTL7IRBFGNSNR5YQ,473,98,True,0.46116457752232254,0.6864175635981836
20,AFR6N2JHAAWJLI5EJFQDENFMVVAQ,356,99,False,0.437315302160422,0.658791036089547
20,AEC2DODDROD5WJYCPVYLTZSQY5HA,105,99,False,0.4567261463470962,0.672596378612342
20,AH3SKZJFV5YLTSKRJLMWP5BVEKNA,246,90,True,0.5562411493478615,0.7559379180028282
20,AGPM5O2RFTK3SWT5WTNXPVF62WJQ,129,99,False,0.4156222842887966,0.6332707237088415
20,AHRXKSDZJOYVZC4CXU75S5TKFOWQ,123,99,False,0.45996887707985884,0.6731501436847261
20,AEOSCZNS3P5OOCDISARS5TVRFVYA,101,99,False,0.453649133353497,0.6680244274565189
20,AEH6WQXNWZQA3ZL4T4LMXZ4OGW4A,140,99,False,0.4406791363265729,0.6608001272046443
20,AFDM5JSC54MIFFQ36LONQJMWI3XQ,113,99,False,0.4256328614081377,0.640823522569347
20,AHESUURQOOLW6WCO5JVH34XXQ4VQ,141,93,True,0.47271633932823487,0.6881141380032425
20,AHC4UURWTZDM66EK3QASG2PNSFPQ,228,99,False,0.45790804274126856,0.6711674372319595
20,AEAYK5TRLFC5J5MMW2VZ5UOVYJUA,346,99,False,0.4465288411595762,0.663388023997756
20,AH4FRDTACKPAOGZSRJWE5O7BSA3Q,147,99,False,0.463244731829032,0.6786254269849152
20,AGFVNGZJ4XEFX2ULJNDCWJYRHQVA,212,98,True,0.47898891764994506,0.6926116048194209
20,AF35KUQK45LLCSVCNP7SWL7THESA,109,73,True,0.5459550615182314,0.7729126599218329
20,AGTPYYIF2KZYACAGPMFRIBTACMSQ,100,99,False,0.4491310016307415,0.660173651940896
20,AERA2QF2GEAJIAHJVKPK5DQHB7AA,104,89,True,0.5000183019095691,0.7212577222528784
20,AHFT6NAJRZVRAUKTORFBSQNEVZ7A,109,99,False,0.453417132449602,0.6732253906075211
20,AG2VTFCAKUE6KZH72G523COQVUOA,186,92,True,0.48062948146337564,0.6951932309074059
20,AGOTQJS3QBTH2PNPRLVQSQ4ZVPSA,297,98,True,0.46640762221799814,0.6794906803417036
20,AE4YA7ZSIYTFM2JSMNXZMBJ4A2VA,187,99,False,0.42590110955266675,0.6473055620384459
20,AEN6VLVSAZEINQOVKNFAL6IG65OA,112,92,True,0.5295781506733831,0.7424245658181985
50,AHY6GBYQX3XLNDQN6X2FOV3UGKVA,109,98,True,0.44948696859125253,0.6671308180985507
50,AG5LC5HSFYGJSK3AQGHEFHKX6ZWQ,2739,91,True,0.5460407470641612,0.7581664243497457
50,AGTGHYRTZXKX4AIL42A3FKWR7SOQ,358,98,True,0.5045078393663792,0.7139770419175904
50,AHIS5MNAQJU5EVZAMG4FG7DEFJVQ,123,99,False,0.44418807008993944,0.6632023339146761
50,AHOHXQZCEU3KDM3TPKZRNCJ3ITVA_2_1,1024,99,False,0.44202285446829065,0.6643312898865866
50,AELBFSL7STN2GUP3BAWKSOXJWYUQ,108,53,True,0.6003364887331892,0.8505564319187565
50,AGKYAPJAIV6AKVK7MUVYNQB2RRNA,1039,95,True,0.4749893500846413,0.685299413512025
50,AFK5U2KC2ZRRBIUBHW4E3YO3F33Q,102,99,False,0.4269237947529638,0.6441745082828945
50,AELZDJ42ZTKWK3733KORAERLI2CQ,277,99,False,0.4645679977462263,0.6774639666555687
50,AHTPJH2GRKY3ATUF377HTJLNGI7A,112,99,False,0.48246465504584174,0.6962386128077425
50,AHAVVDFUPNWTGLACNX7FXDKNSAKQ,130,96,True,0.4299130325475579,0.6564400970161276
50,AFWX42STP4GA3B3ORU66C65YZJ7A,135,99,False,0.4570414948881247,0.667400317966393
50,AGEBWT6LTQS44RBUSRT5YWGNABGQ,100,99,False,0.4886029528128082,0.6957255405642467
50,AFWICO7S6CSLJETX6O4DTDQIWUGQ,111,99,False,0.4281900121815116,0.649006760538898
50,AGMUZHMOOWUY5UEIOBDMCOFVEVWA,126,99,False,0.4517652101988891,0.6687165752829777
50,AEVVEYZF4MQDPC2BY2HBBNGZRYHA,382,93,True,0.5455691793992976,0.7448883858260957
50,AF6M3QM4HCJWGINCDUKAAH5IQ5XQ,104,70,True,0.6247548400114536,0.8222379637829378
50,AHXEK642UJNWCB3LIGZZAKTONXQQ,130,99,False,0.4253957006851823,0.6403854777732091
50,AGKCPEL4BVM2GGWLPE6I7NQRGCVQ,117,99,False,0.46905239262550547,0.6792702902348342
50,AH2SMIKK7I7T5U4AVBUQBIWP5V3Q,571,99,False,0.46761348867785313,0.680209877791054
50,AGNG4NHSBORIRTXIYJTSXQ4WE75A,149,99,False,0.4681085072850541,0.6815442746201733
50,AGSPAJOHXDUYYHNJMRB2CTU7LBAQ,332,99,False,0.43527305623517776,0.6474478759991947
50,AEEYDDE6RPPR5KIY2U2ZJBC5NS4A,230,99,False,0.4697018335681588,0.6781001078651944
50,AHSCNOTMQI2WQ4YUTXSOBJ3OFG7Q,348,91,True,0.45983098706160347,0.6747632966112848
50,AHEE76NDKZZRDPTCUKAVHI4OF6ZA,128,93,True,0.45202673813685873,0.6678711285275817
50,AGYGB42MVBQ4X2XNEX45VHJD7GOA,159,99,False,0.4665160360686864,0.6816119074455416
50,AFMTB6XAI3YBCJVTOGKOFJU3LUOQ,565,95,True,0.5280769829345601,0.7359334536369476
50,AHE2JHVJEQAFTJVE5RWEYBYJQUBQ,107,99,False,0.45938266946214723,0.6655282599758042
50,AF6UTAVRR3K743WXQGBER7HSAAPQ,228,99,False,0.4502713272946787,0.6645632049484042
50,AESXPFPYKPBWD4SLCAZRXX22GEZA,103,97,True,0.44678629241855655,0.6572327438028454
50,AEJY24XTMIMXD5G7KDKFUTUJSGYQ,104,98,True,0.4635272241126128,0.6746851393377705
50,AHGDVTFSAAIENYAIAZWJG427I3EA,838,99,False,0.45725602459247167,0.6688388089891637
50,AEXP2IBYPZQKMOVKNYX53XVBX5BA,1095,99,False,0.4290455299822892,0.6474517523369072
50,AFJQ4OBA4ZV7PHBJQNERUVN7UZOA,235,99,False,0.4569939333047221,0.6641278796184805
50,AF6BAP7PONMFFA5LTZZY7SN6ANDA,903,99,False,0.40236849403165276,0.6181731220606624
50,AF53ZKFWQ3BC2EXJ6FP5WIIN2MCA,116,99,False,0.4599114163584351,0.6682862850633892
50,AF6R73E4HU27CLJXSTF6BBCEENRA,102,99,False,0.4382137100417545,0.652871529738134
50,AGH3O5QKKBVBNPHPAP6DQ63HBYKQ,122,99,False,0.4365463455161985,0.658901836751541
50,AEEX3WVJK5TGMRJ43V7IOI63JOFA,134,99,False,0.4706330382977526,0.6850846716153232
50,AESVJJ7VSHXGXUARIQSRC5UM3XVA,138,92,True,0.47625498766197927,0.6933681990487642
50,AFFDJZ6EHOAFLE7WS4GZMLMIWMRA,243,99,False,0.4335936130468421,0.6510438458002408
50,AFRANYYHRL3ZMJ4F5GAGDECQ5GNQ,164,69,True,0.592912141947652,0.8085029051759945
50,AH736FR3FOS2Y64G5QQQ6JPPKAUA,177,99,False,0.4114310622468892,0.6266253139133076
50,AGH2BA6TQ43WVJL2HXW53TOBIWPA,434,99,False,0.40363622996294646,0.6213904707989089
50,AGU7C7CZA56W7C3PML6C6TD2SRFA,145,99,False,0.45267057819723483,0.6668795588597236
50,AE4PDGC7A45A4KDP6EMY47BGECNA,147,99,False,0.4319931832689751,0.650479651680171
50,AGXO3CPYK7TUTKH4BTVJD2DX43HQ,218,79,True,0.5156603056921291,0.7419991074921284
50,AHWLCORU3EXTEQERFU5MOBF63CTA,102,99,False,0.4437789060929274,0.6608391974795227
50,AERLC2UDULN7N5FQATSWDM2U4JTA,104,99,False,0.43199904051662313,0.6468046556730422
50,AGLNOSRFRMEFOJA5DIGMB2PTCOUQ,161,99,False,0.47589377051888326,0.6862332795788905
50,AHAVFW4GL3ZT2A6PDDDJSJJ5GY5A,129,99,False,0.44739640109561746,0.6604091561716253
50,AFBOBB3SZOCXMTKKE23BWHDCJCGQ,111,99,False,0.4495646756726273,0.6611789975866025
50,AHKIOQRM2H4FEMS5PI7J5RMPJKQA,217,99,False,0.453266471694047,0.6672285717427957
50,AF4DRNWYQUORJOPAVYG7FNYK236A,124,99,False,0.4834330508525976,0.6932566227488144
50,AHMVNNNXFUDT7MLQ4F7HNC66LTDQ,121,99,False,0.44047973584800676,0.6559068089966018
50,AFXQNE3PUIC6FOZ7WFZZ757LE74Q,175,99,False,0.4485204466877948,0.6668560954495415
50,AFYYHK3HLOWUENSICGSRAAEW7P4A,116,99,False,0.4458607969222382,0.6646985254498562
50,AE5HNX5HIVHJH734GBQBRKUMGYTQ,238,99,False,0.4224300087919946,0.6390450814828851
50,AEC4YXC4GCBMXC2KGNFZ4EYPRT5A,131,99,False,0.46978567631969553,0.6805337419240626
50,AGVQDS3VL7L4TVNVITE7AJOANDTA,177,95,True,0.5124647613510712,0.7208670612793464
50,AGGPU5K56BKAGOFDVYZ7MZT5CCLQ,177,99,False,0.4433809259367906,0.6566139229057315
50,AGE75E7SSHUQMNWXOCMOELFIFO3Q,101,99,False,0.42319969499765003,0.6476909032226656
50,AGXBLKRDWSQC22LUPEBX5SIOQVWA,112,99,False,0.4603461788134379,0.67514379940077
50,AFLSHORZNVM6GIFFISRTSRNYTOMA,413,99,False,0.4351947285208607,0.6475265712685071
50,AHG5KKQMMZJA46LDH73IZ4QUHYXA,114,99,False,0.4491972726901018,0.6583514357634528
50,AEK3Q3YE25YBBW4NBUGXY3LP3JEA,115,99,False,0.4754205827819584,0.684780630884667
50,AFVTHPT46GLPZLSL64FJFXT2535A,105,83,True,0.5248539314819769,0.7475810627065319
50,AGVBR47VU2BE4EVWFAXOO26SOWSA,207,90,True,0.4922065779208538,0.7100737595037541
50,AH7RZZ47LJVL4ASHAYKVR5DZCTGQ,215,99,False,0.44804708175300006,0.6631999096900514
50,AE7QX327FYG2YS4OL27GBQABRRDQ,404,98,True,0.46032392537435374,0.6719384487325718
50,AGFEBWDIGOPA2I5RFLYVRSTBXG7Q,235,99,False,0.45282166410934604,0.6713527506859173
50,AHDNIUCTSZAY4XEMCN3QKD6NHY4Q,214,93,True,0.5138553811762033,0.7186580370277988
50,AETFLSAWXIVQSX4A7T52JGEH5Q2Q,104,99,False,0.43114659931365173,0.6526622529791107
50,AF4E3NZ5US36XUBBPFET6A66OG3A,141,95,True,0.5091667676825209,0.7122683502462559
50,AHQMCHVUHJFWMNDCPM5VNJRY7LDA,167,99,False,0.4510181310432451,0.6626874683633927
50,AGUQ2BPQ2A4H2QKDVJWK6X6MVBLA,152,99,False,0.47081976320594504,0.6756278574516554
50,AFVP6OSQJHBZCGMJFIRKZANPJ6EQ,136,99,False,0.4451879886809445,0.6624859135733948
50,AGKEOE2JIWVWT6UZEVBCKLACJSYA,106,97,True,0.4502654272013795,0.6676662533855996
50,AHBXTSYI3ZKDKTL7IRBFGNSNR5YQ,473,98,True,0.4608833097819613,0.685994107885597
50,AFR6N2JHAAWJLI5EJFQDENFMVVAQ,356,99,False,0.4375896279656319,0.6591687294303136
50,AEC2DODDROD5WJYCPVYLTZSQY5HA,105,99,False,0.4563554097898158,0.6724023703862653
50,AH3SKZJFV5YLTSKRJLMWP5BVEKNA,246,90,True,0.5564119766843117,0.7561160268553867
50,AGPM5O2RFTK3SWT5WTNXPVF62WJQ,129,99,False,0.4158002653527036,0.6335315137976016
50,AHRXKSDZJOYVZC4CXU75S5TKFOWQ,123,99,False,0.46107791023656475,0.6738921247806026
50,AEOSCZNS3P5OOCDISARS5TVRFVYA,101,99,False,0.45400321592849585,0.6681344642913156
50,AEH6WQXNWZQA3ZL4T4LMXZ4OGW4A,140,99,False,0.44103766137058864,0.6612457149713572
50,AFDM5JSC54MIFFQ36LONQJMWI3XQ,113,99,False,0.42626461751953215,0.6413785314497361
50,AHESUURQOOLW6WCO5JVH34XXQ4VQ,141,93,True,0.47304258968757307,0.6882878145791523
50,AHC4UURWTZDM66EK3QASG2PNSFPQ,228,99,False,0.45792994448788976,0.671189603749137
50,AEAYK5TRLFC5J5MMW2VZ5UOVYJUA,346,99,False,0.447158697710852,0.664113961908634
50,AH4FRDTACKPAOGZSRJWE5O7BSA3Q,147,99,False,0.4635009957266757,0.6785734168592388
50,AGFVNGZJ4XEFX2ULJNDCWJYRHQVA,212,98,True,0.4792286217398403,0.6928421856854703
50,AF35KUQK45LLCSVCNP7SWL7THESA,109,73,True,0.5458269817396195,0.7727189007086501
50,AGTPYYIF2KZYACAGPMFRIBTACMSQ,100,99,False,0.44973707426590703,0.6605997764125237
50,AERA2QF2GEAJIAHJVKPK5DQHB7AA,104,89,True,0.5004804005617958,0.721491883907926
50,AHFT6NAJRZVRAUKTORFBSQNEVZ7A,109,99,False,0.4532685178969909,0.6727577246787022
50,AG2VTFCAKUE6KZH72G523COQVUOA,186,92,True,0.4805609859805283,0.6950266735270485
50,AGOTQJS3QBTH2PNPRLVQSQ4ZVPSA,297,98,True,0.4671557260384438,0.6799516800345861
50,AE4YA7ZSIYTFM2JSMNXZMBJ4A2VA,187,99,False,0.42639578969484443,0.6475265752141098
50,AEN6VLVSAZEINQOVKNFAL6IG65OA,112,92,True,0.5298596668259202,0.7425430535266863
100,AHY6GBYQX3XLNDQN6X2FOV3UGKVA,109,98,True,0.4505839178114807,0.6684335581625647
100,AG5LC5HSFYGJSK3AQGHEFHKX6ZWQ,2739,91,True,0.5461517751029171,0.7580346287337005
100,AGTGHYRTZXKX4AIL42A3FKWR7SOQ,358,98,True,0.5055683473015778,0.7147743244136938
100,AHIS5MNAQJU5EVZAMG4FG7DEFJVQ,123,99,False,0.4447879991714199,0.6637689121918677
100,AHOHXQZCEU3KDM3TPKZRNCJ3ITVA_2_1,1024,99,False,0.44323284843699934,0.6656325772245921
100,AELBFSL7STN2GUP3BAWKSOXJWYUQ,108,53,True,0.6015369321254332,0.8509440158462128
100,AGKYAPJAIV6AKVK7MUVYNQB2RRNA,1039,95,True,0.47611618885334833,0.6864696861671244
100,AFK5U2KC2ZRRBIUBHW4E3YO3F33Q,102,99,False,0.4275368136750136,0.6445496740442965
100,AELZDJ42ZTKWK3733KORAERLI2CQ,277,99,False,0.46525880746259324,0.6781439760523191
100,AHTPJH2GRKY3ATUF377HTJLNGI7A,112,99,False,0.48310538795061403,0.696803840017371
100,AHAVVDFUPNWTGLACNX7FXDKNSAKQ,130,96,True,0.43070476718633,0.6572678273251468
100,AFWX42STP4GA3B3ORU66C65YZJ7A,135,99,False,0.4576214244577711,0.6678535577168552
100,AGEBWT6LTQS44RBUSRT5YWGNABGQ,100,99,False,0.4891867116595226,0.6960827296524885
100,AFWICO7S6CSLJETX6O4DTDQIWUGQ,111,99,False,0.42884657692901,0.6497713705526147
100,AGMUZHMOOWUY5UEIOBDMCOFVEVWA,126,99,False,0.45200007825530436,0.6689593586728338
100,AEVVEYZF4MQDPC2BY2HBBNGZRYHA,382,93,True,0.5463831457543589,0.7458607411847643
100,AF6M3QM4HCJWGINCDUKAAH5IQ5XQ,104,70,True,0.6234781922901885,0.8215118693138574
100,AHXEK642UJNWCB3LIGZZAKTONXQQ,130,99,False,0.4261195341967476,0.6411139763755279
100,AGKCPEL4BVM2GGWLPE6I7NQRGCVQ,117,99,False,0.4693998192992196,0.6794493767420824
100,AH2SMIKK7I7T5U4AVBUQBIWP5V3Q,571,99,False,0.4683912683072018,0.6809950301782587
100,AGNG4NHSBORIRTXIYJTSXQ4WE75A,149,99,False,0.4686959864127429,0.6815912079217424
100,AGSPAJOHXDUYYHNJMRB2CTU7LBAQ,332,99,False,0.4357585475498059,0.6479350810490161
100,AEEYDDE6RPPR5KIY2U2ZJBC5NS4A,230,99,False,0.4701895179585767,0.6784627551745421
100,AHSCNOTMQI2WQ4YUTXSOBJ3OFG7Q,348,91,True,0.46046065191168917,0.675252067826633
100,AHEE76NDKZZRDPTCUKAVHI4OF6ZA,128,93,True,0.45307833696904687,0.6688205271621442
100,AGYGB42MVBQ4X2XNEX45VHJD7GOA,159,99,False,0.4669937008162976,0.6820706699731984
100,AFMTB6XAI3YBCJVTOGKOFJU3LUOQ,565,95,True,0.528434502854518,0.7361917270651674
100,AHE2JHVJEQAFTJVE5RWEYBYJQUBQ,107,99,False,0.460239114575781,0.6663034872006597
100,AF6UTAVRR3K743WXQGBER7HSAAPQ,228,99,False,0.4505044273745539,0.6647354690217477
100,AESXPFPYKPBWD4SLCAZRXX22GEZA,103,97,True,0.447631508044106,0.6580742033312504
100,AEJY24XTMIMXD5G7KDKFUTUJSGYQ,104,98,True,0.46454007177660894,0.6756509385249078
100,AHGDVTFSAAIENYAIAZWJG427I3EA,838,99,False,0.45811707864548273,0.6697654208014235
100,AEXP2IBYPZQKMOVKNYX53XVBX5BA,1095,99,False,0.4305334071471234,0.6482000776753576
100,AFJQ4OBA4ZV7PHBJQNERUVN7UZOA,235,99,False,0.457929414135662,0.6650448235790227
100,AF6BAP7PONMFFA5LTZZY7SN6ANDA,903,99,False,0.40306874090404765,0.6186880563142931
100,AF53ZKFWQ3BC2EXJ6FP5WIIN2MCA,116,99,False,0.46104347567451476,0.6694283944257059
100,AF6R73E4HU27CLJXSTF6BBCEENRA,102,99,False,0.43834413685261137,0.6529297116140423
100,AGH3O5QKKBVBNPHPAP6DQ63HBYKQ,122,99,False,0.43723495721899414,0.6593499421385729
100,AEEX3WVJK5TGMRJ43V7IOI63JOFA,134,99,False,0.47126316152733894,0.685795651924535
100,AESVJJ7VSHXGXUARIQSRC5UM3XVA,138,92,True,0.47669087676356414,0.6935492113763724
100,AFFDJZ6EHOAFLE7WS4GZMLMIWMRA,243,99,False,0.4345962870751116,0.6520790760169043
100,AFRANYYHRL3ZMJ4F5GAGDECQ5GNQ,164,69,True,0.5932384298488248,0.8086804151898135
100,AH736FR3FOS2Y64G5QQQ6JPPKAUA,177,99,False,0.41213265363092394,0.6273595628964396
100,AGH2BA6TQ43WVJL2HXW53TOBIWPA,434,99,False,0.40440249516335647,0.6221953337725575
100,AGU7C7CZA56W7C3PML6C6TD2SRFA,145,99,False,0.45309081746544977,0.6676161038927837
100,AE4PDGC7A45A4KDP6EMY47BGECNA,147,99,False,0.43282993904647354,0.651212043499369
100,AGXO3CPYK7TUTKH4BTVJD2DX43HQ,218,79,True,0.5159298158898427,0.7423171321011376
100,AHWLCORU3EXTEQERFU5MOBF63CTA,102,99,False,0.4442559440050944,0.661225703130438
100,AERLC2UDULN7N5FQATSWDM2U4JTA,104,99,False,0.432128398117887,0.6466476017675281
100,AGLNOSRFRMEFOJA5DIGMB2PTCOUQ,161,99,False,0.47635449192301477,0.6866068815251298
100,AHAVFW4GL3ZT2A6PDDDJSJJ5GY5A,129,99,False,0.44808311161332315,0.6613255085157792
100,AFBOBB3SZOCXMTKKE23BWHDCJCGQ,111,99,False,0.45049665430369884,0.6621090694552545
100,AHKIOQRM2H4FEMS5PI7J5RMPJKQA,217,99,False,0.4536214491922239,0.6674840873730519
100,AF4DRNWYQUORJOPAVYG7FNYK236A,124,99,False,0.48378967978607434,0.6933880430464358
100,AHMVNNNXFUDT7MLQ4F7HNC66LTDQ,121,99,False,0.44146056943632217,0.6567461154281677
100,AFXQNE3PUIC6FOZ7WFZZ757LE74Q,175,99,False,0.44881909629191524,0.667235631524841
100,AFYYHK3HLOWUENSICGSRAAEW7P4A,116,99,False,0.446032964193735,0.6648943726184057
100,AE5HNX5HIVHJH734GBQBRKUMGYTQ,238,99,False,0.42330387566063143,0.6396780538648412
100,AEC4YXC4GCBMXC2KGNFZ4EYPRT5A,131,99,False,0.47061174170271697,0.6812427654182907
100,AGVQDS3VL7L4TVNVITE7AJOANDTA,177,95,True,0.51279716181859,0.7212462916773531
100,AGGPU5K56BKAGOFDVYZ7MZT5CCLQ,177,99,False,0.4441507584111194,0.6569804575988814
100,AGE75E7SSHUQMNWXOCMOELFIFO3Q,101,99,False,0.425486439998205,0.6498097812707696
100,AGXBLKRDWSQC22LUPEBX5SIOQVWA,112,99,False,0.46163600850727443,0.676214265498566
100,AFLSHORZNVM6GIFFISRTSRNYTOMA,413,99,False,0.4355143445474974,0.6474922730221081
100,AHG5KKQMMZJA46LDH73IZ4QUHYXA,114,99,False,0.45044196808522935,0.6597407099771182
100,AEK3Q3YE25YBBW4NBUGXY3LP3JEA,115,99,False,0.4760474805273663,0.6854595140867473
100,AFVTHPT46GLPZLSL64FJFXT2535A,105,83,True,0.5258276365529606,0.7486075348307836
100,AGVBR47VU2BE4EVWFAXOO26SOWSA,207,90,True,0.492527454624333,0.7105720677902487
100,AH7RZZ47LJVL4ASHAYKVR5DZCTGQ,215,99,False,0.4486228902977712,0.6637353207452135
100,AE7QX327FYG2YS4OL27GBQABRRDQ,404,98,True,0.46072449698295687,0.6722406269742436
100,AGFEBWDIGOPA2I5RFLYVRSTBXG7Q,235,99,False,0.45369208699512836,0.6717771996152464
100,AHDNIUCTSZAY4XEMCN3QKD6NHY4Q,214,93,True,0.5143329919513526,0.7190731074725778
100,AETFLSAWXIVQSX4A7T52JGEH5Q2Q,104,99,False,0.4315475416974162,0.6531624913394319
100,AF4E3NZ5US36XUBBPFET6A66OG3A,141,95,True,0.5095316029657547,0.7126023494678566
100,AHQMCHVUHJFWMNDCPM5VNJRY7LDA,167,99,False,0.45195952351546076,0.6637929239072351
100,AGUQ2BPQ2A4H2QKDVJWK6X6MVBLA,152,99,False,0.4710053459848309,0.6757631499519327
100,AFVP6OSQJHBZCGMJFIRKZANPJ6EQ,136,99,False,0.4463935837237276,0.6638305329265269
100,AGKEOE2JIWVWT6UZEVBCKLACJSYA,106,97,True,0.45150076903161385,0.6685966969080827
100,AHBXTSYI3ZKDKTL7IRBFGNSNR5YQ,473,98,True,0.46068869893794756,0.6856933688232927
100,AFR6N2JHAAWJLI5EJFQDENFMVVAQ,356,99,False,0.438447684781059,0.6599838526352647
100,AEC2DODDROD5WJYCPVYLTZSQY5HA,105,99,False,0.45650702983907615,0.6724924290606327
100,AH3SKZJFV5YLTSKRJLMWP5BVEKNA,246,90,True,0.5582789475294712,0.7581442739100566
100,AGPM5O2RFTK3SWT5WTNXPVF62WJQ,129,99,False,0.41634941496659655,0.6337642104954246
100,AHRXKSDZJOYVZC4CXU75S5TKFOWQ,123,99,False,0.4618816496618295,0.6748216803057326
100,AEOSCZNS3P5OOCDISARS5TVRFVYA,101,99,False,0.45430020258900305,0.6682226024430874
100,AEH6WQXNWZQA3ZL4T4LMXZ4OGW4A,140,99,False,0.4412307125702493,0.6614746502216707
100,AFDM5JSC54MIFFQ36LONQJMWI3XQ,113,99,False,0.42709235425443737,0.6421513523166418
100,AHESUURQOOLW6WCO5JVH34XXQ4VQ,141,93,True,0.4739058467788422,0.6891459507668567
100,AHC4UURWTZDM66EK3QASG2PNSFPQ,228,99,False,0.4582522583942185,0.6714634953445053
100,AEAYK5TRLFC5J5MMW2VZ5UOVYJUA,346,99,False,0.44834795075361705,0.6654197607773708
100,AH4FRDTACKPAOGZSRJWE5O7BSA3Q,147,99,False,0.46432597815283816,0.6794398497812335
100,AGFVNGZJ4XEFX2ULJNDCWJYRHQVA,212,98,True,0.4795524995056812,0.6931812521199106
100,AF35KUQK45LLCSVCNP7SWL7THESA,109,73,True,0.5462359945063316,0.7730372305616442
100,AGTPYYIF2KZYACAGPMFRIBTACMSQ,100,99,False,0.4504087521129565,0.6611688580611556
100,AERA2QF2GEAJIAHJVKPK5DQHB7AA,104,89,True,0.5009519387559095,0.7217648363550053
100,AHFT6NAJRZVRAUKTORFBSQNEVZ7A,109,99,False,0.4537463930702517,0.6734258231392565
100,AG2VTFCAKUE6KZH72G523COQVUOA,186,92,True,0.48066709184226536,0.6948856808174476
100,AGOTQJS3QBTH2PNPRLVQSQ4ZVPSA,297,98,True,0.46824939103187396,0.681317345974331
100,AE4YA7ZSIYTFM2JSMNXZMBJ4A2VA,187,99,False,0.426644255130469,0.647703430966495
100,AEN6VLVSAZEINQOVKNFAL6IG65OA,112,92,True,0.5300704378872837,0.7426281666473853
1000,AHY6GBYQX3XLNDQN6X2FOV3UGKVA,109,98,True,0.4609914693294002,0.678503917138151
1000,AG5LC5HSFYGJSK3AQGHEFHKX6ZWQ,2739,91,True,0.5507651193577648,0.7603604448109124
1000,AGTGHYRTZXKX4AIL42A3FKWR7SOQ,358,98,True,0.5113320505966681,0.7200264475665397
1000,AHIS5MNAQJU5EVZAMG4FG7DEFJVQ,123,99,False,0.45213539307458417,0.669562026042481
1000,AHOHXQZCEU3KDM3TPKZRNCJ3ITVA_2_1,1024,99,False,0.44979168793264396,0.6725844717611278
1000,AELBFSL7STN2GUP3BAWKSOXJWYUQ,108,53,True,0.609230426522684,0.8548689998712409
1000,AGKYAPJAIV6AKVK7MUVYNQB2RRNA,1039,95,True,0.4857768976536352,0.6954886383594722
1000,AFK5U2KC2ZRRBIUBHW4E3YO3F33Q,102,99,False,0.43804435116963997,0.6549446627814977
1000,AELZDJ42ZTKWK3733KORAERLI2CQ,277,99,False,0.4711150389447162,0.6836364772482665
1000,AHTPJH2GRKY3ATUF377HTJLNGI7A,112,99,False,0.4905189876150017,0.7030571832071746
1000,AHAVVDFUPNWTGLACNX7FXDKNSAKQ,130,96,True,0.4397540768683725,0.6649265961721871
1000,AFWX42STP4GA3B3ORU66C65YZJ7A,135,99,False,0.4647259469195043,0.6745632638458022
1000,AGEBWT6LTQS44RBUSRT5YWGNABGQ,100,99,False,0.4979483785694792,0.7035571396035416
1000,AFWICO7S6CSLJETX6O4DTDQIWUGQ,111,99,False,0.4337731147298151,0.6536418368217805
1000,AGMUZHMOOWUY5UEIOBDMCOFVEVWA,126,99,False,0.45821349638791975,0.6749868365923463
1000,AEVVEYZF4MQDPC2BY2HBBNGZRYHA,382,93,True,0.5518165206442602,0.7515512016734855
1000,AF6M3QM4HCJWGINCDUKAAH5IQ5XQ,104,70,True,0.6203318429193762,0.8205201509798885
1000,AHXEK642UJNWCB3LIGZZAKTONXQQ,130,99,False,0.4319635455635093,0.6474901158931503
1000,AGKCPEL4BVM2GGWLPE6I7NQRGCVQ,117,99,False,0.4784593272861967,0.6883308860890615
1000,AH2SMIKK7I7T5U4AVBUQBIWP5V3Q,571,99,False,0.4757376939981965,0.6877911400631139
1000,AGNG4NHSBORIRTXIYJTSXQ4WE75A,149,99,False,0.47770326766340643,0.6896758337435981
1000,AGSPAJOHXDUYYHNJMRB2CTU7LBAQ,332,99,False,0.4435006327576887,0.655589400267226
1000,AEEYDDE6RPPR5KIY2U2ZJBC5NS4A,230,99,False,0.4753954086271221,0.6830535431127375
1000,AHSCNOTMQI2WQ4YUTXSOBJ3OFG7Q,348,91,True,0.47243583468542305,0.6855678700729897
1000,AHEE76NDKZZRDPTCUKAVHI4OF6ZA,128,93,True,0.46258709215643545,0.6776345323678595
1000,AGYGB42MVBQ4X2XNEX45VHJD7GOA,159,99,False,0.4764045608767136,0.689793573044952
1000,AFMTB6XAI3YBCJVTOGKOFJU3LUOQ,565,95,True,0.5403736313381063,0.7467477032458347
1000,AHE2JHVJEQAFTJVE5RWEYBYJQUBQ,107,99,False,0.4685140004360422,0.6737814155559045
1000,AF6UTAVRR3K743WXQGBER7HSAAPQ,228,99,False,0.4572268036566717,0.6706427522501504
1000,AESXPFPYKPBWD4SLCAZRXX22GEZA,103,97,True,0.4574756863106821,0.6678441571567624
1000,AEJY24XTMIMXD5G7KDKFUTUJSGYQ,104,98,True,0.4719961561339521,0.6823061813890885
1000,AHGDVTFSAAIENYAIAZWJG427I3EA,838,99,False,0.4672495017125582,0.6782827218002226
1000,AEXP2IBYPZQKMOVKNYX53XVBX5BA,1095,99,False,0.4444856774583575,0.6602095184362285
1000,AFJQ4OBA4ZV7PHBJQNERUVN7UZOA,235,99,False,0.46464922581253476,0.6717049073974161
1000,AF6BAP7PONMFFA5LTZZY7SN6ANDA,903,99,False,0.41455005932031946,0.6307008348574702
1000,AF53ZKFWQ3BC2EXJ6FP5WIIN2MCA,116,99,False,0.47145008701860175,0.6802734146164416
1000,AF6R73E4HU27CLJXSTF6BBCEENRA,102,99,False,0.4442092618934171,0.6572500711026308
1000,AGH3O5QKKBVBNPHPAP6DQ63HBYKQ,122,99,False,0.4456632614730624,0.6660151335032941
1000,AEEX3WVJK5TGMRJ43V7IOI63JOFA,134,99,False,0.47995926765229624,0.6938142297540515
1000,AESVJJ7VSHXGXUARIQSRC5UM3XVA,138,92,True,0.48287820776012763,0.6987050579958615
1000,AFFDJZ6EHOAFLE7WS4GZMLMIWMRA,243,99,False,0.44353705920043157,0.66056484835427
1000,AFRANYYHRL3ZMJ4F5GAGDECQ5GNQ,164,69,True,0.5944393614977992,0.8105199765178399
1000,AH736FR3FOS2Y64G5QQQ6JPPKAUA,177,99,False,0.42274583010068467,0.6384865531727075
1000,AGH2BA6TQ43WVJL2HXW53TOBIWPA,434,99,False,0.4122758469726549,0.6300747303280584
1000,AGU7C7CZA56W7C3PML6C6TD2SRFA,145,99,False,0.45919581217627153,0.6752318845597827
1000,AE4PDGC7A45A4KDP6EMY47BGECNA,147,99,False,0.441877049163088,0.6598592162385811
1000,AGXO3CPYK7TUTKH4BTVJD2DX43HQ,218,79,True,0.5206341697937208,0.7461757773364155
1000,AHWLCORU3EXTEQERFU5MOBF63CTA,102,99,False,0.45183170036055115,0.6680315603085759
1000,AERLC2UDULN7N5FQATSWDM2U4JTA,104,99,False,0.44102735330355525,0.6555182605018173
1000,AGLNOSRFRMEFOJA5DIGMB2PTCOUQ,161,99,False,0.48519953314591496,0.6954757704572797
1000,AHAVFW4GL3ZT2A6PDDDJSJJ5GY5A,129,99,False,0.4550960113605323,0.6675102937933476
1000,AFBOBB3SZOCXMTKKE23BWHDCJCGQ,111,99,False,0.4583107927744817,0.6694465426923646
1000,AHKIOQRM2H4FEMS5PI7J5RMPJKQA,217,99,False,0.4616937752348046,0.6743335711445824
1000,AF4DRNWYQUORJOPAVYG7FNYK236A,124,99,False,0.4893531757289264,0.6978963582924574
1000,AHMVNNNXFUDT7MLQ4F7HNC66LTDQ,121,99,False,0.44809082233784525,0.6621193006341578
1000,AFXQNE3PUIC6FOZ7WFZZ757LE74Q,175,99,False,0.45555597816606447,0.6737307221181823
1000,AFYYHK3HLOWUENSICGSRAAEW7P4A,116,99,False,0.4523224789313443,0.6711816807663818
1000,AE5HNX5HIVHJH734GBQBRKUMGYTQ,238,99,False,0.43526782382125256,0.6511470169816751
1000,AEC4YXC4GCBMXC2KGNFZ4EYPRT5A,131,99,False,0.4790694099225144,0.6873116153456956
1000,AGVQDS3VL7L4TVNVITE7AJOANDTA,177,95,True,0.5207294555179431,0.7291613817184615
1000,AGGPU5K56BKAGOFDVYZ7MZT5CCLQ,177,99,False,0.4537783971717643,0.6657344252288142
1000,AGE75E7SSHUQMNWXOCMOELFIFO3Q,101,99,False,0.4367042035949416,0.6600499078530034
1000,AGXBLKRDWSQC22LUPEBX5SIOQVWA,112,99,False,0.4699408377066716,0.6828056794553868
1000,AFLSHORZNVM6GIFFISRTSRNYTOMA,413,99,False,0.4413097776536859,0.6521852083764935
1000,AHG5KKQMMZJA46LDH73IZ4QUHYXA,114,99,False,0.463674840082946,0.6720837677234621
1000,AEK3Q3YE25YBBW4NBUGXY3LP3JEA,115,99,False,0.48291496567348136,0.6913192837407497
1000,AFVTHPT46GLPZLSL64FJFXT2535A,105,83,True,0.5333633306617539,0.7542382602193588
1000,AGVBR47VU2BE4EVWFAXOO26SOWSA,207,90,True,0.4992022866779141,0.7167552296464014
1000,AH7RZZ47LJVL4ASHAYKVR5DZCTGQ,215,99,False,0.45535836589029594,0.6704057850827317
1000,AE7QX327FYG2YS4OL27GBQABRRDQ,404,98,True,0.46754790344517944,0.6787454017584218
1000,AGFEBWDIGOPA2I5RFLYVRSTBXG7Q,235,99,False,0.4613792449130497,0.678002320314735
1000,AHDNIUCTSZAY4XEMCN3QKD6NHY4Q,214,93,True,0.5207695338264312,0.7256857243773924
1000,AETFLSAWXIVQSX4A7T52JGEH5Q2Q,104,99,False,0.4389787076350666,0.6603867793639844
1000,AF4E3NZ5US36XUBBPFET6A66OG3A,141,95,True,0.5172091793181394,0.7202230538783186
1000,AHQMCHVUHJFWMNDCPM5VNJRY7LDA,167,99,False,0.4604563703435364,0.6722198048294756
1000,AGUQ2BPQ2A4H2QKDVJWK6X6MVBLA,152,99,False,0.47658346959325903,0.6808197681711998
1000,AFVP6OSQJHBZCGMJFIRKZANPJ6EQ,136,99,False,0.45225164337893775,0.6696954522060807
1000,AGKEOE2JIWVWT6UZEVBCKLACJSYA,106,97,True,0.46260894793666346,0.6786887917155593
1000,AHBXTSYI3ZKDKTL7IRBFGNSNR5YQ,473,98,True,0.46588867016280744,0.6887092989365331
1000,AFR6N2JHAAWJLI5EJFQDENFMVVAQ,356,99,False,0.4454913392865213,0.6661571710722645
1000,AEC2DODDROD5WJYCPVYLTZSQY5HA,105,99,False,0.46341947771109504,0.6796766931834498
1000,AH3SKZJFV5YLTSKRJLMWP5BVEKNA,246,90,True,0.5675971821709039,0.7656796871091481
1000,AGPM5O2RFTK3SWT5WTNXPVF62WJQ,129,99,False,0.4273468117781476,0.644020949843136
1000,AHRXKSDZJOYVZC4CXU75S5TKFOWQ,123,99,False,0.46906863600469517,0.6815304079255021
1000,AEOSCZNS3P5OOCDISARS5TVRFVYA,101,99,False,0.46034673351151945,0.6725759749997869
1000,AEH6WQXNWZQA3ZL4T4LMXZ4OGW4A,140,99,False,0.4496040516035696,0.6684811120459228
1000,AFDM5JSC54MIFFQ36LONQJMWI3XQ,113,99,False,0.4372366208976148,0.6527122827071224
1000,AHESUURQOOLW6WCO5JVH34XXQ4VQ,141,93,True,0.4758469905970561,0.6924939728762699
1000,AHC4UURWTZDM66EK3QASG2PNSFPQ,228,99,False,0.4656124491904559,0.6776786009616944
1000,AEAYK5TRLFC5J5MMW2VZ5UOVYJUA,346,99,False,0.4563369141059055,0.6741986003592513
1000,AH4FRDTACKPAOGZSRJWE5O7BSA3Q,147,99,False,0.4718505864170249,0.685935755374571
1000,AGFVNGZJ4XEFX2ULJNDCWJYRHQVA,212,98,True,0.48500483647783044,0.697868957768294
1000,AF35KUQK45LLCSVCNP7SWL7THESA,109,73,True,0.5506112125201941,0.7754276843484829
1000,AGTPYYIF2KZYACAGPMFRIBTACMSQ,100,99,False,0.4595073135382319,0.6693917893052713
1000,AERA2QF2GEAJIAHJVKPK5DQHB7AA,104,89,True,0.5069071776740012,0.727189325869411
1000,AHFT6NAJRZVRAUKTORFBSQNEVZ7A,109,99,False,0.4589796477362188,0.6784986607226015
1000,AG2VTFCAKUE6KZH72G523COQVUOA,186,92,True,0.4874135693554062,0.7007394293272242
1000,AGOTQJS3QBTH2PNPRLVQSQ4ZVPSA,297,98,True,0.47828719517698676,0.6926177066933065
1000,AE4YA7ZSIYTFM2JSMNXZMBJ4A2VA,187,99,False,0.4341385512252478,0.6542670183190498
1000,AEN6VLVSAZEINQOVKNFAL6IG65OA,112,92,True,0.53453746533882,0.7464344116698507
